Timestamp,Temp,Humidity,Sound
2024-01-01 00:00:00,27.02571160470948,47.76412065290842,44.07474989142303
2024-01-01 00:00:00,25.04612037618326,42.02170900978945,41.31791529264268
2024-01-01 00:00:00,25.970128582146096,48.0716424199036,37.56066605703437
2024-01-01 01:00:00,24.18410327709581,53.92340071850433,52.16480187883894
2024-01-01 01:00:00,25.66848569626031,51.19018276868194,50.16625082914175
2024-01-01 01:00:00,24.38155892582329,47.75425542885744,44.93271136038188
2024-01-01 02:00:00,24.468516181906605,58.11319816817621,48.09582730683468
2024-01-01 02:00:00,24.089317046136788,45.30860478658008,46.30975533756236
2024-01-01 02:00:00,20.730688795602745,52.29867214160589,42.78735376037344
2024-01-01 03:00:00,23.425094203495444,53.05031296382677,41.934151133617135
2024-01-01 03:00:00,25.121796695847024,56.919384558842125,48.94818984081051
2024-01-01 03:00:00,25.079771680759897,50.7908917053109,38.79824000734408
2024-01-01 04:00:00,22.932697243097603,52.8885356238288,46.95825678246527
2024-01-01 04:00:00,25.18227108370644,51.73207308849727,54.64441972706271
2024-01-01 04:00:00,25.90741901613389,51.001782700774605,35.94055758378244
2024-01-01 05:00:00,24.99825256594841,61.54556075621476,46.12442377196267
2024-01-01 05:00:00,26.20400177257264,43.8369227266023,42.21738774858824
2024-01-01 05:00:00,26.859628996961515,53.188856116825946,44.13581597591713
2024-01-01 06:00:00,23.7715138224868,47.84544528513179,47.41746888659755
2024-01-01 06:00:00,23.26051953182677,44.16113429823774,54.7077849287671
2024-01-01 06:00:00,23.91611921118376,51.13691984870552,46.72763267985937
2024-01-01 07:00:00,24.56782908926442,51.81361141001623,37.30369682731974
2024-01-01 07:00:00,22.639740628873284,45.542747423574056,32.88460852240104
2024-01-01 07:00:00,19.92510303714169,44.31088142602052,45.33437052409445
2024-01-01 08:00:00,26.174601947263284,47.88527034047688,44.04094207248276
2024-01-01 08:00:00,23.482868498968468,44.02024843330762,47.26972216989703
2024-01-01 08:00:00,24.558699739617804,53.71546554858476,47.901136270521214
2024-01-01 09:00:00,22.373519613067884,53.574299329501805,44.34032630787963
2024-01-01 09:00:00,25.156839822296828,47.04124790721669,47.82044315004028
2024-01-01 09:00:00,27.36318848504063,54.21137351147218,35.33268345163937
2024-01-01 10:00:00,26.6693455787146,52.67175291043836,47.16013650778478
2024-01-01 10:00:00,22.18237010547316,48.301979178098286,35.39849139594401
2024-01-01 10:00:00,22.10675933404492,45.78433259632794,45.98705822350044
2024-01-01 11:00:00,23.322117356425224,49.1878047666494,47.30372281999976
2024-01-01 11:00:00,26.199720908595943,47.697694678824014,41.9810825263669
2024-01-01 11:00:00,24.68421843598346,47.250049212092335,45.6174168604054
2024-01-01 12:00:00,22.922509934127387,44.31736811901911,49.31864720718019
2024-01-01 12:00:00,25.188379679364825,55.69266438596026,46.3773985960224
2024-01-01 12:00:00,25.73566928376025,49.08802439892008,50.24413451810467
2024-01-01 13:00:00,25.181143512503624,44.64848817720832,45.67007620650193
2024-01-01 13:00:00,22.30414692789919,52.04929036960703,44.69082335846525
2024-01-01 13:00:00,23.108959810741805,58.87902968561844,43.14323970123372
2024-01-01 14:00:00,22.192144670965856,45.414461433404895,43.34127201844351
2024-01-01 14:00:00,25.54716403063504,40.690505181813705,39.42324400210988
2024-01-01 14:00:00,24.088570311626345,42.27589245191541,46.359946274662285
2024-01-01 15:00:00,22.76153531758215,49.58199313841836,42.70694442542364
2024-01-01 15:00:00,24.211949717498687,54.9580312810072,48.95923625496943
2024-01-01 15:00:00,24.983375960052,44.20453322827838,46.492638579105616
2024-01-01 16:00:00,23.084022144878,48.6532999698472,51.77854152150903
2024-01-01 16:00:00,22.835385928072355,51.02018150208645,35.71568226455551
2024-01-01 16:00:00,20.170515274436344,39.50566818882001,38.2458957759782
2024-01-01 17:00:00,19.02300422984046,44.75245341630893,40.09682267018913
2024-01-01 17:00:00,21.75158315338412,50.56500324285596,37.23178361017759
2024-01-01 17:00:00,25.794894488034345,42.965766010132285,56.87881430400064
2024-01-01 18:00:00,28.174089109430525,50.34798862602906,51.913955181112
2024-01-01 18:00:00,22.679493678167493,47.77775882129605,43.53580869056647
2024-01-01 18:00:00,23.7145330863478,47.927363291182935,46.069994679075286
2024-01-01 19:00:00,25.32045636323573,52.27089879236156,44.50492656795535
2024-01-01 19:00:00,25.8674964821239,48.60235248525739,42.19665808209911
2024-01-01 19:00:00,23.622773018001403,48.544792132737655,39.99453239288392
2024-01-01 20:00:00,24.590202449290366,57.99948716677482,54.75344116376147
2024-01-01 20:00:00,23.528061261528435,46.53841725560265,41.74489147889207
2024-01-01 20:00:00,22.181105325743783,50.90214503295847,35.21226554217944
2024-01-01 21:00:00,23.75845022879925,51.62596935974517,43.45813353202101
2024-01-01 21:00:00,28.784315353287734,60.73594073328759,44.159176705632426
2024-01-01 21:00:00,23.109361581613,50.45517208918581,40.468486552509454
2024-01-01 22:00:00,21.2937456060416,53.93940411363284,45.42594711780532
2024-01-01 22:00:00,25.68042958189675,49.72840992525294,47.6589060791284
2024-01-01 22:00:00,23.183507521387863,61.24012003354044,36.47100326765793
2024-01-01 23:00:00,22.52796745979191,46.181802924186464,44.76482443705102
2024-01-01 23:00:00,25.26354726956328,41.71946109079112,44.703059040613205
2024-01-01 23:00:00,23.672968584461035,55.85195961278389,51.28790192257616
2024-01-02 00:00:00,25.58817801466779,52.7491883935219,50.78073264557833
2024-01-02 00:00:00,21.980190304800043,49.83999452748634,40.96096211998926
2024-01-02 00:00:00,20.72765970131088,57.50538920230012,40.66712153619221
2024-01-02 01:00:00,24.32995708436305,50.362812460434974,46.06456266116344
2024-01-02 01:00:00,24.979959574431792,50.17371923931923,44.436615814264535
2024-01-02 01:00:00,26.833102503914844,49.74369519208374,47.90119770631161
2024-01-02 02:00:00,25.158386349953293,46.880534008939975,53.26450143601633
2024-01-02 02:00:00,23.556474654869756,45.04936383613513,44.69996319426147
2024-01-02 02:00:00,21.699443108541026,53.728975454445965,46.88012803936996
2024-01-02 03:00:00,24.569228630979914,52.68789274742431,47.67386214813924
2024-01-02 03:00:00,26.251269293842544,56.3886967527753,51.02205926630411
2024-01-02 03:00:00,25.13637106551562,50.55961649589023,44.23969605254321
2024-01-02 04:00:00,23.470353456293783,54.00991165792045,44.46977144095116
2024-01-02 04:00:00,26.07018608976768,51.34309594891334,48.72348104581352
2024-01-02 04:00:00,21.74128679315884,47.56676909447624,40.00197216813186
2024-01-02 05:00:00,29.829147967761955,46.25461979139929,49.34036533556363
2024-01-02 05:00:00,25.24443186020717,44.37579431628411,40.36585154278941
2024-01-02 05:00:00,26.108980666918875,39.050576660218056,45.43994773961501
2024-01-02 06:00:00,23.82061105512651,52.31477680559326,43.14312149229789
2024-01-02 06:00:00,24.47733969328785,33.97110266617417,51.18581276657355
2024-01-02 06:00:00,23.61161738868941,54.68659219998766,43.38323457164824
2024-01-02 07:00:00,22.78962975627897,46.263679927412575,40.49326702146584
2024-01-02 07:00:00,28.92254874541468,47.32527169169008,42.751046637609726
2024-01-02 07:00:00,23.069005996508,48.44208705615655,42.40684919957222
2024-01-02 08:00:00,27.24504526947986,53.03468508295802,41.17457345524879
2024-01-02 08:00:00,26.571610491874427,54.57963055277544,42.19700754239093
2024-01-02 08:00:00,24.447261100105408,45.798187410347175,40.00460586832472
2024-01-02 09:00:00,22.524365624887835,58.60278661434111,46.74385907489967
2024-01-02 09:00:00,22.84957702167402,52.03495021656512,41.28058613718071
2024-01-02 09:00:00,23.077680013136547,49.00059329301212,49.48161651460977
2024-01-02 10:00:00,20.7563030736109,50.33333353126232,43.62707632500203
2024-01-02 10:00:00,24.855501502405705,49.29313739766864,44.53293675802899
2024-01-02 10:00:00,22.56806110038198,58.160570953762864,42.67888028725628
2024-01-02 11:00:00,25.48410525464986,47.81847497625332,45.4779520933781
2024-01-02 11:00:00,24.47190086395269,49.15012554198203,44.81059174183383
2024-01-02 11:00:00,24.696226836044158,50.76115741891627,48.80244332267028
2024-01-02 12:00:00,23.074515693351024,48.965777457663066,48.00535802488879
2024-01-02 12:00:00,23.966064873630344,44.84374506821664,38.747650680498126
2024-01-02 12:00:00,21.90799863346257,48.38670357336535,43.15749916156823
2024-01-02 13:00:00,23.450637288905394,55.52473935970155,42.14350562649819
2024-01-02 13:00:00,24.247277772002544,47.84447392336193,51.42344065923304
2024-01-02 13:00:00,26.828175922965848,51.51830650804858,40.50271386122391
2024-01-02 14:00:00,20.524813984824736,49.92730632335408,39.245072920616025
2024-01-02 14:00:00,23.38346678739628,55.69050010902544,49.11738901591014
2024-01-02 14:00:00,21.19250998034134,41.277010619865415,50.52400754122033
2024-01-02 15:00:00,22.69961676671607,50.430688092111474,46.22529713615225
2024-01-02 15:00:00,24.66333511724846,44.46575740295512,40.00215675258679
2024-01-02 15:00:00,22.49943556040972,56.09655888978475,48.09077864510269
2024-01-02 16:00:00,25.64645461460707,46.71856221812851,41.30613870494397
2024-01-02 16:00:00,23.899361982341265,48.78768470105887,44.22136108622193
2024-01-02 16:00:00,22.901401349311055,52.13085680181975,52.01895559099413
2024-01-02 17:00:00,24.458634271728037,52.05975003561184,40.946246404939615
2024-01-02 17:00:00,24.726073177491884,47.6567011083941,43.03290083114619
2024-01-02 17:00:00,22.68352651361716,51.41089328504593,49.856141241685975
2024-01-02 18:00:00,24.746912015799683,46.41339011040827,48.82237730525514
2024-01-02 18:00:00,21.70903358762708,46.356481469701365,33.75082160899807
2024-01-02 18:00:00,27.09282227734126,45.73920867851798,44.48889151779194
2024-01-02 19:00:00,24.68915793806368,55.4307233424599,46.35945347070147
2024-01-02 19:00:00,22.14566387754516,46.24870949648877,48.17392026805375
2024-01-02 19:00:00,23.55137786933518,50.33966924327966,49.06724446846305
2024-01-02 20:00:00,20.524239769969544,42.524886953510325,47.292564563516606
2024-01-02 20:00:00,25.235590997156145,48.56887006771422,42.08600910940231
2024-01-02 20:00:00,25.05851620521885,51.93405015241354,40.88096026619468
2024-01-02 21:00:00,26.99198603061197,57.666509109846615,43.095045890532425
2024-01-02 21:00:00,25.535351560857382,48.7131063117983,53.53516705542487
2024-01-02 21:00:00,20.526433108361672,48.53950500541865,37.59730928017705
2024-01-02 22:00:00,23.29225080861198,51.35997640459011,45.85341049001292
2024-01-02 22:00:00,22.764196292561508,47.95313368990579,55.09213052377901
2024-01-02 22:00:00,21.95980564992124,49.11800444916152,44.13035767651783
2024-01-02 23:00:00,24.74792521758052,46.36194518191805,49.88008453609965
2024-01-02 23:00:00,25.35210263537152,51.73036244665224,48.531151907362016
2024-01-02 23:00:00,23.071533153566826,57.06145795243383,39.1341294912324
2024-01-03 00:00:00,26.080310533216995,45.32441958224816,50.03012562708604
2024-01-03 00:00:00,22.66165301842403,49.576421900190894,46.16793683614152
2024-01-03 00:00:00,22.209161083386952,44.43283074575448,46.91662430395056
2024-01-03 01:00:00,23.271257523049133,51.814765283100535,34.136235555455215
2024-01-03 01:00:00,22.76783321018427,56.8699424262495,48.88159467153432
2024-01-03 01:00:00,20.44275997209203,51.09925084844992,50.72284563246059
2024-01-03 02:00:00,25.06585713993101,35.06796033310435,50.37744083578991
2024-01-03 02:00:00,24.02143211852555,46.92326502098424,41.89286426120857
2024-01-03 02:00:00,24.54984527710389,50.25587763302448,41.54318477829235
2024-01-03 03:00:00,24.733873569642093,54.25098171399289,44.43173990483818
2024-01-03 03:00:00,19.727848906923477,49.07199501513472,58.75036920457426
2024-01-03 03:00:00,20.56281402751718,53.31273078931711,36.7750392853729
2024-01-03 04:00:00,27.634229936768072,54.19360757529548,39.0150266273884
2024-01-03 04:00:00,24.47201230633657,47.29182009307806,35.53211824591449
2024-01-03 04:00:00,22.97963652943899,52.7272972310778,49.19069341239333
2024-01-03 05:00:00,25.15856694870728,52.24037243364729,34.75314507869103
2024-01-03 05:00:00,25.6374812419317,52.12318589335538,46.12072077220148
2024-01-03 05:00:00,23.49651357873908,47.86700812128722,42.17120104491307
2024-01-03 06:00:00,23.338914241938944,48.78823241224509,43.12327357997361
2024-01-03 06:00:00,20.71934086300227,53.24563901632407,48.638959605201336
2024-01-03 06:00:00,25.5658643901094,45.58168836108671,43.477417960493504
2024-01-03 07:00:00,25.130543090810605,52.15266031209695,46.23584093809997
2024-01-03 07:00:00,23.52622068029289,43.26913779232001,48.58734726824206
2024-01-03 07:00:00,21.161532374431403,43.06084928819413,49.97534395939213
2024-01-03 08:00:00,25.35283729824392,46.32978158463603,54.0345172469723
2024-01-03 08:00:00,24.60188469092149,48.22097132261008,42.72678923588076
2024-01-03 08:00:00,21.11783441709742,47.29481987287857,46.7803004879451
2024-01-03 09:00:00,25.24576164211082,50.6623907698233,44.45571239464703
2024-01-03 09:00:00,25.090508509352446,53.4033657995413,42.627365358497975
2024-01-03 09:00:00,29.62075788503779,48.16112421894092,45.62081037707403
2024-01-03 10:00:00,24.335958054337087,46.88724675655839,42.04004469477855
2024-01-03 10:00:00,25.692943596769908,45.2889061387118,46.18960512908761
2024-01-03 10:00:00,22.016396736962268,48.09411604904645,38.30556255987776
2024-01-03 11:00:00,20.04649045291205,58.776784532481166,42.61672547117976
2024-01-03 11:00:00,24.139140029954135,61.20550509112586,40.461521242676376
2024-01-03 11:00:00,21.62169283115814,65.78074085542474,48.20288785042525
2024-01-03 12:00:00,25.75380683960922,51.39210806794943,39.27167849490379
2024-01-03 12:00:00,23.667678078978764,54.347076719576826,46.0588194682974
2024-01-03 12:00:00,23.495345433164395,55.35300930426212,42.52816760416204
2024-01-03 13:00:00,26.724116324182265,47.7690495209237,57.17815303634038
2024-01-03 13:00:00,21.99780629658317,49.07174857216113,38.5821641485456
2024-01-03 13:00:00,24.114818176057625,51.39161364029656,46.40564832792739
2024-01-03 14:00:00,23.507704851915857,50.59090827263898,48.91162902072239
2024-01-03 14:00:00,23.55594043094963,54.60025941039401,42.33666299959136
2024-01-03 14:00:00,23.24375795519903,48.26432999614822,51.93420083993807
2024-01-03 15:00:00,19.33365386235089,46.32978833427696,44.99618012187611
2024-01-03 15:00:00,26.103470708005965,52.496433164525016,53.75607385080353
2024-01-03 15:00:00,26.354472819916456,51.43737991102946,48.11265413633281
2024-01-03 16:00:00,22.002150636740858,48.97102293358519,49.84338033716432
2024-01-03 16:00:00,21.11701992347618,47.40370709719918,47.80341734707245
2024-01-03 16:00:00,22.990291016289653,45.44650079327997,46.600626441576765
2024-01-03 17:00:00,23.99871244875716,51.7842032799821,38.16143334050089
2024-01-03 17:00:00,26.63767432250428,53.45225054850128,38.878755131874
2024-01-03 17:00:00,23.24209090654581,42.2475112689726,41.99057656032536
2024-01-03 18:00:00,22.92635069752417,58.43901027421808,43.33397117516121
2024-01-03 18:00:00,23.11848659695155,52.51762754195522,40.91898402729157
2024-01-03 18:00:00,27.40086945356825,55.40879794273415,50.750504668421776
2024-01-03 19:00:00,23.38322268706102,44.559961212729,59.03092418194713
2024-01-03 19:00:00,25.92723208153867,56.920370357844654,50.48302696437671
2024-01-03 19:00:00,22.41763464767508,45.47927320783941,42.74318525398166
2024-01-03 20:00:00,23.095623616972546,48.0837527857593,49.84696128081588
2024-01-03 20:00:00,26.45472911205919,55.06889619049496,45.22092421061292
2024-01-03 20:00:00,17.58022541252318,48.25575662933145,41.87275447175901
2024-01-03 21:00:00,26.089751075596517,55.63344169939334,45.38242497990163
2024-01-03 21:00:00,22.08749374771068,50.47497651041151,43.20245881329045
2024-01-03 21:00:00,25.93966612647632,56.67766319593107,47.25255145131635
2024-01-03 22:00:00,25.34409131791732,47.97512243017577,44.26605978574914
2024-01-03 22:00:00,26.11638133674596,42.53293535790424,49.5450102757941
2024-01-03 22:00:00,25.053246103678013,53.4172755646741,41.41651282024068
2024-01-03 23:00:00,25.8119956599295,43.24830884813188,39.64929834099655
2024-01-03 23:00:00,28.549218107591837,53.88663895605274,58.57270674366028
2024-01-03 23:00:00,25.850148159835804,47.500386222548514,43.2798852955574
2024-01-04 00:00:00,25.782856803519127,53.85769607663551,47.84929988088884
2024-01-04 00:00:00,24.242499485571933,48.586376436046685,47.61876474776734
2024-01-04 00:00:00,25.899892816364652,46.19662940064183,38.88277369436182
2024-01-04 01:00:00,21.731198490580024,51.26140481058547,42.109510670751874
2024-01-04 01:00:00,22.60773785261626,51.34806395283733,48.42197344117927
2024-01-04 01:00:00,25.142544792261983,55.70352630817463,40.59400194609513
2024-01-04 02:00:00,21.62454671552995,49.20065360362486,39.26106779490724
2024-01-04 02:00:00,26.70401006521898,54.92958237918678,39.98309399128728
2024-01-04 02:00:00,25.73485236515997,55.73713950557335,43.983484116980186
2024-01-04 03:00:00,23.101498827006544,51.31322555204305,43.28771000926037
2024-01-04 03:00:00,28.0598913303156,43.02728797967619,43.314645200063296
2024-01-04 03:00:00,23.846335766092057,50.44820592445626,44.71307419800858
2024-01-04 04:00:00,26.090272561981877,42.89306012918501,41.99806653105402
2024-01-04 04:00:00,24.850809294966293,45.970675565029445,46.38755506558957
2024-01-04 04:00:00,24.54922842925208,46.11368585896322,52.21013339533612
2024-01-04 05:00:00,23.48029430132849,48.46793334082761,51.46140059899599
2024-01-04 05:00:00,22.015141059354495,55.36136091051892,46.02812355038645
2024-01-04 05:00:00,24.728333577753062,56.42133174679422,39.12645414212396
2024-01-04 06:00:00,24.07139570386856,53.16916507000128,42.94186361131209
2024-01-04 06:00:00,24.078465259471425,53.50682296155745,47.45973193093711
2024-01-04 06:00:00,24.100065481660494,48.62619142124842,39.85498736398544
2024-01-04 07:00:00,21.22900674363494,48.76599871104158,36.2870877447336
2024-01-04 07:00:00,24.91202374751173,54.85893808153478,50.40622679200882
2024-01-04 07:00:00,24.75021681396911,41.46060406080481,36.97310126061252
2024-01-04 08:00:00,20.609466650300806,51.56180967344876,42.64631298009099
2024-01-04 08:00:00,25.41750867800636,54.23260614133588,38.41285189320815
2024-01-04 08:00:00,23.014675434145538,48.58060951605084,45.60123570638239
2024-01-04 09:00:00,24.45492111980181,46.6830646249261,43.42027318498697
2024-01-04 09:00:00,20.029581751967108,56.501576301564725,45.9185078469176
2024-01-04 09:00:00,22.40013285041532,48.0191161699923,39.97225521908393
2024-01-04 10:00:00,24.40879747558429,49.184910072474096,49.49907614033176
2024-01-04 10:00:00,26.146369323058376,52.46052631420174,41.078861260895046
2024-01-04 10:00:00,25.86379790926408,56.8279751234566,46.914162404411385
2024-01-04 11:00:00,24.333488429076947,48.32094436737369,52.6795136411834
2024-01-04 11:00:00,22.802217162231774,57.31773151608152,45.278254240245154
2024-01-04 11:00:00,29.11792778604241,60.582081439083375,47.87658384308706
2024-01-04 12:00:00,23.99987075503173,52.27292009799736,41.45197862741954
2024-01-04 12:00:00,23.324613623283057,47.61623186070163,42.32781981996491
2024-01-04 12:00:00,26.1239253161275,49.07372909609828,46.9692272082711
2024-01-04 13:00:00,24.892454626445755,52.19499134357266,34.46329172399386
2024-01-04 13:00:00,21.617126700579647,52.51584735194991,45.48566614477721
2024-01-04 13:00:00,21.47433684060091,54.76243665007547,46.11397745290081
2024-01-04 14:00:00,18.581872457216424,54.575833731545714,38.19107522509228
2024-01-04 14:00:00,22.75603173513223,53.95970522075287,42.60320576161657
2024-01-04 14:00:00,25.437041202092043,51.65591119496307,38.12719343750293
2024-01-04 15:00:00,21.943528873404247,50.35005349715056,47.95831872502423
2024-01-04 15:00:00,24.89398433711149,43.53676272853807,44.53430825711502
2024-01-04 15:00:00,26.96698448027844,54.38055216551687,45.62901659380044
2024-01-04 16:00:00,22.97884661343325,58.79327729021738,34.77991743723932
2024-01-04 16:00:00,24.73879724553329,49.574243702602985,44.2666168838984
2024-01-04 16:00:00,24.065546030470088,51.06104061398031,44.759234067741936
2024-01-04 17:00:00,24.212556611869186,55.84368282977059,55.073211791758645
2024-01-04 17:00:00,24.43880787525319,44.13199153948594,40.4898919092398
2024-01-04 17:00:00,24.80039830112624,51.18162960663738,43.0934661024676
2024-01-04 18:00:00,28.266692486737853,53.04284100760984,46.39803492054019
2024-01-04 18:00:00,23.06789437711872,54.215403616161794,45.48181207890207
2024-01-04 18:00:00,26.083260174889425,46.19228619286405,45.27828328130215
2024-01-04 19:00:00,21.2171596616685,57.138686342508414,42.9439610995362
2024-01-04 19:00:00,25.456296501267744,62.94081552174346,41.221382730831145
2024-01-04 19:00:00,25.66008099597316,49.13522137475574,38.5921539664092
2024-01-04 20:00:00,23.758524809553403,52.36720144514107,54.75506724450813
2024-01-04 20:00:00,23.107125057015317,53.81421840089648,48.280302387373794
2024-01-04 20:00:00,24.08916931843631,51.17354683542618,52.79374461869416
2024-01-04 21:00:00,23.043938264324574,43.80713770148099,41.97302517556707
2024-01-04 21:00:00,23.214739144280525,44.93477186446608,52.27926486265277
2024-01-04 21:00:00,23.135022585595404,46.21818184203705,47.68977158547484
2024-01-04 22:00:00,20.20995801218107,38.60572915089145,51.69186395614507
2024-01-04 22:00:00,26.76080864417144,47.03269808572743,44.18030663792333
2024-01-04 22:00:00,24.53493251274091,48.67853725823393,49.64141389631973
2024-01-04 23:00:00,19.34924469974021,50.435079008669945,45.020777214877874
2024-01-04 23:00:00,22.40718188297317,40.37214976830728,48.204580317245146
2024-01-04 23:00:00,26.478680181825357,49.20201538229638,42.43298113999809
2024-01-05 00:00:00,23.96152479333394,54.68962143543062,38.60891182608008
2024-01-05 00:00:00,22.597420288559828,52.66521122675906,43.12903104447266
2024-01-05 00:00:00,23.12665845615553,55.8869686265115,37.22144557649572
2024-01-05 01:00:00,26.8482740776956,44.515667755503294,40.09996379957418
2024-01-05 01:00:00,23.766864602354747,45.025340658334095,33.34504558646634
2024-01-05 01:00:00,25.899704662022756,45.50906990316105,47.76166775661301
2024-01-05 02:00:00,21.98925608427649,50.16178822437603,49.00912795833494
2024-01-05 02:00:00,23.94649380393889,49.87190455362949,44.69762820362379
2024-01-05 02:00:00,22.97754818944245,51.83630878579692,50.11587391778544
2024-01-05 03:00:00,26.65893497013339,57.13597493111214,31.209849587578734
2024-01-05 03:00:00,21.914585996242604,43.98192255706397,46.8913135042526
2024-01-05 03:00:00,26.66878616779394,54.26930328293708,50.43624721087032
2024-01-05 04:00:00,24.61050586439882,42.126894628954936,43.80529855507514
2024-01-05 04:00:00,24.994989738573963,45.850623793127,49.79808376759699
2024-01-05 04:00:00,20.36884960649918,56.18578269308581,46.89203817672489
2024-01-05 05:00:00,24.38321395169993,43.13714926582148,45.517518451705214
2024-01-05 05:00:00,21.09059615437072,40.465934569340426,43.92337729499307
2024-01-05 05:00:00,23.555816318372333,46.5089306100976,45.00677663653325
2024-01-05 06:00:00,24.12164340977467,44.065192968422735,48.66886164416553
2024-01-05 06:00:00,23.327921568756736,53.30147516262815,49.13788641933165
2024-01-05 06:00:00,25.312580684150213,50.0890012642883,32.15861907557059
2024-01-05 07:00:00,25.61172046520435,46.55858117370866,49.36840899153906
2024-01-05 07:00:00,25.140333308509582,44.61628667950595,45.50177757473677
2024-01-05 07:00:00,21.703181744273422,51.81522229295356,39.17453578876069
2024-01-05 08:00:00,21.989288836380545,53.49257918304624,41.32874685075339
2024-01-05 08:00:00,24.490514271476236,55.31207005647622,47.07664361600185
2024-01-05 08:00:00,23.935061341767824,47.54982722425929,53.941676829821695
2024-01-05 09:00:00,26.000593593167725,46.67700879116407,49.0680080248148
2024-01-05 09:00:00,23.06495352177908,53.23321970666367,43.69414652903089
2024-01-05 09:00:00,25.3168021367267,41.45004463848688,35.04094447435835
2024-01-05 10:00:00,27.41157300771404,48.34229179596413,47.02179795988624
2024-01-05 10:00:00,21.627137675400547,51.77640801865135,49.126749888215166
2024-01-05 10:00:00,23.742939123801257,48.58837466675887,41.38563533698569
2024-01-05 11:00:00,24.411959380575983,54.79835720486484,48.025784100198784
2024-01-05 11:00:00,21.955170985401587,57.41611942497616,43.660720512096994
2024-01-05 11:00:00,26.447294676880556,46.10993504293338,54.09160001391953
2024-01-05 12:00:00,25.67143007408325,42.60135629363341,53.913079799258455
2024-01-05 12:00:00,25.7665240194481,56.94889692941958,44.19287227398749
2024-01-05 12:00:00,22.23916774668197,42.91029208208731,49.22710989212338
2024-01-05 13:00:00,23.84747858946635,53.6477030285529,49.22832595699116
2024-01-05 13:00:00,27.095691815272552,56.21974744986748,49.77062915854434
2024-01-05 13:00:00,23.27321229637636,46.69583724675233,47.89700189781336
2024-01-05 14:00:00,27.28991082885714,42.47990589970744,55.94462949086059
2024-01-05 14:00:00,24.0785051613766,50.508878752362655,48.41115007860036
2024-01-05 14:00:00,25.94486889153909,49.34431764007925,44.689311845660825
2024-01-05 15:00:00,25.24541922598964,59.63038351072096,47.38664369703748
2024-01-05 15:00:00,27.804032032001277,56.22251906952018,44.95453988094973
2024-01-05 15:00:00,20.83957546271013,53.5667372521342,46.7442814173362
2024-01-05 16:00:00,24.7332367620524,51.571077748153925,49.7581854161278
2024-01-05 16:00:00,22.208182811727152,56.34190789382605,45.14390265912859
2024-01-05 16:00:00,24.722710984143514,48.42421295852571,33.0737894375753
2024-01-05 17:00:00,21.98417088803135,53.41064488434181,33.645953136013844
2024-01-05 17:00:00,22.53504284173885,51.513829102139205,36.46874099345287
2024-01-05 17:00:00,21.818882166514804,54.929909787678,43.87681149632232
2024-01-05 18:00:00,22.91764645345672,57.65645854766699,47.17976221870387
2024-01-05 18:00:00,22.03303560474129,57.52111886003289,41.049732061550245
2024-01-05 18:00:00,26.02955798219593,60.39809855849049,48.14998989426135
2024-01-05 19:00:00,25.51593821690004,50.13266817504018,32.131404710033024
2024-01-05 19:00:00,19.48726709911516,42.1277285256155,49.65103341169396
2024-01-05 19:00:00,18.865991908652383,43.66326330658478,44.97992224420087
2024-01-05 20:00:00,22.399606231686068,60.94284257966446,53.365533232604406
2024-01-05 20:00:00,24.008350664108534,52.84139493697273,42.715245641140015
2024-01-05 20:00:00,21.203896703976607,54.926432108238096,48.69111311954512
2024-01-05 21:00:00,22.828945710441577,45.21328366283869,46.35015883230951
2024-01-05 21:00:00,26.79120450621177,56.48141587424942,44.63091034889607
2024-01-05 21:00:00,21.818360629451284,48.15172312686216,41.83939627514327
2024-01-05 22:00:00,23.8039183702868,50.848734831914825,49.43095678997881
2024-01-05 22:00:00,23.2257899918636,49.52168997143144,47.08628181518301
2024-01-05 22:00:00,22.760354505061123,45.25085010042232,48.69091625972688
2024-01-05 23:00:00,22.92934881187311,56.86365325607581,40.55341515903275
2024-01-05 23:00:00,23.337535737809706,54.63031615951171,44.23294575997842
2024-01-05 23:00:00,27.968495006043117,50.341117388190256,49.16942661758778
2024-01-06 00:00:00,25.682900423356955,46.73514545269576,45.93763204100696
2024-01-06 00:00:00,22.970124041366248,39.642060870087946,42.53360770513469
2024-01-06 00:00:00,25.367493690619344,42.327283740398485,50.86596852678928
2024-01-06 01:00:00,18.79157805285743,53.34296136193127,46.67205748609203
2024-01-06 01:00:00,25.425863329374792,52.78928828361449,53.32001206049366
2024-01-06 01:00:00,23.456243027404007,54.75361073905656,53.00731138784805
2024-01-06 02:00:00,24.25000795992312,60.71825676578258,43.64454260295052
2024-01-06 02:00:00,21.798415223904023,51.02558864918888,46.44233938801106
2024-01-06 02:00:00,22.34086430610871,50.97675828135053,41.71150833479159
2024-01-06 03:00:00,24.79198342470489,52.749916749912586,42.90450244998685
2024-01-06 03:00:00,22.55951141012577,51.389264122470976,37.35646287174624
2024-01-06 03:00:00,23.19915928341316,51.93023771152024,46.49137699997453
2024-01-06 04:00:00,23.079042465750327,49.50900071736351,48.254807591630296
2024-01-06 04:00:00,22.51974263849655,51.81477965487118,43.77473227474492
2024-01-06 04:00:00,23.36467439943044,50.65166813822509,41.954198703664005
2024-01-06 05:00:00,26.665502212921417,49.3005810209157,53.42841145477298
2024-01-06 05:00:00,23.16626591787904,52.91361521770799,44.48524393606764
2024-01-06 05:00:00,24.35868113721267,53.91504830917153,46.58611748948217
2024-01-06 06:00:00,24.476691447740983,52.92088749472132,46.10533729781424
2024-01-06 06:00:00,21.71478635057386,46.23817508113454,48.2959338222979
2024-01-06 06:00:00,25.81460487121825,57.58368597193592,37.2201448974613
2024-01-06 07:00:00,22.918520227601388,56.45827665601108,39.20765976986764
2024-01-06 07:00:00,27.09391144066948,56.35103840384637,49.4487975582938
2024-01-06 07:00:00,23.115876853777024,50.86011334515286,44.84071653871987
2024-01-06 08:00:00,25.44883757345844,49.9596056307047,54.50491591379069
2024-01-06 08:00:00,23.96257260966056,55.36655940328534,53.13300820590744
2024-01-06 08:00:00,28.05963251915525,53.072237767818194,41.45529301312482
2024-01-06 09:00:00,25.3114393437598,43.16103251039337,35.83993374053836
2024-01-06 09:00:00,22.91171058784269,50.17808200120894,43.68474338687715
2024-01-06 09:00:00,25.21370797710328,45.73613076882114,39.764275259528
2024-01-06 10:00:00,27.12595254798775,60.56050979787564,41.69058914351477
2024-01-06 10:00:00,26.19203419378756,46.423725555237226,49.59863592914363
2024-01-06 10:00:00,23.655660018890963,48.02586541662883,43.77991215404903
2024-01-06 11:00:00,22.17630661114461,56.351231742039296,44.11735464674338
2024-01-06 11:00:00,24.77711722977209,48.89805320263362,48.882225188265885
2024-01-06 11:00:00,26.206620373051084,55.29260776933962,45.92242079563621
2024-01-06 12:00:00,21.687581792373223,43.02395166068238,49.919857824786696
2024-01-06 12:00:00,26.95621085540504,49.96884465775391,44.974010838720346
2024-01-06 12:00:00,21.185518812635884,49.36413918538034,37.38106423709395
2024-01-06 13:00:00,24.31421196977688,56.268010349759926,51.41791023293867
2024-01-06 13:00:00,25.536424716630528,46.83215618529744,44.674046837301326
2024-01-06 13:00:00,25.588458674852117,56.25403985319176,37.05963153970961
2024-01-06 14:00:00,21.36629851041341,56.60363249364995,44.06143230004455
2024-01-06 14:00:00,25.93105600893577,52.272063552538825,38.46360752335782
2024-01-06 14:00:00,24.253345650183693,49.59705937921371,42.91810192356014
2024-01-06 15:00:00,24.29612383648612,50.37096114547728,49.34011287685525
2024-01-06 15:00:00,24.91399189087036,52.171877652435086,43.72938145050007
2024-01-06 15:00:00,23.28136937222843,49.78714831456426,39.35156578782039
2024-01-06 16:00:00,24.191544512756977,56.98775916687936,41.25965570275655
2024-01-06 16:00:00,25.710564781886013,40.41934009361354,50.78352204405317
2024-01-06 16:00:00,24.790361971450626,43.81188827480621,46.35536145383397
2024-01-06 17:00:00,23.468540377952326,54.44063831643611,47.71178924085569
2024-01-06 17:00:00,22.21366314712885,42.819471991297206,46.220155790592365
2024-01-06 17:00:00,23.442200591018583,54.36981212815537,40.5588764554848
2024-01-06 18:00:00,27.38812155684688,50.33579147400462,52.37916588368275
2024-01-06 18:00:00,21.779582403403847,56.88000526593723,45.4996993295836
2024-01-06 18:00:00,23.85615865524933,47.45774069263653,40.59340933637999
2024-01-06 19:00:00,24.338234231054827,48.20585539502946,41.79599452504188
2024-01-06 19:00:00,22.905088603569297,50.56205519514027,42.90344742166033
2024-01-06 19:00:00,20.86139398971733,49.50056988902447,52.22400697913408
2024-01-06 20:00:00,25.42377371268108,54.02456518218165,39.6139081120813
2024-01-06 20:00:00,25.75688585265413,48.71197394212671,47.284105194851165
2024-01-06 20:00:00,25.8708382280725,51.13924444114892,43.47517735649773
2024-01-06 21:00:00,23.55126863126596,59.417208483939646,48.27627917907152
2024-01-06 21:00:00,23.422013679178747,52.54990313436529,49.89981607847192
2024-01-06 21:00:00,23.947857267871203,48.71100093973452,46.991732659553655
2024-01-06 22:00:00,21.729603378646058,56.50776501312074,45.87323819900763
2024-01-06 22:00:00,23.416206625041102,47.04455839641848,47.79676314144516
2024-01-06 22:00:00,25.736770610436068,52.96971473670637,36.20310315747568
2024-01-06 23:00:00,23.65851646704082,51.909319986186354,49.8451365130876
2024-01-06 23:00:00,21.49865331635912,46.82122062809758,41.28497397307584
2024-01-06 23:00:00,20.51019004208265,37.305477359269815,48.85129126543795
2024-01-07 00:00:00,26.11609229907925,54.97290410224058,47.14117394319292
2024-01-07 00:00:00,25.266924469268872,51.64689163077384,57.62099958268077
2024-01-07 00:00:00,23.76179837681812,47.07197597095032,39.240674236906415
2024-01-07 01:00:00,22.393955428214618,47.37557802731786,50.54335045852558
2024-01-07 01:00:00,20.15028368148847,54.51918054348869,43.16749389891251
2024-01-07 01:00:00,24.711927916170268,44.92117610822517,49.92799958638252
2024-01-07 02:00:00,24.97428660527495,46.03058851930413,41.687714912597485
2024-01-07 02:00:00,23.411163013842327,48.79304897266834,48.10304965933408
2024-01-07 02:00:00,24.659434262527903,51.4017344132666,40.5658761311683
2024-01-07 03:00:00,23.73327993895557,50.11903822452781,39.687817993370174
2024-01-07 03:00:00,24.59717164914117,48.0025491133222,45.74212634719069
2024-01-07 03:00:00,25.94146876413955,49.97731842129499,45.39965659957722
2024-01-07 04:00:00,23.13422361300455,48.860887269189725,51.10050354438859
2024-01-07 04:00:00,22.43363446148542,51.12191236343044,49.3595579976239
2024-01-07 04:00:00,20.52201128913446,39.30736932952605,49.58315716456368
2024-01-07 05:00:00,24.24200779899193,48.00827286444182,48.96616024852092
2024-01-07 05:00:00,24.521804553163783,49.02046742099863,39.52641114533285
2024-01-07 05:00:00,22.35993924964197,63.0611896053173,48.623955825589206
2024-01-07 06:00:00,25.817690123966344,54.38426681225125,48.84372118832383
2024-01-07 06:00:00,25.524786443207667,49.694278660104416,41.4459769057616
2024-01-07 06:00:00,24.00227001035377,49.48773311460778,36.00582746471778
2024-01-07 07:00:00,22.977984625721987,49.51343844589893,45.959253768701366
2024-01-07 07:00:00,22.156999496071027,58.67728754363356,35.3351393743112
2024-01-07 07:00:00,25.500410507292937,47.70849605844714,40.20752081218048
2024-01-07 08:00:00,24.174344449870844,57.4855160694749,41.67867137106218
2024-01-07 08:00:00,25.447774319743687,47.19495191304055,59.28391174436841
2024-01-07 08:00:00,24.97585483418048,49.86868359284632,47.39258278622816
2024-01-07 09:00:00,23.32873788398634,48.46027617989489,44.56727998486046
2024-01-07 09:00:00,26.40563139266305,42.24992953705868,38.62544691667305
2024-01-07 09:00:00,23.05047418582562,52.68440300257428,47.667651580045366
2024-01-07 10:00:00,20.693630779208245,47.0855527111559,37.76823005644548
2024-01-07 10:00:00,25.0267566444647,41.61393994198251,45.54211875319466
2024-01-07 10:00:00,23.02699177912705,43.01319134069005,44.18062987954522
2024-01-07 11:00:00,23.10450081177466,51.21307531831792,49.85323893267251
2024-01-07 11:00:00,22.51842503351641,53.22785617725119,37.071023742514384
2024-01-07 11:00:00,21.185043131501384,48.27625228755189,36.8042150627098
2024-01-07 12:00:00,24.320889448469604,53.97961210115218,48.23883253319744
2024-01-07 12:00:00,22.910533141155003,52.84677735597808,51.56731428976359
2024-01-07 12:00:00,24.64484329208745,48.24306653118627,44.27151915671063
2024-01-07 13:00:00,25.11010056756571,44.87462371444894,48.92547757889707
2024-01-07 13:00:00,23.61452194695317,47.39643062880931,54.12101741794751
2024-01-07 13:00:00,24.183384635955477,48.852601501560585,45.64304018328317
2024-01-07 14:00:00,19.781522709081116,40.64397792052523,42.17320277565833
2024-01-07 14:00:00,22.241978469131773,42.98024374972882,53.98674219371382
2024-01-07 14:00:00,24.122503453636558,51.78570148725498,41.09460310601029
2024-01-07 15:00:00,22.430254207430256,57.314110578920655,41.21089201198586
2024-01-07 15:00:00,23.368775227646303,53.86201572477494,44.55120263139674
2024-01-07 15:00:00,22.658645242219567,51.38901061249289,44.43088827326008
2024-01-07 16:00:00,27.670852706576603,48.967899356420766,36.02121974324948
2024-01-07 16:00:00,22.663206325482143,48.94149733409624,42.02637168446615
2024-01-07 16:00:00,20.72211914061107,55.02182112208094,46.83945478728081
2024-01-07 17:00:00,22.94050221792082,49.5446180684342,44.95821469520365
2024-01-07 17:00:00,24.49356457937704,55.86454657797304,49.33356759699748
2024-01-07 17:00:00,20.89178065620082,44.1507916141172,46.39156934392902
2024-01-07 18:00:00,24.86628357892509,47.14603363482666,38.26095473809324
2024-01-07 18:00:00,27.520219273865056,50.051375099849125,37.62620726407379
2024-01-07 18:00:00,22.222890773584584,45.31491987745109,46.444135183108045
2024-01-07 19:00:00,26.25403384698736,46.25273588018871,45.67752968729036
2024-01-07 19:00:00,25.250760357490957,48.56054904461482,39.54187174754938
2024-01-07 19:00:00,21.423790477585023,47.2624243267386,40.41805857811368
2024-01-07 20:00:00,23.694373110448414,46.95424312158905,39.05438950351433
2024-01-07 20:00:00,22.717461568806986,52.65548589984427,47.56309332213861
2024-01-07 20:00:00,26.51147470343404,59.38835988792455,35.58207484199822
2024-01-07 21:00:00,26.317164545340106,56.88960138263754,41.1758596124919
2024-01-07 21:00:00,24.60207332920447,53.47637099390557,49.41368706522566
2024-01-07 21:00:00,20.334342532559518,50.83811269116221,39.92264209740843
2024-01-07 22:00:00,22.060529793190376,52.00949893753134,47.27954748202675
2024-01-07 22:00:00,24.40170510135164,47.5950681795217,39.356049164198055
2024-01-07 22:00:00,22.762404909663,44.31515239251977,48.35549081356431
2024-01-07 23:00:00,24.599984476167183,58.1222195703841,40.12708236955552
2024-01-07 23:00:00,24.096720870997878,56.02209881862501,46.93262672120767
2024-01-07 23:00:00,25.92384735117181,44.81914465087543,48.99975196378431
2024-01-08 00:00:00,25.50241523609748,52.83170833240785,43.31142210497308
2024-01-08 00:00:00,22.811867407526908,50.92434273098887,46.40685634317302
2024-01-08 00:00:00,22.33441036064105,44.55707158298687,45.3938116923642
2024-01-08 01:00:00,26.01737138483584,43.87079090768273,48.44641780939367
2024-01-08 01:00:00,20.383226994610567,55.36997151387827,48.28858512503408
2024-01-08 01:00:00,22.79010028046173,56.83353152582562,46.218989801707245
2024-01-08 02:00:00,21.380745789495343,56.97638918957126,47.58768362576856
2024-01-08 02:00:00,24.02012943984955,48.60768318382584,47.54963027842397
2024-01-08 02:00:00,24.45310065793805,50.25684821825239,45.821173852007405
2024-01-08 03:00:00,25.77632537380017,52.52573100345863,42.62176456369537
2024-01-08 03:00:00,23.04830522442994,50.64090295725287,43.18411535415351
2024-01-08 03:00:00,23.486494737662184,47.39778768618891,50.759292482916685
2024-01-08 04:00:00,24.069481892206745,42.65373137063795,39.44891491942154
2024-01-08 04:00:00,25.679619563963865,53.48744772829846,44.79839445286737
2024-01-08 04:00:00,22.36693044564504,52.00379890418287,41.73329556278135
2024-01-08 05:00:00,21.096234195559628,43.999888076390434,43.575910616009566
2024-01-08 05:00:00,24.193090809971448,47.03634057777742,46.16925860218891
2024-01-08 05:00:00,22.910384328888732,48.44033917510807,45.73018998102189
2024-01-08 06:00:00,24.269932583848,52.02261421443215,50.519071244408
2024-01-08 06:00:00,23.97644575156081,61.47180903969881,43.253637878735866
2024-01-08 06:00:00,25.9454048251042,47.98819174184704,40.33525770823137
2024-01-08 07:00:00,23.08688883286208,56.72163775069294,48.881805329356986
2024-01-08 07:00:00,24.20097552301195,54.61005386402328,49.83710722302163
2024-01-08 07:00:00,26.18742001011291,49.4442635048429,47.329302006662886
2024-01-08 08:00:00,24.62301846380613,52.20812506193944,43.9804445533858
2024-01-08 08:00:00,26.336729087995725,49.4558249006576,48.69542307623389
2024-01-08 08:00:00,21.06967471143863,43.02631781436311,29.40359243627136
2024-01-08 09:00:00,23.64895175726217,43.17063514225258,42.76838935377115
2024-01-08 09:00:00,25.875799137146608,59.04847903475988,48.74717942180437
2024-01-08 09:00:00,23.52698122533665,49.99839590539822,52.57298395106543
2024-01-08 10:00:00,22.23061827770044,44.61424212816494,45.5961148008783
2024-01-08 10:00:00,26.658788337554263,46.96622738889372,51.14047715414328
2024-01-08 10:00:00,26.93757802376222,50.0369527036751,45.72308643559689
2024-01-08 11:00:00,24.81481529061673,49.40415984862452,35.26863732992851
2024-01-08 11:00:00,25.10106667100284,50.45685174862557,39.15709361182903
2024-01-08 11:00:00,21.45666686546452,48.378035433666376,43.999420179250826
2024-01-08 12:00:00,22.392356494479284,58.98390163029158,48.10496618260736
2024-01-08 12:00:00,26.12799290842436,59.22409178757206,37.72823184151193
2024-01-08 12:00:00,24.33995583578097,36.90971810838402,38.67157428601077
2024-01-08 13:00:00,24.028715787423053,56.6461590474885,46.89738236658343
2024-01-08 13:00:00,25.16906459411487,54.073286540359824,43.27571157721482
2024-01-08 13:00:00,22.336686672121235,51.87103774617934,35.765035910753404
2024-01-08 14:00:00,26.012593426851343,52.607633869696535,49.76150572382777
2024-01-08 14:00:00,26.45727648425439,52.20040604852544,46.1263413855382
2024-01-08 14:00:00,27.12012345340297,64.05070580417984,46.47277398067731
2024-01-08 15:00:00,24.760624138660496,55.36328499407274,45.04734587605198
2024-01-08 15:00:00,27.233653877338217,53.12129763824761,51.70883366267754
2024-01-08 15:00:00,25.4290948551805,56.03247463888847,47.09169412515199
2024-01-08 16:00:00,23.467850215494824,48.91803585669628,50.193609410390096
2024-01-08 16:00:00,22.229085927527866,53.04271299609423,36.61207038407128
2024-01-08 16:00:00,22.59723136683181,51.713152417042544,39.03295521274244
2024-01-08 17:00:00,26.15885558556187,49.893621935233405,43.24171977436934
2024-01-08 17:00:00,23.6065561752714,45.77373505530735,44.95138050381674
2024-01-08 17:00:00,23.532894682782494,47.79252803284164,35.994474778272384
2024-01-08 18:00:00,28.67077150070778,55.479683558409306,47.12769641160292
2024-01-08 18:00:00,24.178144349490434,53.87756491966708,46.18709948653897
2024-01-08 18:00:00,22.669514973790697,51.31605114136003,50.11410107831509
2024-01-08 19:00:00,24.67346139453201,48.10882298056031,47.13345450253059
2024-01-08 19:00:00,22.255244142045413,49.32975528917562,43.715709820891504
2024-01-08 19:00:00,25.485433676798795,48.31902704070432,46.03136321237229
2024-01-08 20:00:00,25.26804303070169,39.64601834883632,47.66310319538537
2024-01-08 20:00:00,27.30952636066883,49.738147683674136,46.34446852377776
2024-01-08 20:00:00,22.618634047782244,46.48309119039784,44.83136616910805
2024-01-08 21:00:00,22.14103170874368,50.06016070374341,43.15163978398271
2024-01-08 21:00:00,24.02820235146712,53.40563253503729,43.20190027979165
2024-01-08 21:00:00,24.86371912155668,37.77480419887283,44.21070046978709
2024-01-08 22:00:00,23.0675885523698,56.86577085010827,45.77395885076892
2024-01-08 22:00:00,24.86639546672893,41.47816032969425,44.57266112128331
2024-01-08 22:00:00,24.08777477881232,58.02666978968799,47.66775509531279
2024-01-08 23:00:00,23.60525715618976,52.92173003026772,50.00636829793768
2024-01-08 23:00:00,21.17084443411517,49.73179639733081,42.49005584613248
2024-01-08 23:00:00,22.31365663610463,51.43843994461664,31.425895486604503
2024-01-09 00:00:00,24.62802452122402,41.63449244686245,44.45299463621812
2024-01-09 00:00:00,24.5453472223393,41.68028607931437,46.36564672233848
2024-01-09 00:00:00,26.45630431795968,45.5809132301567,51.23457629812923
2024-01-09 01:00:00,22.80441442097663,51.67157095759134,47.03138856499305
2024-01-09 01:00:00,24.1664200308653,44.82408136672397,55.4726346454324
2024-01-09 01:00:00,20.755033445772757,57.27313310437798,36.18713789296767
2024-01-09 02:00:00,23.42012041888206,46.51740883939202,53.40349008843999
2024-01-09 02:00:00,27.5540778285997,47.56746088033964,48.01214917522345
2024-01-09 02:00:00,23.58029184401667,53.870296534092645,38.04123633609831
2024-01-09 03:00:00,24.98929888142566,50.20796726082483,38.20761790441891
2024-01-09 03:00:00,20.93779968374641,56.7079568471146,45.28874112289118
2024-01-09 03:00:00,22.364617018268884,54.48359198891032,41.507176841637424
2024-01-09 04:00:00,25.42138685032381,53.03700692901328,33.172582899563565
2024-01-09 04:00:00,24.83437953031548,53.07638764601836,38.48724492448601
2024-01-09 04:00:00,22.29503520837833,49.16310122034801,51.40420398698739
2024-01-09 05:00:00,22.96077486900628,42.21264664616619,51.89193438771261
2024-01-09 05:00:00,23.74179547137116,48.84355584854475,46.48994783100955
2024-01-09 05:00:00,26.50302674501735,46.51833249032666,33.66152468378239
2024-01-09 06:00:00,24.26137430630156,50.25585177047433,47.35302067817768
2024-01-09 06:00:00,25.285741626419703,43.06066470926271,48.40394704308689
2024-01-09 06:00:00,23.14987146261656,43.4829938291917,45.68234766131205
2024-01-09 07:00:00,23.735196953834663,49.14670550817339,49.78969245527646
2024-01-09 07:00:00,25.373149513482566,47.135813985085896,38.82500359910996
2024-01-09 07:00:00,23.075019886608903,47.48993310458793,48.14672467110844
2024-01-09 08:00:00,25.93358038699316,50.69130602904376,41.97939842408299
2024-01-09 08:00:00,25.36138018849823,58.4253917208196,51.15766483584133
2024-01-09 08:00:00,27.007503081572576,43.57512838658555,45.95345182191511
2024-01-09 09:00:00,23.62062321132232,63.631687029283626,40.44120009232962
2024-01-09 09:00:00,26.25972332935065,49.5951772458741,44.652081264875285
2024-01-09 09:00:00,21.561302108938328,46.75923047989161,45.38946585207035
2024-01-09 10:00:00,26.5669700954445,43.83199370800096,47.76343960281167
2024-01-09 10:00:00,25.49610088562996,51.38849517786349,39.9983519775746
2024-01-09 10:00:00,23.684883328406144,45.95051402784998,45.39845075167784
2024-01-09 11:00:00,25.868572931184776,42.0458535033794,41.5108936957302
2024-01-09 11:00:00,21.342844535856468,54.47856009155873,42.8391387926328
2024-01-09 11:00:00,24.398056326060782,52.724748371676434,35.57448668723218
2024-01-09 12:00:00,20.668544638892453,51.10818092006391,50.62730516476827
2024-01-09 12:00:00,27.50656677791429,51.297947084117176,44.06621906893196
2024-01-09 12:00:00,23.53482310187141,53.25791879074383,37.02862915312652
2024-01-09 13:00:00,22.03392367259149,48.98690920542887,44.99059974985663
2024-01-09 13:00:00,28.18386119945579,53.73181147407781,51.33875136554207
2024-01-09 13:00:00,25.34039114381105,47.85346403331061,44.95836925038051
2024-01-09 14:00:00,22.68342114387045,47.30918448097243,47.93974583970571
2024-01-09 14:00:00,22.66224244339635,41.078098088152885,51.124010829694
2024-01-09 14:00:00,24.714009595723937,46.52970050317612,56.55191905974891
2024-01-09 15:00:00,25.262487823258688,55.37798663095351,43.11561776795885
2024-01-09 15:00:00,24.576450967241108,51.64367844367019,40.87682990610933
2024-01-09 15:00:00,25.85185005732659,51.98159765278907,42.59714492023814
2024-01-09 16:00:00,22.278130341562065,54.480427126011406,43.07727411784882
2024-01-09 16:00:00,26.06328434965706,46.46332860586881,46.92725789757532
2024-01-09 16:00:00,22.326710468785308,50.15252854815049,52.87682849564941
2024-01-09 17:00:00,25.893889044458888,50.6877381415059,47.30995723006389
2024-01-09 17:00:00,21.63995927993556,50.598174698496926,48.48505799730983
2024-01-09 17:00:00,23.869464972769784,47.54248519363595,38.10322513967967
2024-01-09 18:00:00,22.160390993108443,50.04060804145806,53.67037774624264
2024-01-09 18:00:00,21.175215024868475,42.666472005478745,42.48921012923489
2024-01-09 18:00:00,22.989452296581018,52.303412640366325,42.15788621204016
2024-01-09 19:00:00,24.869525633075703,53.52182850183672,49.86336207381725
2024-01-09 19:00:00,22.204902637930523,54.41669982547562,44.59583347895317
2024-01-09 19:00:00,24.780318367627757,48.556695633561176,42.21606887558424
2024-01-09 20:00:00,24.47391885775254,48.74812592547936,41.65826775374816
2024-01-09 20:00:00,25.725923058804405,53.58002939135847,45.44956356004368
2024-01-09 20:00:00,23.2702185980718,50.88764640459314,44.90745285787945
2024-01-09 21:00:00,24.52208457806137,46.74155986520888,38.80583780725545
2024-01-09 21:00:00,25.3898359881394,47.723401476044245,51.55025301452096
2024-01-09 21:00:00,22.314973988311717,46.62153843003696,46.97711462764688
2024-01-09 22:00:00,23.60424777115032,56.5191244074496,44.12255606407626
2024-01-09 22:00:00,26.063105362666004,43.71821324232848,44.41745413146492
2024-01-09 22:00:00,26.309105919029967,48.04259382282287,48.516672042686594
2024-01-09 23:00:00,22.39832401936475,52.96951280727091,40.61431703828516
2024-01-09 23:00:00,24.3351344437676,51.25812082356474,40.80408717617936
2024-01-09 23:00:00,23.264131344517967,49.24414199655436,40.52136959504915
2024-01-10 00:00:00,20.682496332194063,49.73215221983074,41.09272617138339
2024-01-10 00:00:00,24.135018303919185,42.419213352130384,49.23697390974336
2024-01-10 00:00:00,24.42557333129676,51.73207219172048,35.50633527836906
2024-01-10 01:00:00,21.47443303469131,52.67213288746609,46.89496928678004
2024-01-10 01:00:00,22.72490860980598,58.00580812474689,43.66166672907279
2024-01-10 01:00:00,17.136033001114754,52.17231627770046,39.832686752011845
2024-01-10 02:00:00,24.12876026613161,38.23420724008187,40.72471260014581
2024-01-10 02:00:00,21.95615362834832,43.377781297337606,59.060122558095735
2024-01-10 02:00:00,25.618983337645084,49.535903200551004,48.91360615430445
2024-01-10 03:00:00,26.11287689474146,49.17243818055813,35.52215383836833
2024-01-10 03:00:00,25.706369098073843,54.36653759503994,34.50869493681856
2024-01-10 03:00:00,25.907289780462463,38.87504480633614,42.4343123416704
2024-01-10 04:00:00,24.178187699025685,50.90008319912195,37.80887189753852
2024-01-10 04:00:00,25.336028261455706,50.66452001990137,43.17998714224948
2024-01-10 04:00:00,23.103052081080172,52.45713470479596,41.62520425492183
2024-01-10 05:00:00,24.487779111324635,51.77922259112961,40.63605231463433
2024-01-10 05:00:00,21.573478276372946,53.35418053832581,46.40321141749698
2024-01-10 05:00:00,24.719866813125247,58.593259683466194,40.29271377480858
2024-01-10 06:00:00,24.78232096425109,56.082877638503895,44.69203377104478
2024-01-10 06:00:00,24.99853686897345,46.48969781063063,39.35326958837213
2024-01-10 06:00:00,26.26965563379725,58.08844986062846,49.12420811617193
2024-01-10 07:00:00,26.678068154003928,48.313681141882896,40.02032023081647
2024-01-10 07:00:00,23.871155647054405,55.16034087655597,44.17770124245476
2024-01-10 07:00:00,26.97570948249772,52.84017152532991,45.18036497150246
2024-01-10 08:00:00,25.18769698843693,51.09850526193944,46.15937589668713
2024-01-10 08:00:00,24.918422776059828,42.95886395275591,38.44325825011698
2024-01-10 08:00:00,21.228212676394183,43.3679035271016,49.56341001307494
2024-01-10 09:00:00,21.70329309033783,45.9265121234746,43.426084993947896
2024-01-10 09:00:00,21.68401748594336,49.87247596104417,41.249929258621336
2024-01-10 09:00:00,25.7665177781783,48.50124578926992,48.732109948924695
2024-01-10 10:00:00,24.755531054085115,48.40426354316224,42.8954401961733
2024-01-10 10:00:00,23.22334845179221,51.313163805132525,51.37214318525883
2024-01-10 10:00:00,24.15806767267169,46.2400758039008,48.15874926834535
2024-01-10 11:00:00,22.04843254844656,45.73843703862088,44.98928253767509
2024-01-10 11:00:00,21.15133582753888,55.78346823056504,43.637164118264586
2024-01-10 11:00:00,22.397103289474263,52.54256295448554,43.71044914810917
2024-01-10 12:00:00,25.47960800065996,49.27864917755501,42.8686840975859
2024-01-10 12:00:00,26.349974189248734,55.11941172574302,38.62332612579679
2024-01-10 12:00:00,26.271092909829616,43.74476908678148,38.43965372725345
2024-01-10 13:00:00,23.477799010567058,40.323231346431534,50.83863336588171
2024-01-10 13:00:00,22.64464590001645,48.53300207670902,51.32603501316767
2024-01-10 13:00:00,26.622940033872315,52.67921614938378,51.05819837150253
2024-01-10 14:00:00,24.796710585839225,52.43592088492593,47.38161373171825
2024-01-10 14:00:00,24.290178764333724,52.079897817881736,43.27705362737769
2024-01-10 14:00:00,20.648868468686526,46.5839626287743,45.47391618105775
2024-01-10 15:00:00,22.84264880280441,58.73467013545026,49.49762631607687
2024-01-10 15:00:00,25.742725739932663,46.16310585749832,47.44517069746887
2024-01-10 15:00:00,24.556517932523175,48.112672567806136,50.95214993028299
2024-01-10 16:00:00,29.07577104437585,52.9300339784756,51.87227338136487
2024-01-10 16:00:00,24.30489086328812,59.90458215885462,54.81107394593893
2024-01-10 16:00:00,21.215401385521744,49.47493183469388,38.12000499519012
2024-01-10 17:00:00,23.044950017820923,47.690711187564034,41.32634520844882
2024-01-10 17:00:00,23.021435340252086,50.03468745907747,38.90967952950052
2024-01-10 17:00:00,22.87876739230069,52.744659769006375,50.9917381466002
2024-01-10 18:00:00,23.18021847349769,64.94738060855218,48.614461864870016
2024-01-10 18:00:00,23.78686555399125,52.38890447274784,43.99856877736365
2024-01-10 18:00:00,25.4147164216034,48.16387666514864,49.35449635521664
2024-01-10 19:00:00,27.31187493746352,45.99814700966934,49.55442980772235
2024-01-10 19:00:00,22.506340075583037,50.84351559283326,39.31614268676779
2024-01-10 19:00:00,23.273900781865585,48.3854101793269,44.4324237589641
2024-01-10 20:00:00,22.889012750568803,45.0881849991979,42.99412989788004
2024-01-10 20:00:00,23.58358835754921,47.92544472371971,46.01909016412589
2024-01-10 20:00:00,25.421061354456302,51.14235667322834,46.23927076070512
2024-01-10 21:00:00,20.771278657934378,56.65272876401437,45.89646074810448
2024-01-10 21:00:00,23.434718733944507,46.95752045208018,45.26229993148409
2024-01-10 21:00:00,23.66819099385868,50.89833762110367,46.38413914273773
2024-01-10 22:00:00,26.36704655358793,49.21167183001332,40.87961797632812
2024-01-10 22:00:00,21.98141508496832,51.85504319296107,46.37797414708743
2024-01-10 22:00:00,25.958481017283585,51.91473569127754,60.95497213629095
2024-01-10 23:00:00,20.42601705728481,54.24508828085435,39.7146083671479
2024-01-10 23:00:00,23.922333253363323,60.7346296817654,43.62418004980547
2024-01-10 23:00:00,24.561947689735227,42.72982534053244,34.962698555432844
2024-01-11 00:00:00,24.21418543537141,42.87301692413129,38.93258874139341
2024-01-11 00:00:00,21.334575657589625,52.87366333780788,43.796448910379176
2024-01-11 00:00:00,23.000139488462324,51.39906793628927,44.3268238867801
2024-01-11 01:00:00,25.32782153269265,50.95196577199367,40.93176324746399
2024-01-11 01:00:00,24.466696300064072,57.61017743029292,48.67371745272129
2024-01-11 01:00:00,25.52510608168001,45.66778379252706,45.48362421150616
2024-01-11 02:00:00,26.660505795246937,44.63997253806482,39.64385429929159
2024-01-11 02:00:00,27.04378821333892,48.13434116765753,45.71768474852019
2024-01-11 02:00:00,25.42671972274205,39.9274843043012,42.97099506483646
2024-01-11 03:00:00,24.811234330024348,47.57072621845128,42.00052696799605
2024-01-11 03:00:00,23.03586929231196,52.37186065405473,45.92741128284421
2024-01-11 03:00:00,25.033977814359524,45.7258914372916,43.53232769162919
2024-01-11 04:00:00,25.825767208409047,53.6564976996808,42.08934299200883
2024-01-11 04:00:00,24.498683440003685,47.4124391162207,47.61372327737477
2024-01-11 04:00:00,23.43259872354939,53.3253780958564,43.56523183478908
2024-01-11 05:00:00,22.660670570989563,52.02653271254766,37.82074672848052
2024-01-11 05:00:00,22.642621583798554,54.32753303444905,42.30189630140392
2024-01-11 05:00:00,23.192271569860008,62.62635336875287,39.02376188806711
2024-01-11 06:00:00,27.112255590483716,55.47503670712433,46.761655571455485
2024-01-11 06:00:00,23.43784776819881,38.84010219188562,47.47068300035989
2024-01-11 06:00:00,25.47691465813572,53.03708212762864,51.08754815473425
2024-01-11 07:00:00,21.46951356504524,50.21991845497592,44.55504863890539
2024-01-11 07:00:00,27.31840382770208,56.59161122806865,41.707102801103886
2024-01-11 07:00:00,21.193031006174877,44.96065476142656,47.95550941927865
2024-01-11 08:00:00,28.173051149655308,58.04594802675363,52.35360147889081
2024-01-11 08:00:00,21.15372870685576,50.18721493502898,41.903823218312645
2024-01-11 08:00:00,21.250119693116417,55.16634558968146,45.97899811479655
2024-01-11 09:00:00,22.341978572879533,53.611757064531,36.73497536646022
2024-01-11 09:00:00,21.315250785673832,49.254461511805154,47.16504061500213
2024-01-11 09:00:00,23.36418220831537,45.54031903584227,50.113838556547954
2024-01-11 10:00:00,25.276147436974803,48.70726244279148,45.98308676931426
2024-01-11 10:00:00,24.074508633742425,49.23959510500029,46.50242348730417
2024-01-11 10:00:00,23.913747431916747,42.7339854034648,47.19518038626643
2024-01-11 11:00:00,26.114344293235494,50.92072606452504,44.63383179621449
2024-01-11 11:00:00,23.496556030867293,52.94809231742036,51.16412180700232
2024-01-11 11:00:00,23.78724908524767,46.99635432781805,46.55249239981218
2024-01-11 12:00:00,20.169418180282484,59.78105056328353,41.6495361915708
2024-01-11 12:00:00,22.576549625000197,51.51924855528608,51.09103813370624
2024-01-11 12:00:00,22.53844441589701,48.11764979813854,40.5790430056661
2024-01-11 13:00:00,24.11338830307258,53.42500296081177,42.57255700783823
2024-01-11 13:00:00,22.709835195657824,50.398954217678266,41.40668383927971
2024-01-11 13:00:00,21.57995723110189,42.47418029502252,38.07140219551842
2024-01-11 14:00:00,17.390095809485572,49.03849007425264,42.87202713383287
2024-01-11 14:00:00,20.227763556872187,58.830275929111295,51.09577529850471
2024-01-11 14:00:00,24.56890428729546,53.95900024244605,47.0192067225731
2024-01-11 15:00:00,25.43962331114955,51.37733585588439,43.24824362571909
2024-01-11 15:00:00,25.70211135029964,42.81195610589632,41.73081476921026
2024-01-11 15:00:00,25.60935697724164,48.695259267750885,47.934604264996025
2024-01-11 16:00:00,21.80319596245279,39.44678664167806,40.70028299164469
2024-01-11 16:00:00,24.03140377979124,44.271091027331664,55.60966947397942
2024-01-11 16:00:00,25.761547588115075,53.72783487272832,43.840777448997166
2024-01-11 17:00:00,23.62604589219651,48.01321375251704,49.17532684529767
2024-01-11 17:00:00,19.843683288797667,38.91873065277913,52.49078215198074
2024-01-11 17:00:00,23.59677417014338,53.78382985357417,38.35851564360493
2024-01-11 18:00:00,23.825501088952937,49.26651307065068,41.87737953205925
2024-01-11 18:00:00,27.244540944876817,52.14183645622773,51.2873633029762
2024-01-11 18:00:00,23.98834822896376,45.8470027904682,43.73477767721361
2024-01-11 19:00:00,25.459394312209326,47.808190890750296,52.245149388096216
2024-01-11 19:00:00,23.759016799470164,52.282074127046926,45.68447411828691
2024-01-11 19:00:00,26.52751390079905,60.43572285763447,43.86544360991489
2024-01-11 20:00:00,25.052940793714807,45.53795027719619,49.40899998282232
2024-01-11 20:00:00,24.480769060174595,53.20976133756073,45.399176578980544
2024-01-11 20:00:00,21.70377801736149,51.94032531538161,55.951077031842175
2024-01-11 21:00:00,24.94498527478282,55.13605519448184,43.309268519199655
2024-01-11 21:00:00,25.542106523950444,53.97956229306205,36.32603135352196
2024-01-11 21:00:00,27.11124472622492,55.58581759611041,48.02224875846574
2024-01-11 22:00:00,23.48677188352598,53.81500018186093,44.82300082059829
2024-01-11 22:00:00,28.25390591889172,47.21016913046016,43.72945552182066
2024-01-11 22:00:00,23.964224810582596,50.39683978290725,40.80634397508409
2024-01-11 23:00:00,27.68469118219913,43.96430978722713,48.33710134636015
2024-01-11 23:00:00,23.551034567997995,58.55807476602058,50.65308999105998
2024-01-11 23:00:00,25.58260238970766,55.33712705805452,46.68789568952523
2024-01-12 00:00:00,25.25046154830868,52.00936538874734,44.73702709151526
2024-01-12 00:00:00,21.640590666695694,49.64746144350065,61.13532184199043
2024-01-12 00:00:00,24.90577449348089,46.695608818061984,41.458419325251015
2024-01-12 01:00:00,21.09525445935845,46.20034173688126,47.10337697869115
2024-01-12 01:00:00,23.44576600726506,49.34671349321282,42.20661737591609
2024-01-12 01:00:00,23.179669911036065,54.834767779628,49.11271337493504
2024-01-12 02:00:00,18.74705208157383,57.3702897906217,52.07629482270704
2024-01-12 02:00:00,25.53669962570436,44.7360143035513,44.58000226800919
2024-01-12 02:00:00,25.42919993195361,54.370794586181056,47.59187136315692
2024-01-12 03:00:00,23.417420723167968,54.31694522364808,58.802506650906494
2024-01-12 03:00:00,24.6552050229168,37.23789546845605,46.82211445895873
2024-01-12 03:00:00,22.91041929395868,46.087010588330514,52.62642217708492
2024-01-12 04:00:00,23.99472792846245,42.98138474844184,44.29558961778119
2024-01-12 04:00:00,20.88900213781937,47.15231407414224,48.668699402783815
2024-01-12 04:00:00,22.49931763537373,52.29545478189716,37.52691619665495
2024-01-12 05:00:00,23.412786516930545,46.02419126551887,42.84883760928178
2024-01-12 05:00:00,25.143256398270346,56.78129052141304,47.91523594438608
2024-01-12 05:00:00,22.14238667448552,45.29816659437876,42.64603254317452
2024-01-12 06:00:00,24.64434361800198,59.8386529364971,45.14103399038292
2024-01-12 06:00:00,27.295987943795016,45.40907716225261,44.46317595318325
2024-01-12 06:00:00,23.47116478295873,50.39560788429184,47.66643537015435
2024-01-12 07:00:00,22.651129093471788,46.96784934924239,39.32508825694417
2024-01-12 07:00:00,22.97437671029824,45.894131462543946,47.31236663842265
2024-01-12 07:00:00,26.20487879339256,51.6012485016756,41.63826559698391
2024-01-12 08:00:00,22.679974042479937,45.361281075186064,50.64473920945009
2024-01-12 08:00:00,27.1952794416084,53.3959341379442,49.70884267725414
2024-01-12 08:00:00,20.461674187149303,57.160329000022,46.96176844656524
2024-01-12 09:00:00,24.53503808629825,49.20355154779619,50.54818303517737
2024-01-12 09:00:00,23.27969406598952,49.46771632607391,45.57635634212331
2024-01-12 09:00:00,26.223814164971085,48.9849685677914,41.541353198747295
2024-01-12 10:00:00,20.51863556378493,43.37950652788121,40.636801382251925
2024-01-12 10:00:00,20.82018368696606,47.40727903574307,44.46375142262821
2024-01-12 10:00:00,25.576980105207834,58.56905442616736,48.71210543238121
2024-01-12 11:00:00,22.83322023747247,45.2472799439684,40.10097870607802
2024-01-12 11:00:00,24.668300931086748,50.96203590526693,38.57195690501607
2024-01-12 11:00:00,24.307009781134568,51.36296052593688,36.55803063872636
2024-01-12 12:00:00,24.624949028634425,55.301804533213065,47.5137343622351
2024-01-12 12:00:00,24.143424739867303,52.32732564797173,47.24116984273697
2024-01-12 12:00:00,25.506021229376618,42.75095108224554,46.61306973320802
2024-01-12 13:00:00,25.673388924992835,55.53372001843099,42.72757280265803
2024-01-12 13:00:00,23.435336788747826,51.25733477127375,46.26869467436772
2024-01-12 13:00:00,22.987306087804345,53.60638130492601,47.14211234609618
2024-01-12 14:00:00,23.778203310877597,56.54425077221224,47.714010545375935
2024-01-12 14:00:00,22.73978498298193,43.08926916817176,44.30482790102359
2024-01-12 14:00:00,26.50321242776528,48.9818617566681,39.74076098716807
2024-01-12 15:00:00,26.4832431476366,51.55766239156527,40.27660176623278
2024-01-12 15:00:00,20.8799656155788,54.47004503139027,52.307273503997465
2024-01-12 15:00:00,23.454658728357845,61.81949628999623,50.26163736897792
2024-01-12 16:00:00,24.86364677840884,56.18675090507077,45.81002341410327
2024-01-12 16:00:00,24.153907731844704,49.30461502901002,47.17372989317639
2024-01-12 16:00:00,27.49391374850036,56.91324429251956,37.74025955912325
2024-01-12 17:00:00,25.69235127925184,54.671436608653245,43.74054101919213
2024-01-12 17:00:00,23.34312302761348,54.2478091735204,41.32757054250223
2024-01-12 17:00:00,24.13375576086466,38.94503519420181,44.76776618632466
2024-01-12 18:00:00,22.37503553433092,56.28489403090124,55.88750554017814
2024-01-12 18:00:00,26.2167059713713,49.31449240923385,41.56072445366686
2024-01-12 18:00:00,23.89855332165883,53.94484212450663,51.09127586094753
2024-01-12 19:00:00,21.76005637846953,52.34969447100645,52.99603163131313
2024-01-12 19:00:00,26.460878716811536,44.080701644299374,45.08091900136426
2024-01-12 19:00:00,20.918741550308837,45.59371616033346,48.55688784445828
2024-01-12 20:00:00,26.80924374142677,48.53823885284926,45.65432671883098
2024-01-12 20:00:00,24.774740343955177,63.33051283263487,43.32847909291155
2024-01-12 20:00:00,24.636670551594783,52.5036680079221,52.39972100364101
2024-01-12 21:00:00,24.56629630674372,45.8026583580723,52.76306010125772
2024-01-12 21:00:00,25.87083353315469,67.51266115510529,47.42051555574276
2024-01-12 21:00:00,22.679400451314137,43.90364305044296,41.46738308648092
2024-01-12 22:00:00,27.484631664672342,50.99462795187986,46.458957603981176
2024-01-12 22:00:00,24.20817396596581,43.91441830655609,45.01101199301164
2024-01-12 22:00:00,25.282213699426404,52.26931805908059,41.42944986964241
2024-01-12 23:00:00,22.611569672189457,44.02044794277563,51.583366846700216
2024-01-12 23:00:00,23.251701523478985,45.48189539242532,39.57148679157356
2024-01-12 23:00:00,23.92758396863319,50.78967335857467,50.22987531934327
2024-01-13 00:00:00,22.722167622081425,48.09340982273466,46.70273017693703
2024-01-13 00:00:00,25.31344648057186,34.29964846854379,41.27074378623595
2024-01-13 00:00:00,27.691263474873328,54.51459750007601,37.89871779312279
2024-01-13 01:00:00,21.69376207235298,59.00154580430273,47.77325932867679
2024-01-13 01:00:00,23.352176248720685,46.347276571262334,49.105784696947936
2024-01-13 01:00:00,23.38421190189668,52.83904249703919,44.92934717898563
2024-01-13 02:00:00,22.08713385641505,51.43479749364164,48.86529946966414
2024-01-13 02:00:00,23.457490067350427,49.69145805323272,38.78155678767047
2024-01-13 02:00:00,23.65827501149245,53.37582801083923,45.35681782544288
2024-01-13 03:00:00,26.494296901306463,41.64755856121476,48.743442981197575
2024-01-13 03:00:00,24.12059162859032,47.00927718165853,36.70353434063678
2024-01-13 03:00:00,24.99930612489853,37.83351942173838,47.762359448770376
2024-01-13 04:00:00,26.66742959613485,47.74400162043321,53.545326984854185
2024-01-13 04:00:00,25.255806115399977,46.29700152918768,52.05507594679101
2024-01-13 04:00:00,21.538415718085574,50.78368402474822,52.42462938217577
2024-01-13 05:00:00,25.9720156323119,52.432860736047886,46.983722691558434
2024-01-13 05:00:00,24.283854975440725,54.25741966142016,41.923826517989305
2024-01-13 05:00:00,25.196688384924155,55.646832529990775,48.50695232383765
2024-01-13 06:00:00,24.861143848537797,40.12548991423337,42.42326074248291
2024-01-13 06:00:00,24.714903491212382,47.14376337711234,36.7546050525006
2024-01-13 06:00:00,25.13196258655367,50.491637780357294,42.48928826812562
2024-01-13 07:00:00,26.179069318858893,48.2593334771898,46.836352170326016
2024-01-13 07:00:00,23.789536568111235,59.33293057767667,50.20020192496485
2024-01-13 07:00:00,26.197282191840248,52.71878983531435,40.17616953082723
2024-01-13 08:00:00,22.64221992372229,51.66779160445485,39.73533653648325
2024-01-13 08:00:00,20.919104906937317,43.79361968506005,49.72810513549787
2024-01-13 08:00:00,24.218168076417385,55.24520791890061,33.87020988030224
2024-01-13 09:00:00,21.913188892820564,50.22899840714128,36.374283933327646
2024-01-13 09:00:00,22.29588293566404,55.05875259516978,49.05469622764076
2024-01-13 09:00:00,21.827430827760523,46.116015464919215,47.68564672424021
2024-01-13 10:00:00,24.420014991614455,42.469204324109285,46.3246733146197
2024-01-13 10:00:00,21.246288081892757,44.56834034005513,46.64193045681388
2024-01-13 10:00:00,22.50722929376118,43.5724093159974,51.666485821222906
2024-01-13 11:00:00,23.735825217470005,57.59542900418916,48.87110277265978
2024-01-13 11:00:00,21.543457837791383,46.92653298535261,55.29560930229655
2024-01-13 11:00:00,24.652317317710256,59.81262811890069,50.47220760707654
2024-01-13 12:00:00,21.73052714271131,53.41027065044856,50.186238138265466
2024-01-13 12:00:00,23.559594139176827,51.21560338954984,48.412077413272215
2024-01-13 12:00:00,18.77155271632836,49.23578927480658,43.10056384263502
2024-01-13 13:00:00,25.02434588796272,48.73266889032042,47.18384036459072
2024-01-13 13:00:00,25.23847112189901,50.448808201647424,48.442354758080704
2024-01-13 13:00:00,24.583841830362104,49.409545232454185,52.74743128512274
2024-01-13 14:00:00,22.96148255071936,61.85843343737069,51.78153678173884
2024-01-13 14:00:00,23.642616994641717,48.05912924262765,39.30617232634005
2024-01-13 14:00:00,24.4395222948128,56.11670337222456,42.200537541530345
2024-01-13 15:00:00,24.46818351127123,52.52176847355849,47.41068260228218
2024-01-13 15:00:00,20.65286185909977,50.03843347675444,46.977775815518
2024-01-13 15:00:00,23.73029617684348,51.64104492451877,40.644559251655295
2024-01-13 16:00:00,24.15652755955164,44.499704719658126,51.36288576031017
2024-01-13 16:00:00,20.575530589774395,53.80508573628822,48.51305433065925
2024-01-13 16:00:00,22.81499514994882,46.5785194658561,34.33313654927174
2024-01-13 17:00:00,29.17123514373283,52.867027704684496,48.72265916509486
2024-01-13 17:00:00,21.917768950307053,46.90474990791949,48.40980351881944
2024-01-13 17:00:00,22.22937674113018,42.42678847141568,51.7198617735712
2024-01-13 18:00:00,23.354198715089687,48.06989815297235,38.84485553460289
2024-01-13 18:00:00,25.522906117111404,51.67633078422207,44.43869492582684
2024-01-13 18:00:00,25.85005515016545,43.12481809107053,47.74014506846115
2024-01-13 19:00:00,22.57998312847288,53.10461299265859,44.179797474277
2024-01-13 19:00:00,22.218228142475223,49.38093211319579,49.98809059600767
2024-01-13 19:00:00,23.08741926130627,55.336810326619705,40.76482132324434
2024-01-13 20:00:00,25.86702503715416,57.43016286266226,42.93570005271118
2024-01-13 20:00:00,23.96535979016363,55.17031477257266,50.20774224537854
2024-01-13 20:00:00,23.69264967515032,55.7555591358727,44.64070253254784
2024-01-13 21:00:00,21.961660971905268,47.50948243479316,36.60047246427348
2024-01-13 21:00:00,21.90480899082084,56.46130072351169,36.44675014561622
2024-01-13 21:00:00,22.919807649348275,51.517444990001856,47.79111450202733
2024-01-13 22:00:00,25.307679808215912,46.23018700107364,41.94063471037772
2024-01-13 22:00:00,25.56964741169656,55.17885822737063,49.73906460601254
2024-01-13 22:00:00,25.957892691735047,42.153106720993165,38.87246003544971
2024-01-13 23:00:00,20.52632410317044,45.92993827910894,49.698117320943055
2024-01-13 23:00:00,22.56792689569097,53.55887167875012,44.63332755963613
2024-01-13 23:00:00,23.996778960283564,49.84764746701808,50.87230577434556
2024-01-14 00:00:00,21.77406340422301,49.19750722340286,43.62844019591834
2024-01-14 00:00:00,25.983764855684928,53.36205601106892,45.402786899799885
2024-01-14 00:00:00,21.89306260024858,37.15045469263129,47.5807861350064
2024-01-14 01:00:00,22.190307785205466,49.79059281957223,37.38880610216765
2024-01-14 01:00:00,21.50090392645984,54.23599678154756,49.74150344135988
2024-01-14 01:00:00,25.84361131982917,49.50150584139466,45.35396942156442
2024-01-14 02:00:00,23.986527624378205,45.59320912029986,49.64583795881319
2024-01-14 02:00:00,23.64655289599009,50.43766782369626,38.132700996033975
2024-01-14 02:00:00,22.508631214833173,50.8849919042888,47.90026038880686
2024-01-14 03:00:00,24.588735974881104,50.35859663266811,47.65193701596821
2024-01-14 03:00:00,22.38572578852657,53.76166886342273,45.89066932103157
2024-01-14 03:00:00,27.301415259834226,51.56900678968703,44.71893702612095
2024-01-14 04:00:00,25.907796592827257,53.72400972268688,38.84903434490666
2024-01-14 04:00:00,21.416398183063333,57.85692295523189,45.12715589959622
2024-01-14 04:00:00,21.21208171201419,51.32038607441201,37.34122915658815
2024-01-14 05:00:00,25.43960841730428,51.30768931220107,47.832569465435405
2024-01-14 05:00:00,22.192273869458653,54.447895539723405,36.51653645919838
2024-01-14 05:00:00,24.402452276728752,50.758460309142926,42.23217631408796
2024-01-14 06:00:00,23.126623778555096,48.735095717241606,53.27398021163805
2024-01-14 06:00:00,28.888208881708486,50.64025029203516,45.44465052822934
2024-01-14 06:00:00,26.476271159738243,57.6434024058133,48.459055069460405
2024-01-14 07:00:00,27.499203164317635,60.47803547239965,39.3250000542736
2024-01-14 07:00:00,23.899689449871637,51.996957004652685,49.96836849515493
2024-01-14 07:00:00,22.34609648878377,50.97673765828111,46.08897885559006
2024-01-14 08:00:00,24.615806211206,55.844312914822446,43.73878349492478
2024-01-14 08:00:00,22.33219198534288,45.82228652384758,41.19342248304955
2024-01-14 08:00:00,24.38979254922755,45.908206707598886,49.46233104950036
2024-01-14 09:00:00,26.50687144700551,56.68261782731221,49.09782170002541
2024-01-14 09:00:00,26.312454074773346,47.55080502716677,40.38175491940041
2024-01-14 09:00:00,22.1399271076054,55.612879195031,46.681037011304376
2024-01-14 10:00:00,22.126517875439543,49.75327971910835,45.0812211270402
2024-01-14 10:00:00,24.221059886449456,44.8424337366169,50.84152009212743
2024-01-14 10:00:00,23.700641175633827,54.53034415816829,50.30729761026717
2024-01-14 11:00:00,22.90859570072409,52.29191267025349,44.577923616106695
2024-01-14 11:00:00,25.07983916259161,47.350373612100135,35.58758639625556
2024-01-14 11:00:00,25.219633430465382,51.89417410716548,47.99364297599535
2024-01-14 12:00:00,25.840698330162816,48.35778196228996,55.42453411278633
2024-01-14 12:00:00,23.853266513141325,52.40057116029935,42.82540483967473
2024-01-14 12:00:00,21.119814365215284,47.40084292993961,45.57145165440426
2024-01-14 13:00:00,21.834299181775933,46.2918582494606,41.721513645322055
2024-01-14 13:00:00,20.06183147850969,50.18136661205305,42.61433164708424
2024-01-14 13:00:00,25.90860247773211,55.11706753018043,52.415553503730905
2024-01-14 14:00:00,24.9115163972916,53.14997417187237,46.84925863193652
2024-01-14 14:00:00,20.039208738943373,43.16795179751859,54.13400404798157
2024-01-14 14:00:00,22.28953209174044,63.10599004733863,52.6681764548576
2024-01-14 15:00:00,24.339489043107744,38.283867050292216,48.78043319837244
2024-01-14 15:00:00,21.60591074726417,42.8551459012924,48.65248809071287
2024-01-14 15:00:00,26.661486831724087,42.23862203798207,47.46221854083584
2024-01-14 16:00:00,27.0762519040905,44.98215787474665,60.483464224609655
2024-01-14 16:00:00,25.397971135254192,41.64829461352658,48.92041026240611
2024-01-14 16:00:00,21.32092264124011,54.63046422404968,48.69387786381567
2024-01-14 17:00:00,24.558395525536906,53.97212513886664,32.25471877445546
2024-01-14 17:00:00,27.197932711687667,44.93232966466373,33.70171164063483
2024-01-14 17:00:00,23.97075418120217,48.11453226339667,44.11812726635281
2024-01-14 18:00:00,22.928172984959232,51.70815233351712,43.54359341193115
2024-01-14 18:00:00,27.568093320627447,52.63167254615854,42.27278614599619
2024-01-14 18:00:00,22.693530570115765,52.77664479317688,52.42725054353864
2024-01-14 19:00:00,21.36017471682192,45.5458310263266,47.48447762982864
2024-01-14 19:00:00,26.140304339354035,47.49095602055534,46.40522296188762
2024-01-14 19:00:00,23.09030534724741,46.68045321469479,41.15591234308739
2024-01-14 20:00:00,24.528635310879363,46.23741838996035,49.73871436487028
2024-01-14 20:00:00,21.63079257390602,48.58679150886604,36.231109518003365
2024-01-14 20:00:00,22.954693594988928,43.95329426604865,48.28335654021868
2024-01-14 21:00:00,26.836681658894456,51.79998636346319,42.10212760574943
2024-01-14 21:00:00,26.13829108383278,49.51265036941994,45.411997675391454
2024-01-14 21:00:00,24.562343355078838,49.94077555413327,47.75538485648648
2024-01-14 22:00:00,24.045353941674183,44.55437816543071,39.25271581781024
2024-01-14 22:00:00,23.63753732792807,49.06720472791732,46.71106857266686
2024-01-14 22:00:00,20.811889466421142,46.510629579996746,44.4670329207794
2024-01-14 23:00:00,20.67466414966574,43.09118693335903,39.52032383554525
2024-01-14 23:00:00,27.867894543502825,53.441762135470334,44.80516780424515
2024-01-14 23:00:00,25.86846939928888,49.28582603442821,41.08761869201221
2024-01-15 00:00:00,24.856989972496702,43.82356314350047,55.739733393954026
2024-01-15 00:00:00,22.921898335804137,51.17230445079596,45.86714207938859
2024-01-15 00:00:00,21.60641269147571,52.16603935578098,53.27343068745409
2024-01-15 01:00:00,24.06970086327444,56.01346962105462,42.27595590393099
2024-01-15 01:00:00,25.188885558551807,48.7273830336374,50.62751453132091
2024-01-15 01:00:00,23.928130659108987,56.96696903604621,40.63228717093558
2024-01-15 02:00:00,27.813628591130968,45.023803092691125,50.53884557501219
2024-01-15 02:00:00,20.820234856494533,44.56184002720772,45.16149008831428
2024-01-15 02:00:00,27.28567265504535,57.96449711357111,47.75711134697934
2024-01-15 03:00:00,27.798673982101317,54.38003398952581,38.24101906621525
2024-01-15 03:00:00,22.993552180243476,49.52469583206882,42.97790066821446
2024-01-15 03:00:00,25.431298118153784,49.49291687079751,49.73340596944703
2024-01-15 04:00:00,23.163145353894173,55.69377580764006,48.61037301335133
2024-01-15 04:00:00,24.71039425427554,51.24950151647679,47.06401733954477
2024-01-15 04:00:00,25.421368816725835,49.15738570185847,44.19700264908956
2024-01-15 05:00:00,25.223138368457622,52.55316846252164,47.97805780203521
2024-01-15 05:00:00,24.93974299111417,52.11152040209918,41.74551964574691
2024-01-15 05:00:00,21.152893351632407,58.16624520531214,39.17510847038879
2024-01-15 06:00:00,23.432806048583963,50.43996374348889,43.43500808813614
2024-01-15 06:00:00,23.09880867404379,41.60594067715802,35.776847800998304
2024-01-15 06:00:00,23.444659998970742,41.18613560021477,41.61547917401576
2024-01-15 07:00:00,24.834268965367823,45.97458142684077,52.73765605616005
2024-01-15 07:00:00,24.680092045843768,36.789593331827255,39.74905697471328
2024-01-15 07:00:00,24.757988224043174,51.14916857787146,44.95928523974892
2024-01-15 08:00:00,25.516525908329516,44.989071933945496,43.53572186908572
2024-01-15 08:00:00,22.949344675164223,38.12448483806502,49.96503124892587
2024-01-15 08:00:00,23.258450635457745,50.545181327060526,47.30254254071035
2024-01-15 09:00:00,26.66188963983297,47.64091735847697,49.14646880090768
2024-01-15 09:00:00,19.823839897352883,46.12852822570995,43.55387088797125
2024-01-15 09:00:00,21.76478917527859,47.565058250996685,45.284767709730446
2024-01-15 10:00:00,26.24422382599853,50.29410038803693,36.10596630697238
2024-01-15 10:00:00,24.445830629919573,47.06056630288077,55.8587787305836
2024-01-15 10:00:00,23.327050999283927,51.0910390910926,46.54824415866039
2024-01-15 11:00:00,24.808291597533948,44.80921024880144,51.33911445619746
2024-01-15 11:00:00,24.262040988900967,49.81196557103742,45.40634635434936
2024-01-15 11:00:00,25.846807034215036,48.36884702932293,40.36751645927328
2024-01-15 12:00:00,20.88330543364913,52.31136326599833,46.56990843386063
2024-01-15 12:00:00,24.88182610218485,45.44720710277936,46.50483326490162
2024-01-15 12:00:00,24.22595681487318,52.94086690817058,46.82747864456276
2024-01-15 13:00:00,21.029971749430672,44.08018992673645,45.05334884831242
2024-01-15 13:00:00,26.811887405959222,45.92413662852198,41.208866617866015
2024-01-15 13:00:00,23.402398236645805,51.74044490482187,43.81646994589325
2024-01-15 14:00:00,27.456093404671105,46.40351393826904,52.70164844786716
2024-01-15 14:00:00,21.492118752625032,59.94575176707797,43.49542259618048
2024-01-15 14:00:00,23.39364380059416,57.12730613738239,45.35444322922712
2024-01-15 15:00:00,22.99740850857977,53.90014789605951,43.418902427213446
2024-01-15 15:00:00,26.45750185299821,49.22513643580986,47.25836761917376
2024-01-15 15:00:00,21.765936191219296,45.05954599650408,38.64254846323259
2024-01-15 16:00:00,20.74030598452024,47.07803796353614,43.98978503225259
2024-01-15 16:00:00,22.74842051498401,48.97180055638184,44.9155492168857
2024-01-15 16:00:00,22.13552574953336,52.48887275006669,47.159774068628415
2024-01-15 17:00:00,20.056444827294914,51.48882885682068,43.34199998944547
2024-01-15 17:00:00,26.84563152982864,54.90380895118436,45.98359317102801
2024-01-15 17:00:00,24.374994946424103,55.36440426131883,35.32357402601605
2024-01-15 18:00:00,25.67848565050033,46.593951550826624,51.25082323404538
2024-01-15 18:00:00,24.42113169424871,55.76609786692018,38.16662809040236
2024-01-15 18:00:00,27.780707671761554,53.79988102820045,36.77443207732887
2024-01-15 19:00:00,22.81020152244401,44.66260312177779,56.882804612461086
2024-01-15 19:00:00,22.004621439739772,53.45202685010501,45.98662457944581
2024-01-15 19:00:00,21.98592912172565,48.52149410622797,44.409568979853326
2024-01-15 20:00:00,23.38807551420953,47.61814027061026,43.0750816266235
2024-01-15 20:00:00,26.121700984623494,52.34475465016291,38.68638920051148
2024-01-15 20:00:00,24.73619845810901,50.40427824489016,38.071508254936646
2024-01-15 21:00:00,19.95206017803592,60.52359689258906,47.0767138214814
2024-01-15 21:00:00,23.776591765578576,56.0222889057605,44.53327385387434
2024-01-15 21:00:00,23.280337877504238,47.22490282090621,62.0623471923267
2024-01-15 22:00:00,22.888120143663876,54.92713517193849,52.73631463224101
2024-01-15 22:00:00,22.015538214931784,49.84642045773296,48.10615522766765
2024-01-15 22:00:00,22.726586587808782,43.82704888378127,49.42062620864481
2024-01-15 23:00:00,27.436881496225464,55.60475730602814,47.99171722952676
2024-01-15 23:00:00,26.14834077798124,41.54106606658739,45.40119368784775
2024-01-15 23:00:00,22.784384120613755,59.01979799639445,41.59127015787903
2024-01-16 00:00:00,23.0303385850958,43.7457172930716,53.00672948786433
2024-01-16 00:00:00,25.479625366365592,54.67222011203548,42.05248544160354
2024-01-16 00:00:00,24.73380599976249,50.3151825111626,61.75509176800901
2024-01-16 01:00:00,22.818547644389767,59.9218422727064,48.54704944357908
2024-01-16 01:00:00,24.77784175241349,51.6328980424917,37.14266993661404
2024-01-16 01:00:00,24.394368125243385,53.480854687222,46.03648578314007
2024-01-16 02:00:00,24.907176026564983,42.88768327411952,47.703488418016434
2024-01-16 02:00:00,22.14404709833112,35.40208196614832,44.93175462046146
2024-01-16 02:00:00,24.85576462912365,55.24905957275617,49.624031845931846
2024-01-16 03:00:00,22.74224930237889,49.73534910932964,42.70020630535773
2024-01-16 03:00:00,23.275352515046094,53.540733067374646,38.15962708289295
2024-01-16 03:00:00,26.55779897313275,54.18141488360132,48.0511592618193
2024-01-16 04:00:00,23.82894078712442,55.36178415250784,40.13176372623894
2024-01-16 04:00:00,21.888291397884142,44.89453219590523,44.59966429652313
2024-01-16 04:00:00,25.82432351630904,53.02476595469457,45.32514263201458
2024-01-16 05:00:00,23.994856795344432,49.834692976189146,51.29279705310504
2024-01-16 05:00:00,24.464963730826742,52.80481650982455,49.77558581148722
2024-01-16 05:00:00,20.9797513409808,37.37332955908172,43.74949255260467
2024-01-16 06:00:00,24.07009457458129,57.82488597138445,41.66259378442812
2024-01-16 06:00:00,26.024456122287305,45.25592145377014,45.360654435041866
2024-01-16 06:00:00,25.51907265306975,48.29589889134087,52.7360529074012
2024-01-16 07:00:00,21.81511359794291,50.04495517620274,54.86632876253329
2024-01-16 07:00:00,24.53639609204659,49.74412846256404,50.99782169015951
2024-01-16 07:00:00,22.771467607114737,46.39158980997148,41.4924443119911
2024-01-16 08:00:00,21.108916338178165,49.81444644072297,54.28726235213085
2024-01-16 08:00:00,22.309001715388035,56.14972381682274,46.90894630847075
2024-01-16 08:00:00,26.374929762538,45.05838067520138,45.36172830174488
2024-01-16 09:00:00,22.32786020238624,55.27970281799391,48.07674783044988
2024-01-16 09:00:00,23.30769919308161,54.180289410258645,40.865728551519645
2024-01-16 09:00:00,26.19049411363693,43.26353148137071,47.19337825133936
2024-01-16 10:00:00,21.44918952030177,43.78704060475227,48.28221276322915
2024-01-16 10:00:00,22.99006901493664,49.53929920504236,39.78182795437343
2024-01-16 10:00:00,21.498051459979063,52.864782385869056,47.01840708176925
2024-01-16 11:00:00,27.43808071484367,45.73558284921364,44.106355853976986
2024-01-16 11:00:00,21.66142223136969,51.123380119108525,43.797367209818056
2024-01-16 11:00:00,23.32534150969227,46.420309385997314,51.132522191458
2024-01-16 12:00:00,23.230467471881607,53.11155989197031,49.02788404042159
2024-01-16 12:00:00,23.272934928030708,50.32894682548778,39.25321457440634
2024-01-16 12:00:00,22.845828895279904,47.86967819840757,45.69811824788982
2024-01-16 13:00:00,23.517215042263143,48.08010205137835,43.28172336262495
2024-01-16 13:00:00,23.06300878689812,46.24960954243253,51.07589810598343
2024-01-16 13:00:00,22.733175481008804,42.93698527040892,44.59504555114488
2024-01-16 14:00:00,22.5239116225647,47.56039792312053,47.447842189594034
2024-01-16 14:00:00,20.5617596771532,53.588437418405455,49.581124107275954
2024-01-16 14:00:00,22.756810833462268,42.52737003112785,45.76207077278676
2024-01-16 15:00:00,23.013895069139657,42.83256346642449,47.09809047091986
2024-01-16 15:00:00,23.82338574683564,58.46975124545447,47.59861703585497
2024-01-16 15:00:00,25.843423796123247,57.985114384353714,48.79033776894367
2024-01-16 16:00:00,23.101295100234715,55.48085433625533,49.92480419293163
2024-01-16 16:00:00,25.634930291213493,50.03118701712391,44.04941827886947
2024-01-16 16:00:00,25.95832930588869,47.098233011203305,38.15366228972289
2024-01-16 17:00:00,24.45949710771022,49.621142889894784,35.53662645586959
2024-01-16 17:00:00,22.92586905690717,50.05443138965921,44.98701352612584
2024-01-16 17:00:00,23.43939416573421,55.502434495001374,40.069959606884055
2024-01-16 18:00:00,26.54219994788461,53.16779254533616,44.94234852946748
2024-01-16 18:00:00,23.17960057149446,47.377016042908025,50.48848411448054
2024-01-16 18:00:00,24.216321436295893,54.35139626103382,46.15182363681856
2024-01-16 19:00:00,24.93923877061459,40.52884741450786,46.4943736349404
2024-01-16 19:00:00,24.6422476977362,55.243919178612686,48.21443591073279
2024-01-16 19:00:00,25.39020759302272,58.4670714548342,37.10939447960557
2024-01-16 20:00:00,24.63222386771081,57.130378595245006,38.14363421755952
2024-01-16 20:00:00,25.774296776388155,48.61492620201842,41.19568504587286
2024-01-16 20:00:00,23.702477556889587,51.19187051201418,46.93944271117572
2024-01-16 21:00:00,23.248818552741625,45.15435460405544,47.64901568521468
2024-01-16 21:00:00,20.243245962396472,58.18035318754615,35.890940220052286
2024-01-16 21:00:00,23.318944557664736,43.10790170086597,47.69883363333696
2024-01-16 22:00:00,27.65273277522,53.05761669377287,48.91786824394274
2024-01-16 22:00:00,25.58321121569282,50.88138863506201,38.0749639267294
2024-01-16 22:00:00,21.717995900499663,45.83161565648936,44.687966300814224
2024-01-16 23:00:00,22.993477584804783,49.69449856478322,37.70951606327103
2024-01-16 23:00:00,25.37928951590753,51.84976667101196,49.880264845080056
2024-01-16 23:00:00,28.174139102643565,49.92220421711774,51.25754631203554
2024-01-17 00:00:00,26.8881488927348,56.09061281799264,36.59960238780084
2024-01-17 00:00:00,21.427792666402716,46.390105850038296,41.60547195633322
2024-01-17 00:00:00,26.658718279306783,52.44062705615649,52.222149051824445
2024-01-17 01:00:00,25.475607219427268,49.9781617035261,45.11817199148518
2024-01-17 01:00:00,27.190346373220944,46.74264757963626,50.14959276791046
2024-01-17 01:00:00,24.04145878357159,55.3027759179838,39.7775219646381
2024-01-17 02:00:00,23.62357881598248,55.96562321865128,49.63290434991938
2024-01-17 02:00:00,24.765133854415605,44.50946222745733,43.11824332722964
2024-01-17 02:00:00,25.701029196583757,44.84806646817266,43.65603638675408
2024-01-17 03:00:00,24.18728712742454,41.32620905234579,42.43375119147552
2024-01-17 03:00:00,20.727755228608025,46.57689817710357,49.6961197957067
2024-01-17 03:00:00,23.13523309475888,55.21172821825419,46.56615015533631
2024-01-17 04:00:00,23.133857565742534,50.5963155094955,32.18805768232066
2024-01-17 04:00:00,20.26522187359804,49.70317355439899,44.18853882268323
2024-01-17 04:00:00,22.91865240686223,51.96544662830074,49.41029173816479
2024-01-17 05:00:00,22.32586454745577,58.25230387361896,38.35039994523287
2024-01-17 05:00:00,23.14959487213693,52.87678602044594,29.908571836436455
2024-01-17 05:00:00,20.25081708424762,49.41036949363965,45.224631513291634
2024-01-17 06:00:00,23.146867371537184,51.1739321017558,42.0070519305673
2024-01-17 06:00:00,21.986104639245184,56.7612762247124,49.09611095649693
2024-01-17 06:00:00,26.73994984875229,55.84736773424677,53.22110186537593
2024-01-17 07:00:00,21.96865586728508,53.9602409158765,42.47089314491451
2024-01-17 07:00:00,22.218762672037027,49.97077786841873,45.01106288480162
2024-01-17 07:00:00,22.97831673821364,54.803389396978034,42.049955547752205
2024-01-17 08:00:00,22.554806681514822,52.46139085977087,47.858876260239605
2024-01-17 08:00:00,26.70682979336404,44.68765197490548,41.643425607874605
2024-01-17 08:00:00,20.12878195595292,50.69961128651526,49.674963404561936
2024-01-17 09:00:00,23.41950871798641,50.415667343909,50.06237667391713
2024-01-17 09:00:00,21.387568568258175,45.84754351799293,39.13732153454399
2024-01-17 09:00:00,27.74362812587807,49.67252637737374,42.84366543797611
2024-01-17 10:00:00,25.202508523232066,51.38207642983964,52.206954031230936
2024-01-17 10:00:00,20.99273829401735,53.29158769359791,41.28770905308153
2024-01-17 10:00:00,24.16553340598359,44.44950117047147,50.11098275657554
2024-01-17 11:00:00,21.71957478592184,47.859452636708525,52.229029918253175
2024-01-17 11:00:00,26.16609788845336,46.1001370226141,50.98530902662094
2024-01-17 11:00:00,26.54569948203936,60.003766598925225,38.89001694387309
2024-01-17 12:00:00,32.381473693456,54.32584663002296,44.21164471394904
2024-01-17 12:00:00,25.5960783207808,41.3367330874956,39.24869732444367
2024-01-17 12:00:00,22.891319980505774,57.837420417625495,45.44012226372005
2024-01-17 13:00:00,25.69628016762596,50.80280967531239,45.6222922896248
2024-01-17 13:00:00,22.50546111076248,41.90339075492025,40.98071736577219
2024-01-17 13:00:00,22.40961458892725,46.02260273061927,37.97365032323171
2024-01-17 14:00:00,25.570644011571265,49.00252923862453,37.08297254289687
2024-01-17 14:00:00,27.84115852126801,45.849805908293646,45.84092528538516
2024-01-17 14:00:00,21.16286792210653,48.97037985898704,49.490418332560495
2024-01-17 15:00:00,24.762870629533143,57.10744068992076,38.78956805365732
2024-01-17 15:00:00,22.966222613285908,49.25090943120212,45.699754033851015
2024-01-17 15:00:00,27.01365331813043,53.32512641965343,34.48522675024146
2024-01-17 16:00:00,24.81949641471324,44.35473829220257,48.060855145966805
2024-01-17 16:00:00,25.159421342530727,54.03316317243819,41.437930180140526
2024-01-17 16:00:00,26.283680607206914,51.51441918604465,46.80003036891029
2024-01-17 17:00:00,23.51079811462186,44.58173640346914,42.47586260175487
2024-01-17 17:00:00,20.209877841969885,44.69093931820686,47.77519046563688
2024-01-17 17:00:00,23.97658534112262,41.0217360701292,49.55167947447036
2024-01-17 18:00:00,24.05078650059122,48.01831965734907,42.39834439095735
2024-01-17 18:00:00,25.257156214914477,38.61982213159113,45.53273500908834
2024-01-17 18:00:00,21.14233071160631,45.74861796057894,47.1641652426835
2024-01-17 19:00:00,23.591228012972454,46.96763009627013,43.36428918650595
2024-01-17 19:00:00,25.028737787598587,49.01069411523785,46.67723183539482
2024-01-17 19:00:00,24.674182901285484,43.654803946330645,40.87160657000639
2024-01-17 20:00:00,20.793833727545888,43.403521796857625,46.71430809753036
2024-01-17 20:00:00,22.166164071938127,51.215517471103006,47.25569382622381
2024-01-17 20:00:00,22.05492259342641,52.77534285654449,51.29603715849201
2024-01-17 21:00:00,20.79012336316297,43.8996527478331,49.95309519592877
2024-01-17 21:00:00,25.888856903757677,50.85115287296187,42.47292420643589
2024-01-17 21:00:00,25.63151094254428,53.7920118400068,48.15220946759303
2024-01-17 22:00:00,22.335345216213824,52.42093864135106,43.35243447809695
2024-01-17 22:00:00,24.675835332814508,39.528451577299,43.11713961274998
2024-01-17 22:00:00,25.1386474471982,50.86831711933054,54.40071568891937
2024-01-17 23:00:00,21.584604266365996,50.63757471413364,47.13764225180891
2024-01-17 23:00:00,23.913886164142166,47.86356359475823,51.4678018565007
2024-01-17 23:00:00,25.500073182848205,46.788977922331824,42.69327925144594
2024-01-18 00:00:00,22.574131422647387,47.53625425452232,36.59235235785923
2024-01-18 00:00:00,21.171150896075563,48.025182978484814,47.295642431077
2024-01-18 00:00:00,24.618676894781363,41.403725761685706,48.21914111508529
2024-01-18 01:00:00,25.764882402038445,51.21686051071801,37.536172532336536
2024-01-18 01:00:00,25.017784466301023,42.98647623353813,45.394440732984826
2024-01-18 01:00:00,27.22356602312045,47.315539822245945,42.35765875560664
2024-01-18 02:00:00,25.95064535436519,41.47808245255723,47.9046213398214
2024-01-18 02:00:00,23.568818502977106,61.35363146675947,49.761167219892
2024-01-18 02:00:00,26.38940421499044,46.83154292898045,46.03972923407261
2024-01-18 03:00:00,23.00112156400124,49.63354922851053,45.15407305430436
2024-01-18 03:00:00,21.921568602490176,47.12678331122969,50.32658688531347
2024-01-18 03:00:00,24.79622216104026,48.38122485759312,52.24034060890388
2024-01-18 04:00:00,22.41976176194113,44.91900468143768,46.36814709267279
2024-01-18 04:00:00,22.702111064464518,53.07570635435283,47.24740291651848
2024-01-18 04:00:00,25.554551964120584,48.70734104102162,37.7421058692868
2024-01-18 05:00:00,23.36044772810413,42.887574510287614,49.2248938299169
2024-01-18 05:00:00,24.83550208217788,41.31384104855493,35.510522057179884
2024-01-18 05:00:00,23.09378664371589,43.41137691112568,41.028670136667856
2024-01-18 06:00:00,22.41759547489167,51.5398925535915,35.09103972805299
2024-01-18 06:00:00,25.413602290011852,50.7474455006239,48.65954728708094
2024-01-18 06:00:00,25.32893612210306,52.04995872983056,45.57820898677331
2024-01-18 07:00:00,23.575783273906687,48.45326406876187,43.710698394337456
2024-01-18 07:00:00,24.06619685105171,50.54555673597291,38.44542154688041
2024-01-18 07:00:00,22.62628675273928,49.59482155265379,53.34525903602275
2024-01-18 08:00:00,26.5951242231492,53.1146171412566,50.2601643189076
2024-01-18 08:00:00,25.18414905228027,52.83482824479835,55.17674711876609
2024-01-18 08:00:00,24.11099626450046,43.62413009179142,45.047015387121554
2024-01-18 09:00:00,24.396177790696218,51.20769998321923,39.234013918046855
2024-01-18 09:00:00,25.30186883134374,44.77536617985568,54.58699989939976
2024-01-18 09:00:00,26.11309903629814,50.504178392451934,49.01363357213395
2024-01-18 10:00:00,23.77215315535195,50.03878901403068,38.1231990527792
2024-01-18 10:00:00,25.49125276441528,41.69347321043182,39.20390965172385
2024-01-18 10:00:00,23.28965224893473,55.92723253396309,33.6123764385409
2024-01-18 11:00:00,25.608858097698043,53.53539217797926,48.75184943840907
2024-01-18 11:00:00,19.26384225586265,49.76871377232305,43.69856942606066
2024-01-18 11:00:00,24.894798747341515,53.15585460299523,56.26673073280882
2024-01-18 12:00:00,25.451139937750323,51.62292190288884,45.23507242449445
2024-01-18 12:00:00,23.724584570303996,54.17417849173549,49.94328137835365
2024-01-18 12:00:00,24.5510851260736,48.06544499749503,51.03067040192205
2024-01-18 13:00:00,21.93186987778648,51.500451630314416,39.68553153967935
2024-01-18 13:00:00,23.48076018407981,52.81666321181337,44.17560145687684
2024-01-18 13:00:00,23.28355970864232,52.46228074744011,42.14776425703394
2024-01-18 14:00:00,24.761555425451743,52.11863636076127,45.09661329766482
2024-01-18 14:00:00,23.805509205737756,50.81944481031877,46.65452700176822
2024-01-18 14:00:00,21.597106771441208,55.79506366955427,42.46167969309071
2024-01-18 15:00:00,22.872395694166052,55.42683241915057,39.88795449009478
2024-01-18 15:00:00,22.966170154751097,49.56123602335237,40.818294908726735
2024-01-18 15:00:00,24.74494146721212,57.32069052402044,36.68609393012838
2024-01-18 16:00:00,19.360634804469463,46.77060303820338,49.22041070855837
2024-01-18 16:00:00,24.159335475870776,54.61465952109765,46.30407215418917
2024-01-18 16:00:00,22.733859195036075,47.789900779222414,47.295186811885
2024-01-18 17:00:00,22.169830925668197,48.52757253955269,45.03085342358954
2024-01-18 17:00:00,24.4910481389474,51.53200683516664,43.08805176157697
2024-01-18 17:00:00,22.90287355077351,52.461413147783226,44.0157006004401
2024-01-18 18:00:00,23.51057989781525,48.73147512777008,48.76706315327222
2024-01-18 18:00:00,20.606186866246134,45.9445398618164,44.10916431072054
2024-01-18 18:00:00,23.587688909910693,51.94914006560443,40.70834022136475
2024-01-18 19:00:00,25.021929558439165,51.26889164394866,41.88681278220805
2024-01-18 19:00:00,23.497329043628135,45.05762814085356,48.234714569737285
2024-01-18 19:00:00,26.743696885031827,45.23278769467216,50.74662177009737
2024-01-18 20:00:00,24.22354125135292,59.046874064260166,46.61312381134597
2024-01-18 20:00:00,23.48260658592062,55.87494862544519,44.96805947610759
2024-01-18 20:00:00,26.62721322221825,49.85082183048932,50.718294776693085
2024-01-18 21:00:00,21.61153339051369,47.84387368694555,45.04672177892351
2024-01-18 21:00:00,25.716775422058767,54.68758175048381,40.36710150925013
2024-01-18 21:00:00,25.96606044966955,42.76919176760687,49.150833277228784
2024-01-18 22:00:00,22.717923738347373,52.34583998312451,39.79360101947447
2024-01-18 22:00:00,21.32975031266526,51.36971462132792,42.19853997107543
2024-01-18 22:00:00,24.326599499703,48.38653638572202,50.15998243528977
2024-01-18 23:00:00,23.06062877109251,53.73843821285699,37.08162828872828
2024-01-18 23:00:00,26.04103986033152,52.346598595616335,58.218902333956365
2024-01-18 23:00:00,22.075267676628687,53.56862494712657,40.62360627118003
2024-01-19 00:00:00,26.655877748709365,55.08625486681997,45.5533793829015
2024-01-19 00:00:00,21.62851619171868,43.93616930398515,44.47791060915906
2024-01-19 00:00:00,21.733575815262935,42.896504977092754,49.941279381532034
2024-01-19 01:00:00,22.22643802722223,50.79163818301388,41.69772796927998
2024-01-19 01:00:00,22.51996347712345,52.85350892482813,50.45909968995694
2024-01-19 01:00:00,20.64782017919701,60.17621123391124,51.26560920355266
2024-01-19 02:00:00,22.581061003791437,50.946022997724825,45.22289722909846
2024-01-19 02:00:00,21.01450857830447,45.98957282667337,47.20474279765694
2024-01-19 02:00:00,21.696469833238137,53.81590272698397,49.84201429397753
2024-01-19 03:00:00,22.749062694960305,44.21222944320672,42.45847205744136
2024-01-19 03:00:00,25.951101057885232,55.29085364632116,44.02240463470907
2024-01-19 03:00:00,26.57420732603331,53.9846437875032,44.28079156132814
2024-01-19 04:00:00,23.930228611250588,47.963975031202445,43.19780456788486
2024-01-19 04:00:00,24.23187833468644,49.441114410747815,42.03514005975355
2024-01-19 04:00:00,23.108338533187485,55.52602924112979,44.28641949128109
2024-01-19 05:00:00,25.01452676859928,55.44668859252617,42.51364133988898
2024-01-19 05:00:00,22.281425321315915,46.5974151098869,45.95858078700104
2024-01-19 05:00:00,21.048017878203986,44.5354067353053,52.81073966492734
2024-01-19 06:00:00,23.7848792889392,52.2771921996261,44.77860841034987
2024-01-19 06:00:00,23.45937322227267,50.98360857420233,46.44478305462758
2024-01-19 06:00:00,25.82684216311544,57.87628146120583,44.72333988768721
2024-01-19 07:00:00,20.74797623778669,51.29322817993398,40.029169465072606
2024-01-19 07:00:00,22.48641188617667,43.728523732129645,41.94020830495619
2024-01-19 07:00:00,24.61751057875056,52.0888642625605,46.44779905878981
2024-01-19 08:00:00,26.232494701372172,46.449598125416415,29.54483805756755
2024-01-19 08:00:00,22.855460702074478,44.35405494461339,48.7861369041832
2024-01-19 08:00:00,26.304105631861383,49.05735763810994,36.50350584422685
2024-01-19 09:00:00,22.3415583761589,44.3854511877652,47.21082895382373
2024-01-19 09:00:00,23.26136000514594,49.72234940910395,42.59820958760992
2024-01-19 09:00:00,23.229462973182997,45.834901367480576,52.12052120607467
2024-01-19 10:00:00,22.563963976836728,51.366254155773575,46.97726515233131
2024-01-19 10:00:00,23.65842990871389,50.98051934377979,41.37537848828386
2024-01-19 10:00:00,20.294267930077552,42.29315991983002,43.74751197971045
2024-01-19 11:00:00,28.41066467779816,50.41556781552335,40.70113590882484
2024-01-19 11:00:00,23.21280682060078,45.15813727252991,42.47000182274195
2024-01-19 11:00:00,22.43574545398243,50.92865039486466,48.981389345351225
2024-01-19 12:00:00,21.664941054566068,50.47955616688565,44.18220464558021
2024-01-19 12:00:00,26.198404303327383,43.796599929100026,43.31919220613577
2024-01-19 12:00:00,22.472902252316157,49.59809813407312,42.7986339893917
2024-01-19 13:00:00,25.540307687599523,45.56432724283473,49.33429984730312
2024-01-19 13:00:00,18.45865759013062,49.14582406559523,40.7378163666221
2024-01-19 13:00:00,19.913346779383595,52.93318758852603,39.376190607813065
2024-01-19 14:00:00,24.540315021907823,41.551113054331054,54.32804318672837
2024-01-19 14:00:00,27.630067948000047,48.65977389901131,39.85317319840092
2024-01-19 14:00:00,22.641568007647564,39.994607307029526,40.25879438256188
2024-01-19 15:00:00,27.21197098093497,50.33727852508661,33.2552229119615
2024-01-19 15:00:00,19.190189738028494,42.66753129919168,44.44002204842462
2024-01-19 15:00:00,22.811018241830094,49.80275137638223,39.16571388739335
2024-01-19 16:00:00,25.033448083204703,46.3924071994887,43.21156040897571
2024-01-19 16:00:00,22.00358366601412,48.24229057491196,55.712859656951736
2024-01-19 16:00:00,22.63570674582188,52.24547387604143,42.19101840591564
2024-01-19 17:00:00,26.12583522505102,56.21735453680864,37.48821646608996
2024-01-19 17:00:00,21.427762599121436,56.334232177137125,45.714428142078695
2024-01-19 17:00:00,24.3452613144204,50.21964661484739,52.41382214662856
2024-01-19 18:00:00,24.790103957273377,50.82671301038406,48.55595854681312
2024-01-19 18:00:00,19.588024620377425,52.02057873810643,43.28162645479933
2024-01-19 18:00:00,21.51954382897993,44.36371243491554,39.746226325542885
2024-01-19 19:00:00,20.419760822149048,52.70911942924482,40.74506910629947
2024-01-19 19:00:00,25.613256683349597,54.21631584645507,51.02164858022287
2024-01-19 19:00:00,27.259007430173163,55.68919098655068,44.1426841657319
2024-01-19 20:00:00,23.68128877486056,51.2809155779178,43.59873149307207
2024-01-19 20:00:00,23.944025733371717,49.5464829420522,46.1381882070898
2024-01-19 20:00:00,24.616828705103515,50.67656761409431,44.181141446336014
2024-01-19 21:00:00,22.336989843687878,44.93597790957708,47.36000041072408
2024-01-19 21:00:00,26.830816078437376,53.851475731278185,41.16665595945901
2024-01-19 21:00:00,25.084527845912667,56.52937108505532,40.66651231273512
2024-01-19 22:00:00,24.87017885896268,52.30702074204154,46.745124611242936
2024-01-19 22:00:00,27.291381604906764,49.318760620333656,34.91488495897019
2024-01-19 22:00:00,24.47942716169345,47.34992343209475,45.80435008813053
2024-01-19 23:00:00,23.09545606678721,51.06107178147085,49.9956198160497
2024-01-19 23:00:00,25.952023732495576,48.0694282648082,47.54427614839775
2024-01-19 23:00:00,26.144486529866263,54.68718292565651,51.378670087254335
2024-01-20 00:00:00,21.877935710739973,55.64043293832771,44.10730338535647
2024-01-20 00:00:00,24.51508407781203,43.975568120074186,46.886192258299296
2024-01-20 00:00:00,26.111221782781374,50.438110961929226,43.46533361395947
2024-01-20 01:00:00,23.821078423686924,52.8676525248372,47.15391402809594
2024-01-20 01:00:00,24.640427151004623,44.80630572850671,48.35298201077888
2024-01-20 01:00:00,26.885672284091783,35.30632077327938,41.00880871346596
2024-01-20 02:00:00,24.234830588462493,53.74415345186589,43.85519097382311
2024-01-20 02:00:00,21.25068978442416,48.19108014608809,45.22287842199814
2024-01-20 02:00:00,24.044923079381505,41.59718716088945,43.25324760859184
2024-01-20 03:00:00,26.38741677721382,48.11462166231571,53.21308174524546
2024-01-20 03:00:00,26.308471104785,46.74236085680207,48.18991997973764
2024-01-20 03:00:00,25.147948957504543,50.471423892872416,45.28689404092873
2024-01-20 04:00:00,22.557601746832106,50.1614619585301,38.03990206237534
2024-01-20 04:00:00,22.69972034266389,39.90660528128015,51.388665290676975
2024-01-20 04:00:00,25.63835687350768,56.23826356158127,41.476984421743566
2024-01-20 05:00:00,23.731426497284698,44.2209792367103,40.11670353503672
2024-01-20 05:00:00,25.532951235729698,49.32296787209864,46.93976539287507
2024-01-20 05:00:00,23.535793470883068,44.59776084503044,45.0650328886738
2024-01-20 06:00:00,24.37059123152103,47.479682427320256,52.82378565917032
2024-01-20 06:00:00,21.43803995015093,54.53651908211052,49.98449512194532
2024-01-20 06:00:00,24.023780255942626,62.99765977585014,41.0666504800419
2024-01-20 07:00:00,23.11815680829239,50.70358245708288,39.959680584325376
2024-01-20 07:00:00,23.575541435734603,46.40690637353479,44.97169118640748
2024-01-20 07:00:00,20.23557952092804,56.65201677876352,49.6651086777568
2024-01-20 08:00:00,26.36682963223925,46.56098212486596,44.67356035216204
2024-01-20 08:00:00,24.35516245445863,56.17586692853212,54.9096527972492
2024-01-20 08:00:00,26.633487780898903,44.94630106983544,45.52193260004875
2024-01-20 09:00:00,25.294289731164312,48.05428865116208,40.67446693971155
2024-01-20 09:00:00,24.43881779080779,48.11905742697196,47.21221999934006
2024-01-20 09:00:00,25.521613091809385,48.226742592360544,45.540926690316105
2024-01-20 10:00:00,24.923450316161635,52.49664205925609,50.79950334991468
2024-01-20 10:00:00,21.946124784388445,44.0417426335881,47.21320797683241
2024-01-20 10:00:00,25.0264900850233,46.944869664438826,46.83570837179065
2024-01-20 11:00:00,22.567736654972755,40.39392496129005,45.69442286644976
2024-01-20 11:00:00,21.363450678757435,52.93429246972255,46.0309346486037
2024-01-20 11:00:00,24.251906005706,53.08230830816309,39.312344098518
2024-01-20 12:00:00,25.69481516324549,56.32441680081611,51.96095153747616
2024-01-20 12:00:00,22.749271310445188,48.48316117538146,38.11764463038613
2024-01-20 12:00:00,20.41020908361225,42.56969745903131,40.5168923470535
2024-01-20 13:00:00,24.72234277577766,47.39780614533098,49.441068430675095
2024-01-20 13:00:00,21.262506531116536,51.40952281630467,46.13857848901792
2024-01-20 13:00:00,25.531071465816183,58.24045204293462,50.275465676852846
2024-01-20 14:00:00,23.049018241514293,50.23350365815618,52.96096985387875
2024-01-20 14:00:00,21.315961625444388,47.90733945165186,42.3292182373477
2024-01-20 14:00:00,25.54431425064793,63.02240772856271,47.964836857483775
2024-01-20 15:00:00,22.985667196810297,43.861594994803774,42.0536395258908
2024-01-20 15:00:00,24.589706833056688,44.37899071332515,38.17445574653442
2024-01-20 15:00:00,24.118503630611634,60.22706304374157,48.78628910831987
2024-01-20 16:00:00,23.76113156042153,49.66445944327209,45.43437512721635
2024-01-20 16:00:00,26.55884022142163,46.98374514872658,47.21205510471604
2024-01-20 16:00:00,25.695917175197238,45.84129979678781,39.71412653689049
2024-01-20 17:00:00,26.054094389612224,50.221289994127055,45.61885177957426
2024-01-20 17:00:00,19.049567362457893,54.70775222348061,46.78474465677488
2024-01-20 17:00:00,22.469786212911654,50.45119313626925,48.82322977399459
2024-01-20 18:00:00,23.755290036706537,53.13123102105101,49.06494636539855
2024-01-20 18:00:00,22.56119919659427,54.76392113677053,36.58724465392296
2024-01-20 18:00:00,22.169261055927265,44.68437397970914,50.38862838391877
2024-01-20 19:00:00,23.03020962267004,43.89809948422256,44.6803519983801
2024-01-20 19:00:00,21.72868473225472,49.92604938056287,37.94213720301818
2024-01-20 19:00:00,24.810017526537784,52.25454832595792,49.19769236771418
2024-01-20 20:00:00,23.73337591708093,44.83451507841805,48.33846677208364
2024-01-20 20:00:00,25.598570361781366,48.785166917686766,35.77162176863285
2024-01-20 20:00:00,23.525736682141066,52.92631741077189,43.3150986566565
2024-01-20 21:00:00,22.93178509304008,59.61668186164352,46.64140845575778
2024-01-20 21:00:00,24.396730346109837,48.21379427410399,39.29638225253012
2024-01-20 21:00:00,22.4596200711267,48.49034148281071,40.91495704162331
2024-01-20 22:00:00,27.74888727534489,51.4624487821896,47.45041313881176
2024-01-20 22:00:00,25.324812675192064,55.64659823051988,43.04280969860688
2024-01-20 22:00:00,22.7299889129287,58.70161935768801,43.315263449024926
2024-01-20 23:00:00,19.86660226447136,42.865782246900665,42.55068847029224
2024-01-20 23:00:00,24.75253801632838,45.24397770974336,45.33235313893762
2024-01-20 23:00:00,25.797450111410093,45.20523084180959,38.6747225161928
2024-01-21 00:00:00,25.46268206334149,53.448622817093096,43.35463183143894
2024-01-21 00:00:00,25.37442212047027,55.89130629468151,43.76194643066714
2024-01-21 00:00:00,23.99513690401184,51.3875877360256,47.62483962112847
2024-01-21 01:00:00,24.76954450966596,50.26396852431294,47.96584636413168
2024-01-21 01:00:00,27.79156675528763,47.36975909162571,38.96531670697558
2024-01-21 01:00:00,26.290019759720177,54.16717307705383,49.89245887197759
2024-01-21 02:00:00,20.96997849256274,55.2826784624326,47.17916410923141
2024-01-21 02:00:00,22.434088608230496,55.227925060339096,45.2805956067507
2024-01-21 02:00:00,22.1372719803278,44.87227508296096,46.62574575581915
2024-01-21 03:00:00,24.94109753061819,54.93408613931996,52.52838053821954
2024-01-21 03:00:00,24.767508732436223,45.77070251495189,34.8693821586793
2024-01-21 03:00:00,22.32910934623677,41.63700358872784,38.1552285743202
2024-01-21 04:00:00,25.13642950674848,61.29301241101472,45.33288845926541
2024-01-21 04:00:00,21.914000246285195,55.196317190761874,43.01197238153678
2024-01-21 04:00:00,24.971384945781665,56.65028151774881,38.76923388090698
2024-01-21 05:00:00,22.081693393514858,46.33484855411477,47.88738456977077
2024-01-21 05:00:00,27.48265422391199,49.8463012799592,44.96271548463884
2024-01-21 05:00:00,21.77472059947025,41.99854357578758,42.50896546285199
2024-01-21 06:00:00,24.167487948844343,46.4741666672931,36.2899627593317
2024-01-21 06:00:00,21.299275071747985,50.07388834141477,44.38604004340026
2024-01-21 06:00:00,21.70169977991557,55.02428601597386,50.35300375429009
2024-01-21 07:00:00,24.867214919035536,37.04713976320233,47.98658976938801
2024-01-21 07:00:00,24.69175332237689,44.39121052774978,49.11129648442554
2024-01-21 07:00:00,22.46381357868209,54.61414164869738,44.88957354832683
2024-01-21 08:00:00,25.113646091306855,57.54411157938686,52.8936551425972
2024-01-21 08:00:00,24.38076277031876,52.38311809166031,52.6431220828677
2024-01-21 08:00:00,22.43450910048949,45.39636360646404,42.69065420155892
2024-01-21 09:00:00,19.552496344413527,52.87220875424594,46.694132475300414
2024-01-21 09:00:00,23.23674643368978,47.24847576459699,53.19992656254546
2024-01-21 09:00:00,25.95993326467761,48.44004574519846,40.51954709297955
2024-01-21 10:00:00,22.30793149540416,56.09383771189668,45.38142877410641
2024-01-21 10:00:00,28.60677713973564,52.312126857247975,44.13992104243753
2024-01-21 10:00:00,22.37080188169667,57.35256341574518,46.70072456463764
2024-01-21 11:00:00,24.288171726131548,56.20069020589237,45.110627118987225
2024-01-21 11:00:00,24.37508500291808,55.86524546925663,46.785896675834906
2024-01-21 11:00:00,20.487408689951582,49.116745565464576,45.17609500184122
2024-01-21 12:00:00,23.987166238559457,55.65597462658051,42.49960922523426
2024-01-21 12:00:00,27.247593654680504,46.26702426251615,38.79452562944328
2024-01-21 12:00:00,22.583979584353884,48.82852481463791,39.49870696865419
2024-01-21 13:00:00,22.95193491618478,39.33199043153647,42.02856480902473
2024-01-21 13:00:00,24.7931459521152,40.264763331073176,48.98592175499616
2024-01-21 13:00:00,26.738851671758663,52.75739403907868,42.46831350749824
2024-01-21 14:00:00,23.20172174049714,46.00357504803094,43.70499263288114
2024-01-21 14:00:00,28.592872208492736,46.2488019762894,42.36883137865536
2024-01-21 14:00:00,24.1686523092218,52.4095814392782,42.58641119884673
2024-01-21 15:00:00,24.304889352984777,51.39874587584772,41.441135125623845
2024-01-21 15:00:00,24.90287012111247,50.0042085866488,52.10647111563591
2024-01-21 15:00:00,26.031390739443506,51.98288181086013,43.0981768069344
2024-01-21 16:00:00,26.40819218825824,55.22229939337242,44.35168074447663
2024-01-21 16:00:00,23.484164628363693,55.55270377600471,35.645696061672695
2024-01-21 16:00:00,22.40220228928096,57.16282565641159,44.815623137792905
2024-01-21 17:00:00,23.72946055278318,52.77639918551803,52.84150322374046
2024-01-21 17:00:00,23.26570316654883,49.12945635059087,39.39371534691822
2024-01-21 17:00:00,22.814021954867677,54.92351431543351,39.5602187505817
2024-01-21 18:00:00,23.209751328180158,46.71937009373552,51.090577637333645
2024-01-21 18:00:00,24.55206289057641,44.60969856061741,40.51673371627101
2024-01-21 18:00:00,20.87912228258043,57.97045960067684,47.12771629757832
2024-01-21 19:00:00,26.258011639595004,59.7047739427857,49.429782513572206
2024-01-21 19:00:00,24.653489465395367,53.94397891445279,39.49427695879616
2024-01-21 19:00:00,25.56258743143033,44.17522680834757,52.00297693293956
2024-01-21 20:00:00,21.804426697829243,48.399536817123376,44.17896175478076
2024-01-21 20:00:00,24.193630426539727,43.57101296352204,46.26960006512853
2024-01-21 20:00:00,23.2878141740985,50.86803466242447,45.47103939730899
2024-01-21 21:00:00,22.720143663794996,40.914720482384055,45.1440578690721
2024-01-21 21:00:00,25.12031182940224,39.00578617230552,41.88714524101424
2024-01-21 21:00:00,23.32607227606632,48.78971975866183,40.6738546332251
2024-01-21 22:00:00,19.609436945186346,50.89353999280432,47.88528639096677
2024-01-21 22:00:00,24.376241239857546,45.71629008147049,54.67858874338992
2024-01-21 22:00:00,24.706437535972764,47.82428580254344,46.19079780662438
2024-01-21 23:00:00,26.42552514219076,45.428217419882415,46.92051061040858
2024-01-21 23:00:00,25.80797479966343,56.09860287556511,46.37779394621377
2024-01-21 23:00:00,23.50486549457976,56.54329261422609,43.03954982889975
2024-01-22 00:00:00,25.98672203808488,43.45594101614492,37.88242938574975
2024-01-22 00:00:00,24.85476603098227,55.1870888418966,46.62918013332045
2024-01-22 00:00:00,23.296397528461355,55.534701765219445,41.89948784088227
2024-01-22 01:00:00,26.39735521233729,45.67527788651414,42.58079027034229
2024-01-22 01:00:00,26.481320297228237,46.839593835956656,46.23299172424361
2024-01-22 01:00:00,22.47998740438151,46.24072217467766,41.81781747677735
2024-01-22 02:00:00,29.659809425720237,53.55761672505704,43.5331636107225
2024-01-22 02:00:00,26.18316925748253,49.2706630405505,42.31234437194826
2024-01-22 02:00:00,25.166526252311435,50.394037725896425,48.2880722963567
2024-01-22 03:00:00,26.234903084230364,50.494712220929294,42.135137096015946
2024-01-22 03:00:00,26.11857152776008,46.52709720022671,44.93930851064238
2024-01-22 03:00:00,24.39647678980676,45.85842803197863,32.87256294621493
2024-01-22 04:00:00,21.737274067901858,53.4612929385808,45.39679745045184
2024-01-22 04:00:00,22.430870889507176,56.01318548807298,45.57835269313189
2024-01-22 04:00:00,19.701514379575706,46.85907552071921,26.14216125634551
2024-01-22 05:00:00,25.069656209006077,43.532048206383536,34.92228489050181
2024-01-22 05:00:00,24.28294541691202,51.13880828800518,47.85405373025404
2024-01-22 05:00:00,24.54597037661339,45.15205395180992,39.70013978804929
2024-01-22 06:00:00,22.669956136557254,53.30032346044437,45.951339663115725
2024-01-22 06:00:00,21.855617133300143,49.63941323024604,42.824994235131065
2024-01-22 06:00:00,26.010145065498318,45.85746115690768,49.73790986571633
2024-01-22 07:00:00,27.025335535568164,52.88070318475239,32.23414018949171
2024-01-22 07:00:00,25.21755568292756,45.661794058106,47.4669993888784
2024-01-22 07:00:00,24.23028552885791,51.271238777835386,41.63701766315975
2024-01-22 08:00:00,22.96052740455009,50.05493898088859,42.21416822759212
2024-01-22 08:00:00,21.71817160237496,50.20727790990123,39.00553183567811
2024-01-22 08:00:00,24.68235458032789,47.84240534024283,40.98891694425868
2024-01-22 09:00:00,21.48142729877932,52.91172375308879,55.12828112536592
2024-01-22 09:00:00,23.157998513244607,51.88878996994577,42.00861987654844
2024-01-22 09:00:00,26.76428959598635,50.14301752983334,41.50914138626489
2024-01-22 10:00:00,26.98244823497831,46.838777653423705,43.51046234644229
2024-01-22 10:00:00,24.10294414106461,54.77863321565818,45.59880118162195
2024-01-22 10:00:00,25.05959080876339,51.12953083654256,45.10262392852184
2024-01-22 11:00:00,23.183729274453416,46.45239541009268,49.27158739837856
2024-01-22 11:00:00,22.590339960514054,38.17764279417823,38.930175289561
2024-01-22 11:00:00,23.89626384708858,50.35364776090165,55.238102454738254
2024-01-22 12:00:00,17.788297815350763,53.14458728360261,49.48132638282886
2024-01-22 12:00:00,22.36831957672172,56.47363507063899,41.07519092123993
2024-01-22 12:00:00,24.760800191857577,56.79933305841581,50.62678913980259
2024-01-22 13:00:00,23.163554516470537,44.9996070678128,43.06554664967913
2024-01-22 13:00:00,24.51219753868629,47.72450060883547,46.72602414181413
2024-01-22 13:00:00,25.13094402267081,38.063591296710015,43.84198722544133
2024-01-22 14:00:00,23.299052637992204,44.85563165552643,48.01708334522395
2024-01-22 14:00:00,24.43904950703088,50.72971581567748,48.08623805917789
2024-01-22 14:00:00,22.0415881937725,47.322825416535714,52.08311431213838
2024-01-22 15:00:00,21.668201439774315,68.58668240039552,46.03857263449093
2024-01-22 15:00:00,25.416383984644664,60.93413100158229,53.206492990006936
2024-01-22 15:00:00,26.304321283893383,45.54983551330664,45.80759727670902
2024-01-22 16:00:00,25.61058756158185,56.69148623770825,41.20191127604827
2024-01-22 16:00:00,24.85157030224387,52.13416124810504,51.28998016651482
2024-01-22 16:00:00,25.88729250027982,56.81925533791258,43.51138047092584
2024-01-22 17:00:00,24.897841565865555,45.95280787529745,39.14250454750576
2024-01-22 17:00:00,22.797817888271105,41.85018906926764,43.83125951648807
2024-01-22 17:00:00,22.125848000622344,48.67053749697988,52.15024765366529
2024-01-22 18:00:00,23.290726054168708,48.272318066518885,56.58509371680619
2024-01-22 18:00:00,23.73879296243424,42.93447778354778,42.563681704797695
2024-01-22 18:00:00,23.72558824307886,41.735997420443184,51.53605053500343
2024-01-22 19:00:00,20.325727751095037,52.755495787877614,38.65791920948047
2024-01-22 19:00:00,25.719529764702067,42.47467548933664,43.78114739647053
2024-01-22 19:00:00,25.483791832796232,56.30251892897184,42.94752998499281
2024-01-22 20:00:00,22.775066307429583,54.573991524894254,28.370253043913152
2024-01-22 20:00:00,23.861084083073536,45.01570787335658,42.93100311868146
2024-01-22 20:00:00,27.06990334578258,51.40824770940424,45.011555185605424
2024-01-22 21:00:00,23.20930871192119,50.34263188343965,40.74876039752291
2024-01-22 21:00:00,19.219369795302967,41.5207395888075,49.58889899050951
2024-01-22 21:00:00,22.070503478251663,49.99858715168636,38.29070511321997
2024-01-22 22:00:00,23.0696784393791,52.9327674051429,42.72257944900892
2024-01-22 22:00:00,26.407884402438867,50.90203157040602,42.66128969377705
2024-01-22 22:00:00,22.77776445876761,52.09513057711623,44.03011830323692
2024-01-22 23:00:00,22.1302132323697,56.28312108328955,33.55138624126659
2024-01-22 23:00:00,25.120885743585557,50.810812018279954,51.83972028416268
2024-01-22 23:00:00,23.923185624197394,52.69431092835359,36.84080303943323
2024-01-23 00:00:00,25.965821512665432,56.18675781647755,40.0471186418466
2024-01-23 00:00:00,22.531633547945788,50.14633748565064,32.68352766087754
2024-01-23 00:00:00,22.65940389877919,47.684627069268615,33.457650175000936
2024-01-23 01:00:00,28.137873686469145,51.01503437687102,45.63493499768399
2024-01-23 01:00:00,28.745111928354987,62.66770881914795,40.42503658133347
2024-01-23 01:00:00,22.39069013878703,44.31236188890569,46.27332520324613
2024-01-23 02:00:00,25.94540118637397,51.2112722561182,42.28867275857609
2024-01-23 02:00:00,23.74675929058566,48.79630607205221,43.513462692246286
2024-01-23 02:00:00,26.964547140395634,41.01202152048449,46.04550387867069
2024-01-23 03:00:00,23.04469724997425,49.396974775193065,41.64316229724334
2024-01-23 03:00:00,24.274005698014,50.34278053641119,55.19020193684365
2024-01-23 03:00:00,23.05011921420143,49.024690105172965,48.33031037747951
2024-01-23 04:00:00,24.700849690257147,51.20421285979491,41.63740403557792
2024-01-23 04:00:00,22.764887794335586,58.423235118482246,43.796096275205095
2024-01-23 04:00:00,22.972534104486165,55.73793739063216,45.19537232377931
2024-01-23 05:00:00,24.07113929589159,46.559422119038615,48.94712633904774
2024-01-23 05:00:00,26.766721118727503,64.67817083998958,52.37032684661969
2024-01-23 05:00:00,23.584318686756724,41.20008908080716,36.82915288570349
2024-01-23 06:00:00,21.25528008989334,53.41742372542591,48.70156530844242
2024-01-23 06:00:00,25.29905492565298,50.886902430937866,40.285245823332886
2024-01-23 06:00:00,22.920217987297782,46.17930135958347,51.88396391030388
2024-01-23 07:00:00,28.332385826112823,52.71468195465151,51.42909697291662
2024-01-23 07:00:00,24.597907629780327,52.52121730002072,50.93078324656197
2024-01-23 07:00:00,22.615376922843254,40.67580639772968,34.7031485035577
2024-01-23 08:00:00,22.560370986617087,48.95846340846787,43.382503609212016
2024-01-23 08:00:00,22.91961047160149,50.04878131911072,39.66681318297472
2024-01-23 08:00:00,25.449875676082048,50.45007193001589,39.92858474979824
2024-01-23 09:00:00,23.277004233867583,42.60682430906828,42.656963531419024
2024-01-23 09:00:00,24.2330246950326,44.36175327813233,53.607809216839534
2024-01-23 09:00:00,24.386546208374394,55.92736350611044,54.72724947919448
2024-01-23 10:00:00,26.15894499608961,52.04307736611385,54.52379250414272
2024-01-23 10:00:00,24.210863331804955,50.53972559241299,44.38849313536791
2024-01-23 10:00:00,25.230692037811615,48.25484441914368,39.54844958011494
2024-01-23 11:00:00,23.341953875390427,48.122632701079006,39.27682477470032
2024-01-23 11:00:00,23.628334074788366,55.20094687655414,38.00010227327687
2024-01-23 11:00:00,25.091111536051887,51.06050668460006,42.88996013797131
2024-01-23 12:00:00,24.42881330359703,48.72463232764589,46.74418812380699
2024-01-23 12:00:00,26.992886596628644,50.70509228544423,45.15167159240613
2024-01-23 12:00:00,25.1990751479894,57.79244044933229,50.644822641914914
2024-01-23 13:00:00,23.32010729195112,49.86776157387048,45.00145550163824
2024-01-23 13:00:00,22.02278371171063,51.21758846225773,47.3099476356169
2024-01-23 13:00:00,24.9080996555873,50.0271617868389,40.50007972624806
2024-01-23 14:00:00,26.627997037748703,54.977613846433655,50.60712571076505
2024-01-23 14:00:00,22.02624159448997,52.07796471521713,48.58681498994468
2024-01-23 14:00:00,21.56308123913677,44.65867400335318,47.56595146141923
2024-01-23 15:00:00,24.99473119229611,49.86350179393719,47.41223039235511
2024-01-23 15:00:00,21.55089012326252,60.435750872059685,50.155869486215146
2024-01-23 15:00:00,24.15132757417336,50.25192699331259,43.45038354340096
2024-01-23 16:00:00,23.59765915316276,46.45184627131509,50.096286928037536
2024-01-23 16:00:00,24.512870960105456,60.72650981297434,55.05379632453406
2024-01-23 16:00:00,26.45460239430716,50.81972262229951,40.00864487836592
2024-01-23 17:00:00,24.206582839362515,47.20219300356693,44.80747380344886
2024-01-23 17:00:00,22.24399656059842,52.29373733239554,49.28329382081199
2024-01-23 17:00:00,23.46636153340852,45.13249168632239,47.744376089552944
2024-01-23 18:00:00,21.83735249548709,54.77387081751717,45.07487636979242
2024-01-23 18:00:00,21.156119215117695,54.27018244110644,38.19767825524124
2024-01-23 18:00:00,22.516940123970823,49.87328365140022,42.96751789150402
2024-01-23 19:00:00,21.984336533394647,48.34279756909331,45.47950712316303
2024-01-23 19:00:00,26.177360801203985,49.320048054569135,47.579162400961806
2024-01-23 19:00:00,22.41054199589734,56.47323453267735,52.03237624573221
2024-01-23 20:00:00,24.725923092727136,46.3987240604782,48.287241356459
2024-01-23 20:00:00,24.11636874682701,49.54682376603011,35.534167349343406
2024-01-23 20:00:00,20.169176631290707,41.821245637503246,47.09148939396218
2024-01-23 21:00:00,24.021504690141587,54.82055522798509,53.35432949085339
2024-01-23 21:00:00,25.700387097157368,45.14491528729557,41.458851706249376
2024-01-23 21:00:00,19.795616345339276,49.71754988950838,47.71075836993751
2024-01-23 22:00:00,27.99701216758209,49.063483978628966,45.80927947982126
2024-01-23 22:00:00,20.650719291227443,55.92751064142304,48.350419884160914
2024-01-23 22:00:00,20.603576877144107,57.18362255250599,41.37061541638046
2024-01-23 23:00:00,22.374601851200687,55.01685436997918,40.665935040033794
2024-01-23 23:00:00,24.97958809568385,50.312341419913096,41.84219121272125
2024-01-23 23:00:00,25.258945452586502,45.0445081718775,44.21865542161308
2024-01-24 00:00:00,25.056314116124664,57.663357699631575,44.13920436832502
2024-01-24 00:00:00,26.184216241884265,50.08409204489106,40.58391473500498
2024-01-24 00:00:00,19.29069341280029,46.4846103451952,47.85947126618262
2024-01-24 01:00:00,24.473594814599306,44.32192639979944,42.00028793878718
2024-01-24 01:00:00,24.82796553597597,53.58832653975138,48.68359815722515
2024-01-24 01:00:00,22.4527780434633,48.85415804881865,46.23031430118317
2024-01-24 02:00:00,26.2174993998457,52.41836853024455,45.38727581456301
2024-01-24 02:00:00,21.03081347230716,53.41708662911636,39.19295741975651
2024-01-24 02:00:00,24.840724836886583,53.421067337905335,54.04830356845774
2024-01-24 03:00:00,24.11446607867987,42.64381904450646,52.55027922325563
2024-01-24 03:00:00,23.71915090983358,57.44761470172337,41.00789402690583
2024-01-24 03:00:00,26.33777848680524,55.36780725354953,40.188229934404525
2024-01-24 04:00:00,27.00195697110837,50.57932315750685,53.9167731299769
2024-01-24 04:00:00,24.476313976435005,49.19506260129197,51.98552030912045
2024-01-24 04:00:00,19.56761477257217,49.40558952602997,46.28770155687999
2024-01-24 05:00:00,22.336596130973504,49.29012291420209,47.15475142244973
2024-01-24 05:00:00,22.32141754580911,43.99854534636571,52.892954296500925
2024-01-24 05:00:00,26.72556746466801,49.51519932273177,44.45697563741727
2024-01-24 06:00:00,21.572906204422686,52.06748050093347,45.31595862405754
2024-01-24 06:00:00,24.833914525520985,51.19263395654041,37.55107954126981
2024-01-24 06:00:00,21.84214275278225,50.05658908755623,45.54998330036171
2024-01-24 07:00:00,21.347799715434338,44.31445627252715,57.11569088352093
2024-01-24 07:00:00,23.39906223481398,49.37074269009399,40.001004365011575
2024-01-24 07:00:00,23.441501312339984,48.75218274770645,34.82104245758323
2024-01-24 08:00:00,24.95457016218209,49.80051194269091,48.07266051827789
2024-01-24 08:00:00,26.680491819177234,48.9984825859998,41.36571415101496
2024-01-24 08:00:00,29.56733675726322,45.83424798020469,42.55403813211328
2024-01-24 09:00:00,23.91464348869085,49.93660483826298,35.38366796428055
2024-01-24 09:00:00,25.73863485401189,50.10517754115238,36.49411558861594
2024-01-24 09:00:00,23.375927014878457,56.35583526476352,44.380646991550144
2024-01-24 10:00:00,21.77908662162764,45.45323841805387,41.24973476133445
2024-01-24 10:00:00,24.20099846446925,50.68717877743366,46.316856961571865
2024-01-24 10:00:00,21.67298942331329,53.15621096801372,43.47304546542251
2024-01-24 11:00:00,24.67742837543096,57.12727095029858,42.047985070569936
2024-01-24 11:00:00,24.451690569897305,52.17289249512847,52.896054506215776
2024-01-24 11:00:00,25.60525894951594,49.25863776894841,56.31347535912833
2024-01-24 12:00:00,23.574593886596134,48.34033666936348,47.94803601210289
2024-01-24 12:00:00,22.03226299953213,46.45286699457928,44.72657777450757
2024-01-24 12:00:00,21.731455498416928,51.53921729438304,44.29690074773951
2024-01-24 13:00:00,23.523496631714877,49.23110530732036,47.36801960235128
2024-01-24 13:00:00,23.887243135501457,50.95886598696127,37.91484915626012
2024-01-24 13:00:00,22.97858524449898,57.01392410395289,41.27774151462764
2024-01-24 14:00:00,26.02544290496464,52.76079814673837,43.41248701266499
2024-01-24 14:00:00,24.241145487725756,54.05900940616182,38.73478752902278
2024-01-24 14:00:00,24.21310779295701,44.93132514958018,47.75943120240444
2024-01-24 15:00:00,22.90116398870054,49.065968296162445,46.18318359368151
2024-01-24 15:00:00,23.434722725103576,46.92725141785871,44.893927958858825
2024-01-24 15:00:00,24.71004260946416,47.58441209498849,50.06244520163997
2024-01-24 16:00:00,23.2273354061518,50.998022539856414,45.08363241634692
2024-01-24 16:00:00,24.482425452471368,57.07937091065242,58.0328333212345
2024-01-24 16:00:00,19.70602802478377,45.90649397305861,40.916187687932286
2024-01-24 17:00:00,24.663605668393544,61.88299776347301,38.11743112185683
2024-01-24 17:00:00,19.857591268245955,53.53893467299408,40.95015265064301
2024-01-24 17:00:00,22.696416278532237,42.17449118867238,38.11915574884353
2024-01-24 18:00:00,22.573556011859623,46.99531913508592,42.607137744489656
2024-01-24 18:00:00,23.10528699341534,46.93005374691244,43.86721101534032
2024-01-24 18:00:00,25.05418543513088,51.79269291920014,49.3180764796392
2024-01-24 19:00:00,26.511212150342452,55.16635865804326,41.28565491921883
2024-01-24 19:00:00,22.312076471307456,44.15114434359684,38.77380015903682
2024-01-24 19:00:00,26.16831199334733,54.5352755451576,48.78728263709471
2024-01-24 20:00:00,23.299838183608937,44.753696721097775,43.35905360966723
2024-01-24 20:00:00,23.56687902266243,49.01306925026709,41.73449195826542
2024-01-24 20:00:00,23.34200687438928,40.627778509813965,50.24191754125195
2024-01-24 21:00:00,24.96047558384196,43.69625183931373,40.76435303132355
2024-01-24 21:00:00,25.04422589368363,56.55758670819077,49.450856184364376
2024-01-24 21:00:00,22.85663777203653,45.0301177374116,55.36637771355918
2024-01-24 22:00:00,22.93655284767632,59.27966981303317,55.50296932181739
2024-01-24 22:00:00,25.36419252192435,42.32774169231331,47.101108454809605
2024-01-24 22:00:00,22.80374161920794,41.73520421031582,38.8639677542937
2024-01-24 23:00:00,23.566616979314976,48.9990551056744,42.96327518019149
2024-01-24 23:00:00,24.692879915034087,54.85410825755143,49.83842301833208
2024-01-24 23:00:00,23.723644224019065,50.22116297455522,46.6261597903131
2024-01-25 00:00:00,25.86022853871918,47.68354847528983,41.81209884064707
2024-01-25 00:00:00,19.038075572516487,44.29770902930312,44.10916617657637
2024-01-25 00:00:00,23.139993105455165,45.59984054650401,44.86446196309505
2024-01-25 01:00:00,26.825828596509773,55.88353325493451,41.38695445967652
2024-01-25 01:00:00,25.312334211295383,37.39764000407271,45.66553300151834
2024-01-25 01:00:00,25.69951538885489,56.2495299768709,36.70780122452757
2024-01-25 02:00:00,23.345793289378907,58.63273008611753,46.57505276425977
2024-01-25 02:00:00,21.927435118464626,46.44259543908634,48.52885473035568
2024-01-25 02:00:00,23.39623328290741,51.28567231338523,46.91006789281365
2024-01-25 03:00:00,24.77815019600667,47.571095942694726,50.972319741402345
2024-01-25 03:00:00,23.189292423576827,46.09033692003432,43.932199881746655
2024-01-25 03:00:00,19.0480713795678,54.799914625096086,42.85206869108357
2024-01-25 04:00:00,24.52463524529599,40.37326887308177,40.4698428605555
2024-01-25 04:00:00,26.05448093113707,53.36830071357467,46.192672246665765
2024-01-25 04:00:00,23.474457862945336,50.42874569959429,44.24903280950583
2024-01-25 05:00:00,23.950904963534786,46.91193207276567,52.8178055447414
2024-01-25 05:00:00,24.86488715112653,49.34762730987923,41.285019886314096
2024-01-25 05:00:00,22.431489926035614,47.31361662968039,42.56902527986531
2024-01-25 06:00:00,24.13155280634781,48.30833153661506,46.39909215476999
2024-01-25 06:00:00,22.99919374565189,57.16556694117088,45.3354613613006
2024-01-25 06:00:00,23.949242820606777,53.82297882680437,45.29818528407994
2024-01-25 07:00:00,24.86723328983833,57.86395320955869,50.1092227273686
2024-01-25 07:00:00,23.738490696776683,43.9547023874553,57.09427609823795
2024-01-25 07:00:00,22.515064804381964,49.84050781378741,52.1274284743876
2024-01-25 08:00:00,22.43870128457681,45.0672379001707,46.741521126239
2024-01-25 08:00:00,24.20533023093521,54.03349416113776,46.00989288820673
2024-01-25 08:00:00,22.74138732555665,51.50390258354784,41.81084115875503
2024-01-25 09:00:00,25.54793770665257,47.448742642148126,45.91958425607992
2024-01-25 09:00:00,18.91167877484869,50.54692544194413,41.07846318017296
2024-01-25 09:00:00,22.728282187566226,49.42100778430561,38.206106439617216
2024-01-25 10:00:00,24.242607416972405,57.43354803745511,41.315705646541225
2024-01-25 10:00:00,25.222624527694222,50.39946162334467,41.80697516799154
2024-01-25 10:00:00,26.60931787040824,44.10840445236428,42.398302958213065
2024-01-25 11:00:00,27.257300198092764,43.11736875328202,60.078471458842216
2024-01-25 11:00:00,23.44271843654572,56.35809188729386,48.52982754649271
2024-01-25 11:00:00,24.819472510954014,44.26352714791489,42.305479261154645
2024-01-25 12:00:00,26.69276077155796,42.42279297994472,41.9136209593022
2024-01-25 12:00:00,23.900728924395715,51.83652106395755,45.76646988584773
2024-01-25 12:00:00,21.97386575997793,52.063299736966535,39.148979771482125
2024-01-25 13:00:00,20.982232626282247,53.77438609099217,48.901215199130434
2024-01-25 13:00:00,21.883955392446623,48.98232759846781,47.435215507063965
2024-01-25 13:00:00,21.34919114689529,54.43387286558355,43.59954945277656
2024-01-25 14:00:00,21.63355226229892,48.60790420533159,42.92422255009977
2024-01-25 14:00:00,19.706541818763505,49.50745281963068,44.29186222446816
2024-01-25 14:00:00,22.538033386329424,40.883161460509285,37.7320412870697
2024-01-25 15:00:00,24.227528914480587,58.26061999477313,39.5476628121432
2024-01-25 15:00:00,23.557662920543187,53.03494653288466,41.31051648168924
2024-01-25 15:00:00,24.68715812482178,47.307431599730464,34.24083689448006
2024-01-25 16:00:00,22.867709237477765,51.96632799276309,39.59206765885506
2024-01-25 16:00:00,25.89131885438523,54.18378613828296,46.11261588299162
2024-01-25 16:00:00,19.886698519973024,55.09305124654829,46.95185915260864
2024-01-25 17:00:00,21.59037737518795,49.92682243724538,42.63158457722815
2024-01-25 17:00:00,21.1195575957108,52.78728709574064,55.52493480336421
2024-01-25 17:00:00,30.4236175161562,45.60620790581291,41.14517573506349
2024-01-25 18:00:00,24.515083965948424,55.05193767305811,46.23687537037834
2024-01-25 18:00:00,24.32111256415262,50.919194812926285,54.44354618486855
2024-01-25 18:00:00,26.081358554109556,50.62260439492631,38.8465164696204
2024-01-25 19:00:00,24.516072931811927,52.51554959872555,53.48690961715137
2024-01-25 19:00:00,24.21504674765749,57.12070803371324,46.24055508267868
2024-01-25 19:00:00,26.31710025394137,57.038433807792536,42.85760818182669
2024-01-25 20:00:00,26.148131163346694,49.83364495616754,45.105693820829394
2024-01-25 20:00:00,26.632238969446632,57.68151327935508,34.691297294550736
2024-01-25 20:00:00,24.84924488733492,51.3510459831178,51.89828601178273
2024-01-25 21:00:00,25.88666232810225,57.52156525529535,39.89968715282894
2024-01-25 21:00:00,22.31982322813544,41.39066833405992,44.1971981466939
2024-01-25 21:00:00,26.169207838681164,46.84651607225607,46.70821627439656
2024-01-25 22:00:00,23.67306413268497,47.05878403504664,43.11076250643515
2024-01-25 22:00:00,23.124229176511744,47.257182808443766,49.16619257105705
2024-01-25 22:00:00,24.414098481889138,48.65876779955023,52.93454129083046
2024-01-25 23:00:00,23.003431115104057,52.67593543611198,41.161375818998856
2024-01-25 23:00:00,23.113587296819983,54.87014248984744,44.71883557722543
2024-01-25 23:00:00,24.49109405875648,50.73870028349932,45.292239237293145
2024-01-26 00:00:00,23.077122271418773,52.141095984156095,53.2869801935073
2024-01-26 00:00:00,25.65937461275605,43.43445673754405,49.48274659561657
2024-01-26 00:00:00,27.70532087550969,48.68877803561402,46.72960760248455
2024-01-26 01:00:00,19.91644727208657,48.217430561471005,50.78561203825354
2024-01-26 01:00:00,23.265235913987617,50.65618573134679,45.1613226788604
2024-01-26 01:00:00,25.90598597035734,53.31190373249655,43.80789162817973
2024-01-26 02:00:00,24.314696546501363,46.25362444416824,43.48888281216493
2024-01-26 02:00:00,22.633228725664974,53.53454625640458,52.26117848617934
2024-01-26 02:00:00,23.378009334019723,54.21070727052179,43.66939085762989
2024-01-26 03:00:00,21.895280119389614,43.98635499227441,35.756531912425885
2024-01-26 03:00:00,24.136647151426388,41.87945171024431,53.96311862433583
2024-01-26 03:00:00,21.34729568945429,47.1366860314795,42.88894366697527
2024-01-26 04:00:00,24.59948836258134,49.78342133916461,43.49416843903141
2024-01-26 04:00:00,22.429408821491748,48.9632241218089,44.10510911590224
2024-01-26 04:00:00,21.95734353797125,49.12539677695104,49.66232446127008
2024-01-26 05:00:00,23.974714792504944,56.77943995765615,47.30706031682143
2024-01-26 05:00:00,22.97044068579091,53.31684465884848,46.54274926888023
2024-01-26 05:00:00,23.144560897659428,50.78960578972724,44.03960597931103
2024-01-26 06:00:00,24.18395893649084,46.03671506600147,47.97873351939096
2024-01-26 06:00:00,22.973449360871715,46.15197124381466,44.772600533274726
2024-01-26 06:00:00,21.331894041808106,51.44039136158523,41.48374884499817
2024-01-26 07:00:00,25.719073661094782,48.187244838556765,38.460844163299264
2024-01-26 07:00:00,23.410173376243947,58.30382272521459,57.32410756376104
2024-01-26 07:00:00,25.495500121854256,51.72846394065923,45.46879307946342
2024-01-26 08:00:00,25.16374383781157,54.14280157114735,41.13428820348076
2024-01-26 08:00:00,25.382110290643016,52.34505802876838,49.844677042830014
2024-01-26 08:00:00,25.799284675449403,43.82703966095961,46.43905715984614
2024-01-26 09:00:00,22.392217881796643,50.01533590545654,49.88141832722913
2024-01-26 09:00:00,23.97364476320827,53.29393275060509,37.48692148015788
2024-01-26 09:00:00,26.65419553993596,58.13190640327467,42.44448024048192
2024-01-26 10:00:00,21.834411940998823,52.88592623139462,49.82194659299255
2024-01-26 10:00:00,23.62248787647374,50.49456872749418,36.54547356867077
2024-01-26 10:00:00,28.22032116221226,50.024492806792125,35.689565509484595
2024-01-26 11:00:00,25.51546439745647,49.08451846155648,46.23627090547717
2024-01-26 11:00:00,26.123874547639264,52.1999695906731,45.064007136805664
2024-01-26 11:00:00,19.330561317558185,45.52559521150028,40.38264768662155
2024-01-26 12:00:00,20.776371431268007,50.96479686314244,47.63792757993379
2024-01-26 12:00:00,21.51440708968797,58.68611186748012,38.397268652653736
2024-01-26 12:00:00,27.5074943101591,43.96532878831937,54.07580685957845
2024-01-26 13:00:00,26.00934906712463,50.310470331746686,46.64172001166398
2024-01-26 13:00:00,23.222016682639502,50.232591031570685,46.38111792081691
2024-01-26 13:00:00,24.455890946197325,53.80270768210553,39.85829807203948
2024-01-26 14:00:00,24.950227961044888,46.9061005896665,43.81955286374741
2024-01-26 14:00:00,26.17163289391495,50.56224014674882,47.17567866229783
2024-01-26 14:00:00,19.662595065819865,58.779209531365126,56.46385250166154
2024-01-26 15:00:00,20.30117437211384,53.27038370052065,50.90614920774245
2024-01-26 15:00:00,23.30233155752733,53.101462320174896,48.1217295199547
2024-01-26 15:00:00,24.01493030739597,50.35654533068723,49.85633344802679
2024-01-26 16:00:00,23.189371576332302,50.7813428805289,51.8744484950022
2024-01-26 16:00:00,25.41875657331528,54.24776228946581,47.46890170413165
2024-01-26 16:00:00,22.345779466948056,56.326211715602255,43.758961877572766
2024-01-26 17:00:00,23.16031385992888,54.6131413895461,49.83276264849359
2024-01-26 17:00:00,23.481059344711788,46.4810970678662,39.25694135920297
2024-01-26 17:00:00,22.768973384157047,52.19567084544483,42.97767055648848
2024-01-26 18:00:00,25.30700630652943,50.21933328387358,43.00991746521756
2024-01-26 18:00:00,25.547597116421684,55.94496852137859,46.53760820856018
2024-01-26 18:00:00,20.280558120229585,47.04465498241816,43.09800951254136
2024-01-26 19:00:00,22.894880147369783,51.166391163122825,44.3656713862846
2024-01-26 19:00:00,25.34560452197139,58.707262305884655,37.94288736772356
2024-01-26 19:00:00,24.65384559954478,43.87926842169028,45.1127034405143
2024-01-26 20:00:00,26.872975825131213,46.926924112844745,42.664902950186026
2024-01-26 20:00:00,22.15754934547455,52.5225680046304,43.916997855308985
2024-01-26 20:00:00,23.64955502543612,52.98748847736464,50.68511695535983
2024-01-26 21:00:00,23.13412052022844,46.550239788107504,42.46314260993328
2024-01-26 21:00:00,26.200725592519543,47.60713230702419,40.08443565121744
2024-01-26 21:00:00,25.09146439300488,53.62000969915382,44.82053003831359
2024-01-26 22:00:00,24.68609255477045,51.964783727876224,49.14006986607823
2024-01-26 22:00:00,25.424601943347103,53.78793457740726,37.95889567189956
2024-01-26 22:00:00,24.609128743488764,43.7112794086969,49.40216123581802
2024-01-26 23:00:00,24.698880863181174,52.3050931292501,39.9502078885774
2024-01-26 23:00:00,28.55230363613191,42.0565074861661,42.79712294645014
2024-01-26 23:00:00,24.364358082213933,55.85115149454548,36.18733812003765
2024-01-27 00:00:00,24.190892837476643,45.4005695986012,49.591191927373714
2024-01-27 00:00:00,28.11032524948658,47.353096538752055,47.86858130526176
2024-01-27 00:00:00,22.632770477207373,52.26931813836472,46.84049097346277
2024-01-27 01:00:00,25.61112488382788,47.09666902311071,49.40641215546893
2024-01-27 01:00:00,22.1432491876542,45.38603988910958,38.75853853169584
2024-01-27 01:00:00,22.44939627878214,52.42976385143767,50.223571372222274
2024-01-27 02:00:00,23.77162057412799,54.9238285545534,43.75492340017863
2024-01-27 02:00:00,24.22237822694177,53.39555910953784,38.60718725573347
2024-01-27 02:00:00,23.7895695969276,54.06929567654763,39.49987502263311
2024-01-27 03:00:00,24.18802316321828,50.09035028265726,41.32433246868962
2024-01-27 03:00:00,24.22004090881852,58.560350254928665,40.72620680600653
2024-01-27 03:00:00,21.95838663066218,51.809641969003344,47.71495126561628
2024-01-27 04:00:00,27.38300963492449,46.38072398931525,37.27337751063601
2024-01-27 04:00:00,26.856644271838555,56.06168681303339,57.60711098138292
2024-01-27 04:00:00,25.7659131111138,56.47856612929274,44.09877992203421
2024-01-27 05:00:00,21.963588242032134,52.8834557142061,46.33201316284424
2024-01-27 05:00:00,22.692567196840976,53.66362935749604,42.288342304405056
2024-01-27 05:00:00,26.340791019019328,60.74135283877983,54.512815362416525
2024-01-27 06:00:00,25.807507756691667,42.83864434056634,45.54914112215092
2024-01-27 06:00:00,24.690429768707617,55.90063617971983,38.81391686798484
2024-01-27 06:00:00,24.536192490545297,46.9399186127619,39.42016714374073
2024-01-27 07:00:00,26.72151937039193,45.74618213541135,40.39883510524388
2024-01-27 07:00:00,23.29945642641032,49.4107389056677,51.38807460710788
2024-01-27 07:00:00,22.836869767608142,55.44979169166108,43.3757875131139
2024-01-27 08:00:00,26.0484433246692,49.55123816567332,41.97752166230637
2024-01-27 08:00:00,24.05715260577941,48.44018617235675,44.09543237771056
2024-01-27 08:00:00,24.711961214714645,52.52642527523075,42.62819053193781
2024-01-27 09:00:00,21.315831568754373,52.72218125872891,34.43741429692248
2024-01-27 09:00:00,22.09806099995688,50.26963400744851,51.216106360106494
2024-01-27 09:00:00,23.991789314810305,53.487345288052616,44.40442192524308
2024-01-27 10:00:00,24.101042265089887,46.40808142996189,49.465818416003366
2024-01-27 10:00:00,22.64169621705839,47.987102272720456,39.76316236594646
2024-01-27 10:00:00,23.790938686115062,47.70824482677372,42.39791173593774
2024-01-27 11:00:00,25.152725926274236,46.05594156669565,55.11075890388106
2024-01-27 11:00:00,23.674034125814835,55.01744833321584,45.224752423543805
2024-01-27 11:00:00,21.535350354099137,53.71437081731964,48.73487363261547
2024-01-27 12:00:00,25.337712874950267,51.799585625283335,47.62342534153554
2024-01-27 12:00:00,26.89197095740725,49.39371846016058,47.415371790724194
2024-01-27 12:00:00,25.138272174319425,54.48661036422076,48.80380051152894
2024-01-27 13:00:00,22.70944245826109,52.74607321243178,48.31751965375191
2024-01-27 13:00:00,21.12307861830796,42.42100432732827,40.92259707196451
2024-01-27 13:00:00,24.720050738944188,50.644279435404414,37.45890269874268
2024-01-27 14:00:00,28.560696486966624,49.13955073803204,52.25260905015962
2024-01-27 14:00:00,26.363191188771296,60.78407982714916,42.927668795452405
2024-01-27 14:00:00,21.641691106334022,47.27400332367787,40.59940207579031
2024-01-27 15:00:00,23.003607481030592,58.67507939735533,43.72278073366695
2024-01-27 15:00:00,22.502006574357907,57.9858998033243,47.26863484647405
2024-01-27 15:00:00,24.07422742302257,56.77742046873225,46.84504084569536
2024-01-27 16:00:00,24.17134549962299,39.0355619528158,46.52802734747931
2024-01-27 16:00:00,23.21532095964644,44.9573892923023,37.44436167262609
2024-01-27 16:00:00,19.083705088307145,51.94005610256225,45.84976008268953
2024-01-27 17:00:00,27.93209760695077,41.32322815391488,47.88427067876304
2024-01-27 17:00:00,26.03747217048237,57.88769750950048,42.062534960034384
2024-01-27 17:00:00,25.237120721569827,47.09347208037797,48.01516700562959
2024-01-27 18:00:00,25.3320176551156,48.10839006063761,52.99481259290618
2024-01-27 18:00:00,26.257590180635415,46.22092340161928,38.86677185324088
2024-01-27 18:00:00,25.369684973190544,48.49589715843573,55.987979716558016
2024-01-27 19:00:00,28.50289134314713,41.40152440417907,39.3872938091901
2024-01-27 19:00:00,21.611167095373187,47.9483124886706,35.82597901599642
2024-01-27 19:00:00,23.57694679516589,47.74412619668658,37.56422050200405
2024-01-27 20:00:00,24.59474189902242,51.05871058525931,42.20732521925307
2024-01-27 20:00:00,22.397605530661476,44.9079395182875,49.337095620602256
2024-01-27 20:00:00,24.578669694585333,46.98874251825972,40.852669469423546
2024-01-27 21:00:00,19.149146360290057,52.79277698022016,53.940945567675016
2024-01-27 21:00:00,25.2302483744338,41.66664233834457,41.77747051482368
2024-01-27 21:00:00,23.99352918207649,42.90552356852572,44.72514931039151
2024-01-27 22:00:00,24.63150944125905,47.29866398315448,51.847419809539474
2024-01-27 22:00:00,23.886194377350204,47.98977312539756,41.8413003421209
2024-01-27 22:00:00,21.50821666541545,45.61301417721905,43.18124696959035
2024-01-27 23:00:00,28.36788097054934,52.500137803132986,39.68316738839471
2024-01-27 23:00:00,20.84730255696524,58.52375932275466,41.22507881606708
2024-01-27 23:00:00,24.641938484596185,47.910837161863135,46.20735266382852
2024-01-28 00:00:00,26.47388474781632,50.221585029346784,37.96509827055536
2024-01-28 00:00:00,27.694717560125586,54.79021022102727,52.0862868528905
2024-01-28 00:00:00,22.5005704191677,48.98571863102261,42.66401331176337
2024-01-28 01:00:00,23.72674414311463,38.442509063003634,33.380486900433894
2024-01-28 01:00:00,25.79789845462578,61.54495083737477,42.09806165041833
2024-01-28 01:00:00,24.471141132735017,52.12071209232484,41.629373967735205
2024-01-28 02:00:00,24.534098481924374,55.09733911970442,44.434930586113865
2024-01-28 02:00:00,25.70577253033979,45.49941541118141,41.53473321940645
2024-01-28 02:00:00,23.413036758487447,53.80552742859927,53.12924671031076
2024-01-28 03:00:00,24.948838830123005,45.78614068759133,39.50360795769933
2024-01-28 03:00:00,19.340028259338,51.68736549420981,42.52955984225731
2024-01-28 03:00:00,25.79481393395362,48.63122947618131,45.04092676071545
2024-01-28 04:00:00,25.445454604451022,55.67986207222716,39.514397191166594
2024-01-28 04:00:00,25.08175516097193,49.53425259741726,50.40623099406087
2024-01-28 04:00:00,20.781831497821702,59.53362927115416,42.77269983707487
2024-01-28 05:00:00,27.82648153258768,54.78390787846673,48.32133739701355
2024-01-28 05:00:00,25.066286937462927,51.365469662988026,41.56429910521253
2024-01-28 05:00:00,22.26168552843365,42.27996717974506,43.5703134260998
2024-01-28 06:00:00,24.550615436302685,46.39938379866725,49.48960087614411
2024-01-28 06:00:00,25.49607792553749,43.41483675952511,42.45557361845096
2024-01-28 06:00:00,23.38932571888846,40.73218978663645,43.87856504986238
2024-01-28 07:00:00,24.67629028013249,45.61697390916385,43.72635577915512
2024-01-28 07:00:00,24.021915597939937,44.04991133611223,46.18220050278186
2024-01-28 07:00:00,25.866522012486325,51.1881424191584,40.89295817052287
2024-01-28 08:00:00,23.936714319049408,57.68915844759224,54.81897407103385
2024-01-28 08:00:00,25.66001699637061,53.59781961779686,36.50081239636748
2024-01-28 08:00:00,26.685533887931392,39.50866510113937,44.9766439256855
2024-01-28 09:00:00,22.773425036776068,51.13251835421405,47.51768046766782
2024-01-28 09:00:00,26.07788788120964,50.43255494584681,37.29097302287234
2024-01-28 09:00:00,20.423896721863592,54.62055123094021,42.6184671271738
2024-01-28 10:00:00,24.656312396835837,52.13326613039973,39.12677832103992
2024-01-28 10:00:00,27.67340231734729,52.056446258417104,37.511755997362826
2024-01-28 10:00:00,22.140220201056,46.89027334791841,43.00029476733948
2024-01-28 11:00:00,23.28276214583454,44.83327480581419,43.19251286455068
2024-01-28 11:00:00,24.978574581499668,45.30477524044083,29.79770753046284
2024-01-28 11:00:00,24.09604733713198,56.630440415763736,40.205702638120734
2024-01-28 12:00:00,23.5235612411489,48.81915758969744,33.25184824030366
2024-01-28 12:00:00,24.525711353590083,51.33572932841482,43.34054218878762
2024-01-28 12:00:00,26.302467613926453,52.612269612322194,46.93313712946443
2024-01-28 13:00:00,25.42867182166232,52.56777480135467,42.41511823691389
2024-01-28 13:00:00,24.103543460112107,45.4491356641684,40.9419852159039
2024-01-28 13:00:00,23.79503075310264,52.62779458671746,48.33497348026098
2024-01-28 14:00:00,23.2136635791424,42.94222757856103,48.77924141223433
2024-01-28 14:00:00,24.526491125429203,48.342475705623706,49.57342999905959
2024-01-28 14:00:00,25.02205600752905,54.05887363993176,43.38714763221672
2024-01-28 15:00:00,22.931582312938964,46.30709304879671,46.09614127066051
2024-01-28 15:00:00,20.54016260103156,54.01376614584265,46.3396835940413
2024-01-28 15:00:00,19.86141882423076,65.26097381239666,46.89886379471136
2024-01-28 16:00:00,28.55789922938984,56.44421080945521,47.4331809822102
2024-01-28 16:00:00,22.57467542797925,51.59024200086216,49.17508933672772
2024-01-28 16:00:00,23.33496582008176,53.86473647186742,43.74094834452017
2024-01-28 17:00:00,24.030428190516403,44.77966467588483,45.15478078439938
2024-01-28 17:00:00,23.60816906341843,43.69817840217077,41.000537291613234
2024-01-28 17:00:00,22.81432302345254,48.43784272414965,41.96138894458229
2024-01-28 18:00:00,24.85237739174045,49.38896763555455,44.47723813785437
2024-01-28 18:00:00,23.239291755066333,60.658893967258095,46.296651152606806
2024-01-28 18:00:00,24.677956779318823,47.92283267933788,37.2598002148148
2024-01-28 19:00:00,21.82457543057348,53.845571503392414,45.45701975891936
2024-01-28 19:00:00,21.947526072994545,53.01321656592788,48.90782261904214
2024-01-28 19:00:00,22.332073570798265,47.4574903839272,40.86158730871862
2024-01-28 20:00:00,24.81024945066254,44.8868852644508,42.49503303424165
2024-01-28 20:00:00,22.860451604078172,53.61346926130857,46.04548959449677
2024-01-28 20:00:00,23.36244344252069,48.30277769821741,39.76474778696017
2024-01-28 21:00:00,24.25214889529653,52.16123295114033,46.67006608438206
2024-01-28 21:00:00,24.730055899728704,55.110763442728,47.39706621560514
2024-01-28 21:00:00,23.899752254552197,42.30777864712873,47.2873963370122
2024-01-28 22:00:00,23.93068825646116,45.814474189174376,43.11504915494136
2024-01-28 22:00:00,22.66529866800033,49.01834387315691,48.73933264815901
2024-01-28 22:00:00,21.46742385548488,43.15087140499882,41.81196999531861
2024-01-28 23:00:00,22.487543755610787,56.0609946043644,49.46000278127364
2024-01-28 23:00:00,20.477249006103296,53.98455532378925,40.724109452234565
2024-01-28 23:00:00,22.460665321940777,51.947073561886334,51.86683532826412
2024-01-29 00:00:00,23.45967802689873,54.16030486171824,45.15288248288664
2024-01-29 00:00:00,23.720571722018345,49.94009350293554,48.82838606533033
2024-01-29 00:00:00,23.409610145416345,44.09265280603146,47.97154530562725
2024-01-29 01:00:00,27.3105642209616,49.78746334099569,50.04041029923451
2024-01-29 01:00:00,27.12714074977034,46.56559267403731,40.78148754176453
2024-01-29 01:00:00,21.417751546192505,49.5220276989994,41.88819352367896
2024-01-29 02:00:00,25.842126808600167,53.13277501649888,52.44177004458642
2024-01-29 02:00:00,24.730906910206706,49.83462808958532,48.25320783827159
2024-01-29 02:00:00,23.53954864173107,45.43950965446443,38.72055117487749
2024-01-29 03:00:00,21.22321683596028,48.39654942313683,42.7229477018371
2024-01-29 03:00:00,27.03186863971814,38.40289074156986,39.40933663464084
2024-01-29 03:00:00,23.269215702351847,46.61857057859269,37.188417540748816
2024-01-29 04:00:00,26.50485017347872,46.3620748586894,39.05979093397556
2024-01-29 04:00:00,24.90079151773873,48.552736073629255,42.58418594435468
2024-01-29 04:00:00,25.34459306661615,47.71324899886301,40.00595812521782
2024-01-29 05:00:00,26.73931149350887,53.29637540486968,35.133721732787045
2024-01-29 05:00:00,23.00896575286151,46.4329725175801,36.06605819664552
2024-01-29 05:00:00,24.836646920663057,54.80832145928725,48.80929301257539
2024-01-29 06:00:00,24.030030106634136,52.44653546006104,37.42400701513884
2024-01-29 06:00:00,22.335490598165237,49.341879360268365,41.05904634176196
2024-01-29 06:00:00,21.55340774923484,44.16678983637088,46.266464072479984
2024-01-29 07:00:00,25.445364814743947,53.06179649382685,48.41037220773485
2024-01-29 07:00:00,27.0065948523258,41.73317971191832,58.66005431783076
2024-01-29 07:00:00,28.021841029151062,45.66139819337885,42.81724628410997
2024-01-29 08:00:00,23.37662844878944,57.23126866763763,50.364782064598565
2024-01-29 08:00:00,22.673966706523206,58.16347062222697,49.18920598322696
2024-01-29 08:00:00,25.673770138905503,55.76297064434276,49.94837798897547
2024-01-29 09:00:00,24.85589303737377,54.151082595031006,46.52862574225991
2024-01-29 09:00:00,25.852141500904654,50.91264461368056,43.1765499985726
2024-01-29 09:00:00,23.0670877087422,53.11404072238574,43.31858651693017
2024-01-29 10:00:00,23.411976384001687,47.66251325555731,51.181337488867726
2024-01-29 10:00:00,24.2827249664436,50.47979792879979,51.51594780417381
2024-01-29 10:00:00,22.2188093020184,44.269412660495966,49.767065426998656
2024-01-29 11:00:00,22.8967953834101,46.80460719678116,46.68550969306826
2024-01-29 11:00:00,25.43579193078116,45.00658839075705,42.04589257514063
2024-01-29 11:00:00,22.780429154207283,49.18782117598203,41.338962207172266
2024-01-29 12:00:00,23.32872357539429,38.43818891695975,49.22700859495552
2024-01-29 12:00:00,24.13961607181551,59.686383370312655,42.3602615954016
2024-01-29 12:00:00,22.272715693530884,57.85167531912215,43.50504561522599
2024-01-29 13:00:00,26.2489788258246,50.47407637278576,45.4603031666737
2024-01-29 13:00:00,24.045771043586036,51.68246482082828,42.32723699970825
2024-01-29 13:00:00,22.4844385753101,51.13175194727996,43.918723212370935
2024-01-29 14:00:00,21.746827544063965,46.50549925854599,44.45553786743152
2024-01-29 14:00:00,22.76323320939473,49.089118611398696,41.4574438119872
2024-01-29 14:00:00,26.40396076517548,56.09461765095611,50.04573487442218
2024-01-29 15:00:00,24.11006536810899,50.78324451749965,45.960173238168025
2024-01-29 15:00:00,22.54233209569651,53.45099420435146,43.34922269959144
2024-01-29 15:00:00,20.280246127682997,43.558303174828026,46.31498101928855
2024-01-29 16:00:00,24.153196585326317,46.987181016571455,41.84156749271537
2024-01-29 16:00:00,23.45957717731593,52.10178734022781,44.43646804306879
2024-01-29 16:00:00,22.807955249777475,49.194759553951705,47.090148604709725
2024-01-29 17:00:00,24.86004023193836,46.55627056272829,38.2071032951536
2024-01-29 17:00:00,23.076939633428868,54.44389465868131,36.79101486577119
2024-01-29 17:00:00,23.810674687084653,53.36988049439199,46.3027678247465
2024-01-29 18:00:00,24.8838634789158,59.88804226013732,42.35501941670236
2024-01-29 18:00:00,24.256765110520146,46.62361284378182,49.95624239854882
2024-01-29 18:00:00,24.00947492884187,42.70238822754908,26.13940091764109
2024-01-29 19:00:00,25.192246708278827,47.98776990524203,48.065532026110034
2024-01-29 19:00:00,19.20824163826913,59.54670566141812,46.54430290407775
2024-01-29 19:00:00,24.083239363434657,50.98050553975256,37.564737264519295
2024-01-29 20:00:00,22.256213285183183,52.446912008400766,44.4829298431192
2024-01-29 20:00:00,21.59776337738778,35.20278839563747,44.83335939585093
2024-01-29 20:00:00,22.089849448492444,52.32779196075056,49.25281306861487
2024-01-29 21:00:00,25.934449665721345,53.93658421526034,46.31711268834859
2024-01-29 21:00:00,24.260276918066136,51.18151101760508,48.40801082389076
2024-01-29 21:00:00,29.539061218013167,50.52451306365762,44.67295085800872
2024-01-29 22:00:00,25.55206659473495,52.332116956537305,45.39092977767661
2024-01-29 22:00:00,24.154187053419047,48.71602659143301,39.53283236428601
2024-01-29 22:00:00,23.972741216448945,45.63032022590284,50.17945196552983
2024-01-29 23:00:00,22.762001659842973,58.749848991436295,47.91060626760483
2024-01-29 23:00:00,26.33041232439945,41.95265416565114,42.959466394232685
2024-01-29 23:00:00,23.06210314476386,55.194460375114176,36.94571451106571
2024-01-30 00:00:00,25.73247300618321,54.14259221376994,42.67593970407314
2024-01-30 00:00:00,24.179868749597333,46.51545256263984,42.10012733147509
2024-01-30 00:00:00,25.297054126740758,48.57336110076382,42.21403507936957
2024-01-30 01:00:00,21.05505069494645,49.3417800612716,40.75368294025552
2024-01-30 01:00:00,23.52125342097143,57.551227670275566,47.28370751311791
2024-01-30 01:00:00,24.189233020220897,46.129224563773406,40.93196777631614
2024-01-30 02:00:00,24.127591574684804,44.12128551694117,44.63159381198387
2024-01-30 02:00:00,26.84781584497766,50.97054107694223,55.06035394140465
2024-01-30 02:00:00,27.609167491106803,52.45777468946578,48.378292714120455
2024-01-30 03:00:00,24.946035115240196,48.73743215216929,48.705904388047465
2024-01-30 03:00:00,20.665809704491437,45.93482879685854,39.18863315952501
2024-01-30 03:00:00,22.662622176149345,46.61505142540111,39.22465904942594
2024-01-30 04:00:00,29.78010214722379,45.12492992191338,42.98263232366181
2024-01-30 04:00:00,22.4740179064794,43.60166938339592,34.994005644554235
2024-01-30 04:00:00,22.54044862272021,43.74449204731602,38.91829115374111
2024-01-30 05:00:00,24.02567838077515,52.42049836228721,37.87194598156411
2024-01-30 05:00:00,27.111017652883277,55.352276313631045,54.60931980494079
2024-01-30 05:00:00,26.78757647699677,45.22274692822991,47.37202197853886
2024-01-30 06:00:00,28.488389911009715,43.78903100994573,48.93556503868433
2024-01-30 06:00:00,22.51033941869664,63.51157361682377,42.117427723985145
2024-01-30 06:00:00,26.97491267195144,39.60912086559879,41.26495984335649
2024-01-30 07:00:00,21.42190656918932,44.221610528938136,47.36705860100292
2024-01-30 07:00:00,27.561014892639296,46.11857191514013,42.70373464128557
2024-01-30 07:00:00,21.97581510133968,49.67746266571987,46.23423352982677
2024-01-30 08:00:00,28.25277738213731,39.32331539329946,53.88480207559439
2024-01-30 08:00:00,22.872374547048192,50.20174375564571,51.369957151702
2024-01-30 08:00:00,25.357826591415268,49.94544101844069,40.32167836226239
2024-01-30 09:00:00,24.453922526251944,47.7362366906552,46.855493643880266
2024-01-30 09:00:00,25.689467548369567,55.884651413485145,47.80896222545682
2024-01-30 09:00:00,25.439163108713352,52.70293478117853,41.83701320873621
2024-01-30 10:00:00,20.79915972462635,43.76025038596863,47.18432443310557
2024-01-30 10:00:00,24.905641979535787,44.13179618822312,38.841000887451024
2024-01-30 10:00:00,23.067330014808157,52.673704836301816,41.09850329090794
2024-01-30 11:00:00,23.95441104427332,53.56646157428603,41.5937595239099
2024-01-30 11:00:00,26.81908009362693,52.032816889559,44.65044350950984
2024-01-30 11:00:00,23.72413353491488,48.07020246575825,45.03276914760124
2024-01-30 12:00:00,24.192398381338407,42.44465824841299,49.97752087332483
2024-01-30 12:00:00,27.9613397176932,45.37822139610843,53.74464716755356
2024-01-30 12:00:00,29.137305039510863,48.7959103302508,43.89061247879245
2024-01-30 13:00:00,23.13540580027088,50.349031566431904,45.08816152357087
2024-01-30 13:00:00,26.30085606598988,49.633847865738566,39.47659925676733
2024-01-30 13:00:00,22.97842678646828,53.28413961365989,45.93830391202207
2024-01-30 14:00:00,26.431356290769934,52.22472615205671,43.25499431723652
2024-01-30 14:00:00,25.62017858550813,47.907797626359184,43.7956637249693
2024-01-30 14:00:00,25.562299418850937,53.74296153185213,33.94475610074383
2024-01-30 15:00:00,25.79442915352399,55.18551820526946,45.05212292653649
2024-01-30 15:00:00,23.29848362613147,51.471811962870696,42.698251571179206
2024-01-30 15:00:00,20.837364423111595,52.10070774553438,34.3552188757663
2024-01-30 16:00:00,20.71666470943248,47.3164720293999,41.78409201796699
2024-01-30 16:00:00,25.89268840070411,48.03917002656348,44.910905272444815
2024-01-30 16:00:00,25.823209359659565,53.98615306415444,45.589416455411616
2024-01-30 17:00:00,22.79234045668769,49.73447041636504,53.33136652306626
2024-01-30 17:00:00,22.59146848172528,45.36757456998972,48.12279054137638
2024-01-30 17:00:00,25.420636079474814,57.972803528573,39.96291485408544
2024-01-30 18:00:00,24.96382987375121,51.92982726685632,46.445411808354905
2024-01-30 18:00:00,23.66817293937406,51.33298949564957,41.63670191586843
2024-01-30 18:00:00,26.00114013734937,41.91987822163816,46.14515053023804
2024-01-30 19:00:00,23.094349984306035,43.63384258385249,41.56946641126907
2024-01-30 19:00:00,21.878526331229008,49.26884591551386,53.37895414608101
2024-01-30 19:00:00,24.105407409025396,47.05525569318702,44.943651011588905
2024-01-30 20:00:00,24.68308471542918,44.875892540205726,48.93238175042087
2024-01-30 20:00:00,23.5500845595646,53.668832803097786,44.45716030118629
2024-01-30 20:00:00,25.51184933472497,49.31368021958526,46.56283533142981
2024-01-30 21:00:00,17.93167521214756,52.38818543570836,42.72514449522937
2024-01-30 21:00:00,22.372612116276866,51.62927993308761,49.164229554507
2024-01-30 21:00:00,25.011775914737523,41.376571636155305,47.32918916345002
2024-01-30 22:00:00,27.758838020397302,38.7198457084671,39.59986222784392
2024-01-30 22:00:00,22.778164615870125,56.227224840176405,48.47728572040869
2024-01-30 22:00:00,25.683062640859312,48.83148161719424,41.73426579800515
2024-01-30 23:00:00,24.52971611836102,44.41977515221543,39.05725354366641
2024-01-30 23:00:00,23.74465404713959,51.56934310364075,45.25406088326682
2024-01-30 23:00:00,25.903432471946594,52.93739131585716,43.40507479164451
2024-01-31 00:00:00,25.167242883391143,51.4482925351046,46.1786876472344
2024-01-31 00:00:00,20.654120233376517,50.26512658523961,49.7058059042257
2024-01-31 00:00:00,24.792435957410227,50.142352888881504,42.34047267370028
2024-01-31 01:00:00,24.02263172477795,56.84533095771737,34.843358548559294
2024-01-31 01:00:00,25.42909313766985,47.41516961097628,50.81349198609041
2024-01-31 01:00:00,25.25061255147643,52.48532143679744,41.83204181987235
2024-01-31 02:00:00,22.7168077755134,43.625075067245504,52.73167902642302
2024-01-31 02:00:00,23.19488328499798,54.327127492494114,42.384286918967724
2024-01-31 02:00:00,26.82932111630723,55.886961496464,46.338673094221775
2024-01-31 03:00:00,23.828037331243408,46.35470938207733,50.3773968691866
2024-01-31 03:00:00,21.698274624193687,46.44281206506125,52.232195160901526
2024-01-31 03:00:00,22.88598782986012,39.87767144883505,42.14914858592015
2024-01-31 04:00:00,29.23998181366985,47.33123213007888,36.79438590875935
2024-01-31 04:00:00,23.60706111431367,43.512442098901815,46.43044481403553
2024-01-31 04:00:00,21.43841905628975,48.25847074646186,43.52910593313722
2024-01-31 05:00:00,24.94484724488488,49.74623875636693,52.763520355068025
2024-01-31 05:00:00,26.05928885329023,45.104195854523326,52.01442565768272
2024-01-31 05:00:00,25.71078009345987,53.736659171193935,47.36060527038729
2024-01-31 06:00:00,27.83797638127225,52.05140648199578,51.22627677189542
2024-01-31 06:00:00,22.52315395716741,42.86435178158265,42.63836475891425
2024-01-31 06:00:00,22.05957812594264,51.50347771798254,35.594859470449954
2024-01-31 07:00:00,20.719124245783654,51.95832211287964,33.82573984083676
2024-01-31 07:00:00,22.91465721411508,48.12484571331756,47.38925688794067
2024-01-31 07:00:00,23.267530381581167,47.331773314744815,39.012775760809454
2024-01-31 08:00:00,28.865738929046945,37.49654682125991,51.597294362270326
2024-01-31 08:00:00,26.01686931477432,51.5599780981049,40.79549195141194
2024-01-31 08:00:00,22.921699544930004,53.28639915787561,36.889498115478986
2024-01-31 09:00:00,23.257311465191894,44.74187199345325,52.23070592441871
2024-01-31 09:00:00,24.38426225695304,52.18262466456999,45.157787834853934
2024-01-31 09:00:00,23.309223183617757,52.34179124364235,49.94469110687578
2024-01-31 10:00:00,25.662612914240164,46.85536060688946,40.33089210816134
2024-01-31 10:00:00,23.350170753457125,44.84587903901736,40.53510618186684
2024-01-31 10:00:00,23.81651520493132,56.28222052985092,41.30055983709914
2024-01-31 11:00:00,26.3474483082381,52.054286461843965,40.71985540862849
2024-01-31 11:00:00,24.70902657557726,46.51927937574048,49.53331200189592
2024-01-31 11:00:00,22.20453903012058,55.96440152138168,40.94538719505475
2024-01-31 12:00:00,21.29542559112541,45.70333902335613,44.95815443550505
2024-01-31 12:00:00,22.07743854818722,52.1990695927588,55.21273591866089
2024-01-31 12:00:00,23.836995168076232,41.88717014888894,41.43854453150323
2024-01-31 13:00:00,21.051845267372293,54.4315333422702,45.20284958738001
2024-01-31 13:00:00,24.99843903873225,39.80265735182325,36.737914900240455
2024-01-31 13:00:00,24.412314936988693,50.89448052634728,47.66452347403862
2024-01-31 14:00:00,23.415081071844472,43.106399287569786,48.31780151352864
2024-01-31 14:00:00,19.935094017169583,52.33304201547434,46.31246894741056
2024-01-31 14:00:00,24.697339613829858,55.29262707315896,45.63751789594683
2024-01-31 15:00:00,24.60727862488373,44.85058800341224,47.31395846217929
2024-01-31 15:00:00,27.416282764721075,50.87679621943264,44.42288752978262
2024-01-31 15:00:00,25.08230490249648,46.1588305927546,44.11428316175505
2024-01-31 16:00:00,24.1960430517154,33.20826462220717,48.65899418838392
2024-01-31 16:00:00,24.66106304921627,39.19991963980714,42.24706729744862
2024-01-31 16:00:00,24.561064716201223,55.108073834364006,61.02038656273661
2024-01-31 17:00:00,23.22642529584173,57.5173468029554,50.145998650203104
2024-01-31 17:00:00,26.244195726027627,56.788820596745694,53.21598068617139
2024-01-31 17:00:00,25.300360913503464,41.86849029923956,35.91733325625064
2024-01-31 18:00:00,26.8884170027552,46.99088002509133,35.68791552707605
2024-01-31 18:00:00,26.4393645335584,48.85244612501966,39.88542322715436
2024-01-31 18:00:00,26.03326180213891,56.078457189744064,44.40205318948864
2024-01-31 19:00:00,23.525847869300577,43.74816467812913,46.33442237075045
2024-01-31 19:00:00,19.981671724338803,52.65722478922037,45.9832307102473
2024-01-31 19:00:00,23.05000265294327,49.603307729197205,40.21221518452685
2024-01-31 20:00:00,24.108085239295363,49.14462238593541,45.81274151328464
2024-01-31 20:00:00,25.37161683572625,55.67323038259904,45.13026583512602
2024-01-31 20:00:00,24.07242452707384,55.728737776539774,39.02494045584916
2024-01-31 21:00:00,22.88509708423808,46.091682402867214,48.98139739552784
2024-01-31 21:00:00,25.150849378553257,46.463333428746665,39.87406532965911
2024-01-31 21:00:00,25.638509443637457,51.14318480112194,53.14263059798226
2024-01-31 22:00:00,24.016070637075103,48.93413596901636,33.59082926892263
2024-01-31 22:00:00,24.062709509076768,50.60822029987092,50.27946295466734
2024-01-31 22:00:00,26.474803450622648,50.62399065252478,39.80990562967604
2024-01-31 23:00:00,29.030554039952264,54.90494583575256,41.74559891781568
2024-01-31 23:00:00,24.05078732261273,41.0686608784867,52.26200207693133
2024-01-31 23:00:00,26.113067514877397,49.49776169072807,40.20206196800778
2024-02-01 00:00:00,23.68256703912609,49.78444770572193,48.687182571089245
2024-02-01 00:00:00,28.165038051004373,49.43095270382549,52.48699230890188
2024-02-01 00:00:00,25.25796631802541,45.56607178376208,47.67013758645523
2024-02-01 01:00:00,25.37563867048973,43.29671402406444,53.43769642372428
2024-02-01 01:00:00,27.35566840725372,40.78769121141745,43.64795789099809
2024-02-01 01:00:00,21.943924415524545,50.01320073943798,40.05076988400006
2024-02-01 02:00:00,23.89905074120644,54.21079274608378,40.38843803453536
2024-02-01 02:00:00,21.139941886724845,57.64531221435321,41.47140122475761
2024-02-01 02:00:00,24.161452816090996,51.96588833540154,42.08249588112744
2024-02-01 03:00:00,23.669668108173703,50.833288997856585,43.25622302781439
2024-02-01 03:00:00,27.30802543400403,52.29452817710917,51.14526672810933
2024-02-01 03:00:00,22.3881364297702,54.00440738621656,48.0575196323315
2024-02-01 04:00:00,23.71424224480097,50.62537730026892,48.68394175967933
2024-02-01 04:00:00,23.471384799483136,42.540653618153,43.32374062350992
2024-02-01 04:00:00,25.12639676968329,54.979243071866144,49.38662512217867
2024-02-01 05:00:00,22.050110351800047,45.82209626633367,50.23517578978444
2024-02-01 05:00:00,25.11181224323675,37.207698367105,49.86789367628771
2024-02-01 05:00:00,24.97467600241408,45.00788518467807,41.633796294000376
2024-02-01 06:00:00,25.595948113757807,48.99528525004576,47.85139446371856
2024-02-01 06:00:00,25.2932455370591,57.504979473234,44.88909415875258
2024-02-01 06:00:00,22.24843547989313,38.93061214169154,49.3873606927756
2024-02-01 07:00:00,25.723815972761223,53.73121930649942,42.9085842463368
2024-02-01 07:00:00,23.56591813919583,66.35383446544284,50.53135948266868
2024-02-01 07:00:00,22.641490434750253,45.53433490256375,50.26645891911098
2024-02-01 08:00:00,26.8880113188167,52.549512777691206,44.88393098253417
2024-02-01 08:00:00,22.21841743524657,49.80119352174296,38.22964802425583
2024-02-01 08:00:00,20.229080766011837,60.70514779207221,51.13597946552652
2024-02-01 09:00:00,23.56281841894156,47.49184588046575,34.01530237674987
2024-02-01 09:00:00,25.498001316018545,49.10200824422935,44.33511193424017
2024-02-01 09:00:00,24.745002659196683,47.87379168538092,42.39750919975061
2024-02-01 10:00:00,23.60890981149758,56.39338902344247,49.53400983583471
2024-02-01 10:00:00,28.54319473029534,50.430670975667326,53.83161842651408
2024-02-01 10:00:00,23.8394265051886,54.04313763700017,32.59127187293639
2024-02-01 11:00:00,24.45774123748535,47.1613937371862,38.59707731008537
2024-02-01 11:00:00,21.23153238998176,45.12345262305341,42.24185021168913
2024-02-01 11:00:00,24.1852000588171,61.51152031184848,45.96092324004091
2024-02-01 12:00:00,24.47521179748159,48.37391833799148,55.31433560591383
2024-02-01 12:00:00,21.986228630839125,49.82812713712169,48.310899790783125
2024-02-01 12:00:00,21.38393947526531,43.516694836381895,47.66461300506266
2024-02-01 13:00:00,21.930009132569463,54.04750900797967,43.567786551488894
2024-02-01 13:00:00,21.0740005396724,39.688536311806175,47.38278560283727
2024-02-01 13:00:00,24.587749129101866,47.81691336351107,50.76547136655671
2024-02-01 14:00:00,26.021098809269382,51.77004629035,44.68297429516164
2024-02-01 14:00:00,23.55616677446746,59.58825990351781,45.040532863379205
2024-02-01 14:00:00,22.976449135592965,52.76294325839336,44.83749627054009
2024-02-01 15:00:00,24.25156983239171,50.772266154799794,45.86287173120875
2024-02-01 15:00:00,22.7082113993492,52.73740583939946,44.409188386985946
2024-02-01 15:00:00,21.725711951275663,51.81599155283156,34.04653753802644
2024-02-01 16:00:00,20.86098455471704,53.264031286566734,51.81582783149609
2024-02-01 16:00:00,26.482520797003318,54.27386493999591,37.76669891965125
2024-02-01 16:00:00,23.192223172507145,45.60245562487804,47.71472205705677
2024-02-01 17:00:00,24.92580691436559,42.93588043419848,40.09410962268156
2024-02-01 17:00:00,20.57500667197252,44.14338923045382,56.78856349096243
2024-02-01 17:00:00,26.862381264818787,54.05181017221638,47.11652429649799
2024-02-01 18:00:00,25.86119117145036,47.78291411799583,46.64062644681432
2024-02-01 18:00:00,23.39589840786229,48.02687036841643,40.363175870522326
2024-02-01 18:00:00,24.14114528869024,53.30860296512315,54.86292695088445
2024-02-01 19:00:00,26.008560016032124,54.74938879940075,52.64152971934638
2024-02-01 19:00:00,22.74491203187426,49.41203268415758,33.64744403997328
2024-02-01 19:00:00,23.933839453214425,53.26290599342184,39.09862924484384
2024-02-01 20:00:00,25.88032500049408,56.325609851610615,43.03610667669544
2024-02-01 20:00:00,24.76890415729427,47.56160372823328,40.26439298019134
2024-02-01 20:00:00,23.318413728238216,50.42218110371608,43.83021874751381
2024-02-01 21:00:00,26.27532199122361,55.92924289070729,49.73808455653089
2024-02-01 21:00:00,24.66546926335207,50.74440791447702,36.85100084845927
2024-02-01 21:00:00,21.692023971222547,50.99437767204939,40.96874924953764
2024-02-01 22:00:00,17.81259365716249,46.086963188932,47.95733999269056
2024-02-01 22:00:00,24.72962951076931,51.846166641068805,40.45300211215383
2024-02-01 22:00:00,20.365234931105228,48.53609639027167,39.45234500578904
2024-02-01 23:00:00,23.179943053644312,55.22351990299671,34.420952833201326
2024-02-01 23:00:00,20.62615154661559,41.59236795818186,44.37015178786506
2024-02-01 23:00:00,22.63536225400556,48.67025608263294,42.23120214172994
2024-02-02 00:00:00,24.581696607961668,51.097419481172,47.29286805991626
2024-02-02 00:00:00,20.93120634416782,45.47650144646904,41.142246266801926
2024-02-02 00:00:00,22.92994856203357,50.94392953273313,47.32305578874692
2024-02-02 01:00:00,26.473850173472748,46.23051591500796,46.21946712301325
2024-02-02 01:00:00,25.69198017991872,45.67784813106158,47.14439935108483
2024-02-02 01:00:00,28.104493296079863,51.69790855129514,38.54309120318479
2024-02-02 02:00:00,25.62234055837935,52.48524797464764,50.6149076084999
2024-02-02 02:00:00,25.18967887052709,60.07429685170614,43.79843379661044
2024-02-02 02:00:00,26.143478873999783,52.86508493024016,43.95937389324454
2024-02-02 03:00:00,24.88257847485165,52.67774740619517,50.36837784508967
2024-02-02 03:00:00,22.84068079418704,46.8023680590777,43.85461116448267
2024-02-02 03:00:00,24.26098170499492,45.67604761279755,44.5927728471617
2024-02-02 04:00:00,27.92669146828396,53.93741251936546,38.27758073387227
2024-02-02 04:00:00,27.7649306338536,41.352561411704855,45.274776252339095
2024-02-02 04:00:00,23.149487071014164,54.0698895002422,44.94965036401192
2024-02-02 05:00:00,24.87674420254684,41.79526940495359,48.92734292233443
2024-02-02 05:00:00,26.063742529308247,48.51873063127484,45.38877388363802
2024-02-02 05:00:00,23.36900837625197,41.63558648463725,40.93847619685914
2024-02-02 06:00:00,21.18490212967988,58.29886306735412,43.506433167143335
2024-02-02 06:00:00,23.98510170169109,55.20202238998292,50.71394061294027
2024-02-02 06:00:00,24.24975623824164,51.20712247054161,39.979012550335085
2024-02-02 07:00:00,26.616902448343712,45.138188836890734,37.893087342852255
2024-02-02 07:00:00,23.28836081521538,51.78602486474758,41.6506589817914
2024-02-02 07:00:00,22.974589744547227,44.45540789724731,46.24193634901114
2024-02-02 08:00:00,26.1598501958946,51.589259233575376,44.8731392522832
2024-02-02 08:00:00,24.65239133233643,53.05168343643168,40.48042245861969
2024-02-02 08:00:00,21.1370914178601,53.85494962280008,44.72385605340183
2024-02-02 09:00:00,25.697796554699813,51.59476831881582,38.14310423170295
2024-02-02 09:00:00,28.105494433265537,48.564658444605605,59.269680008484485
2024-02-02 09:00:00,20.90803268838636,54.76599526514756,39.60330406020573
2024-02-02 10:00:00,21.061489881453134,41.453946162263634,45.81558967501172
2024-02-02 10:00:00,25.55253069736605,53.84868529848391,45.46967434548631
2024-02-02 10:00:00,21.118137037836604,54.25857344355895,49.46358610816358
2024-02-02 11:00:00,20.764920327206504,45.613379469277184,39.39945302471397
2024-02-02 11:00:00,24.54241946782305,45.43468287062538,41.44568639415618
2024-02-02 11:00:00,23.98845691268308,36.52599381451825,51.51838369214835
2024-02-02 12:00:00,24.371932570277743,49.74505469852841,49.88541585950156
2024-02-02 12:00:00,22.96759985868109,55.31512899271895,40.15836033531233
2024-02-02 12:00:00,21.8842652591787,46.66999098847124,38.13873339039574
2024-02-02 13:00:00,24.80771672302712,52.77578771006831,51.79427929608788
2024-02-02 13:00:00,28.78299690165086,49.044057125061606,33.85155508155176
2024-02-02 13:00:00,19.49596496128376,49.39610294531868,53.52745484035806
2024-02-02 14:00:00,22.321461385328277,56.098912065539565,41.46516970501004
2024-02-02 14:00:00,23.85660519850009,55.406594328912576,51.52373790415669
2024-02-02 14:00:00,23.204262820048093,46.73177637971301,52.65245403621637
2024-02-02 15:00:00,22.5674837261454,48.830939724987424,49.331167662949234
2024-02-02 15:00:00,25.89984292469036,59.206191696091736,46.787165787835725
2024-02-02 15:00:00,24.846063376326956,47.09448841199296,39.03477185780214
2024-02-02 16:00:00,25.135816216682144,45.63242437070981,50.47273879089655
2024-02-02 16:00:00,24.14268120851495,50.76301052691638,46.88661044063559
2024-02-02 16:00:00,22.53199979451105,48.59700200213175,48.23934380271412
2024-02-02 17:00:00,29.217116066315143,46.60592596235559,44.02834124007171
2024-02-02 17:00:00,23.439704761576643,56.20947664977176,38.09240520585036
2024-02-02 17:00:00,23.6070992757712,50.36393491207715,49.51918730644397
2024-02-02 18:00:00,22.34202157401971,53.13047989669134,52.7481450176446
2024-02-02 18:00:00,23.52407881557845,43.302852342339584,41.28718058660584
2024-02-02 18:00:00,21.638560755225264,37.87228741562888,46.78369433178146
2024-02-02 19:00:00,23.971581925080056,49.270710522125455,44.08392919156799
2024-02-02 19:00:00,22.883501758806016,49.16990681719168,43.60808916376642
2024-02-02 19:00:00,25.74339195996034,53.52739765670209,42.23283427730577
2024-02-02 20:00:00,23.02910806625164,52.14141674135846,48.10228753944966
2024-02-02 20:00:00,26.570517982349045,53.94395104885718,40.957093608665936
2024-02-02 20:00:00,21.2684507680874,55.71351866934956,47.63396246501512
2024-02-02 21:00:00,21.48708973562072,56.52957218889999,43.10629284069908
2024-02-02 21:00:00,23.35854685042307,52.87446239659585,41.721630593045504
2024-02-02 21:00:00,25.581144200345104,50.954181504635606,45.67900764139824
2024-02-02 22:00:00,24.18633143806293,57.71865479994071,40.79576424421208
2024-02-02 22:00:00,23.559437971963256,51.90222236097817,33.98008216002181
2024-02-02 22:00:00,21.897570455146575,56.21810796866372,47.11782353957656
2024-02-02 23:00:00,23.10927451928473,43.02232969563634,46.46421820906354
2024-02-02 23:00:00,25.98976279933488,42.73501184118558,48.69774073756131
2024-02-02 23:00:00,20.9885305955352,47.32042708478847,38.90080952182437
2024-02-03 00:00:00,23.076594991436693,38.94195024301371,54.9580517146813
2024-02-03 00:00:00,24.414534612505825,55.80582264552736,39.63912364091348
2024-02-03 00:00:00,21.640029059677357,40.394865358627925,47.15413178153687
2024-02-03 01:00:00,23.825137781339624,54.22229949261367,38.115238577993416
2024-02-03 01:00:00,22.618959224991556,54.76896637468117,41.97220835061946
2024-02-03 01:00:00,23.62252742191136,45.16312937967307,44.669327739913
2024-02-03 02:00:00,24.5735583820406,54.25668086204427,49.045043528324186
2024-02-03 02:00:00,24.352647944989076,57.99752989578352,47.36779239442474
2024-02-03 02:00:00,20.52332848385217,57.96696810218659,32.28977464204144
2024-02-03 03:00:00,23.551354885519743,54.8990579829928,53.44936497942837
2024-02-03 03:00:00,23.878790177741543,46.32194544896014,41.37247601076399
2024-02-03 03:00:00,25.474669191712103,50.03516149200068,37.14330441746099
2024-02-03 04:00:00,24.129845739877503,48.65212425461287,41.36296580520884
2024-02-03 04:00:00,24.45953481167682,53.26441802437508,42.256601234452646
2024-02-03 04:00:00,20.25767571546828,48.39061745570497,46.202962685842486
2024-02-03 05:00:00,24.10166707999197,44.63422889325514,47.29873312160409
2024-02-03 05:00:00,25.269997838886443,54.78391488080168,44.46301824846922
2024-02-03 05:00:00,24.67649157771454,46.79192511155019,42.469981063402734
2024-02-03 06:00:00,25.704410242058817,47.75382304680558,38.19566931940375
2024-02-03 06:00:00,20.548584509463915,48.45939120662712,42.70680400237373
2024-02-03 06:00:00,24.19659619590129,48.964226173861725,29.0699667699926
2024-02-03 07:00:00,24.03584198515589,48.19344874500965,51.444525040205285
2024-02-03 07:00:00,23.300612927967304,59.22097112362313,47.83515210396085
2024-02-03 07:00:00,26.31808788292802,52.46054234870972,48.653248921868446
2024-02-03 08:00:00,21.69057355624036,56.58191463499849,31.74220831678395
2024-02-03 08:00:00,24.573479916861004,53.832919399711685,50.99332042949538
2024-02-03 08:00:00,27.921707106726583,52.56596070788984,44.00759205569402
2024-02-03 09:00:00,25.09776163720008,52.03143608949678,47.477045033998735
2024-02-03 09:00:00,21.892462222347987,55.75758315179901,32.107076597637814
2024-02-03 09:00:00,19.86803983867784,56.32389866763456,35.03319603359363
2024-02-03 10:00:00,22.783763884598077,50.19717937112527,44.82626469020216
2024-02-03 10:00:00,24.566011745726897,46.64305729038112,53.16053771209529
2024-02-03 10:00:00,25.73657692139624,51.52592345310433,41.90837193743019
2024-02-03 11:00:00,23.12106987894465,52.502899650589015,51.42391452297276
2024-02-03 11:00:00,23.53981788332459,57.1321269560753,45.08029061296988
2024-02-03 11:00:00,24.09125643160889,52.09053716487453,48.805992623986704
2024-02-03 12:00:00,24.53801877795036,53.81619581577496,46.34473643994442
2024-02-03 12:00:00,23.898344159572044,50.73327055815645,41.78611779905806
2024-02-03 12:00:00,25.119703674741263,47.97170878912675,31.77334358966117
2024-02-03 13:00:00,24.43183272474048,46.10076867711884,39.600085294059376
2024-02-03 13:00:00,25.58840390051072,46.47356830346235,37.68964694106276
2024-02-03 13:00:00,27.448549686179128,48.75286097150904,49.0284961520025
2024-02-03 14:00:00,22.504205192448936,46.1683124766235,47.824639622081925
2024-02-03 14:00:00,22.190024226319075,47.889479385259314,46.35264288986948
2024-02-03 14:00:00,24.56639420036573,50.6884237343553,45.20466051059566
2024-02-03 15:00:00,24.06684949456501,55.240712157402015,38.02451522935483
2024-02-03 15:00:00,25.20317489260365,59.17519853766319,39.23152588132925
2024-02-03 15:00:00,21.44490165972661,53.49652543577168,44.77706872421673
2024-02-03 16:00:00,23.271377646645085,47.19673056093332,37.92041527962177
2024-02-03 16:00:00,26.4319928020562,53.16802235251428,48.91002621698384
2024-02-03 16:00:00,22.60445594272177,55.40647062077284,48.43231574080688
2024-02-03 17:00:00,20.380748688376165,47.86193773861909,50.96227036555901
2024-02-03 17:00:00,26.135649163297543,54.32913708107324,44.92057231161776
2024-02-03 17:00:00,22.287726496629237,54.62324713446229,50.263354214541806
2024-02-03 18:00:00,25.48721143832465,47.670614514731184,50.459195464264646
2024-02-03 18:00:00,23.24090279006016,58.336820660062656,46.12915824736744
2024-02-03 18:00:00,26.3284165609662,47.13544212486082,44.55739604244947
2024-02-03 19:00:00,22.27351575652204,63.92757012458559,49.19897570982017
2024-02-03 19:00:00,25.442336071091823,51.090802141368485,45.07047190367408
2024-02-03 19:00:00,26.304137344929405,49.43541882244754,40.34377995020128
2024-02-03 20:00:00,21.27544943272128,51.3517137283817,49.58241878098365
2024-02-03 20:00:00,26.055434780825728,57.52821369895228,35.424262724766706
2024-02-03 20:00:00,25.691643801629706,54.52379820649341,42.71831475099368
2024-02-03 21:00:00,22.42304566263494,55.14029443025717,41.278745002371984
2024-02-03 21:00:00,23.994123864210174,47.11150114358798,45.44586152874639
2024-02-03 21:00:00,24.186051155074445,51.577622950939066,46.679800158751306
2024-02-03 22:00:00,27.831103614898836,48.30856765005752,42.96755584288354
2024-02-03 22:00:00,25.23313617974716,51.42013532930277,38.87491505102096
2024-02-03 22:00:00,25.39258034709,54.09985623544095,45.79106084907652
2024-02-03 23:00:00,22.14341696051236,64.59048890396988,40.89947640491095
2024-02-03 23:00:00,22.4492929789548,50.526317091827046,42.71895837666234
2024-02-03 23:00:00,21.18161392277221,43.70927036530219,46.37158144652855
2024-02-04 00:00:00,21.98598366151326,51.12820960061821,51.2971597125332
2024-02-04 00:00:00,23.214758896021905,45.16117050991748,45.77699516104607
2024-02-04 00:00:00,26.046040383513134,44.91947161190133,48.96707389667108
2024-02-04 01:00:00,27.25482164661918,52.961601966209656,38.03875792428783
2024-02-04 01:00:00,27.728696000595985,47.96909837840052,40.47519396198423
2024-02-04 01:00:00,24.269136459635885,51.128911192144784,34.05905910546132
2024-02-04 02:00:00,25.59147170904769,53.53275186183031,34.14401969559394
2024-02-04 02:00:00,25.503592113551264,43.90304246159222,39.06752080878487
2024-02-04 02:00:00,25.894146266470354,44.150280085564304,36.15087027528463
2024-02-04 03:00:00,23.83248984072377,44.76081424563004,50.32302481051479
2024-02-04 03:00:00,24.39478377531839,43.24309689757803,42.86807667268342
2024-02-04 03:00:00,24.686366727781717,50.691518092976416,47.181811396253664
2024-02-04 04:00:00,25.274873222513296,44.01562800439554,45.4379975510441
2024-02-04 04:00:00,21.89283568365885,40.0871546475517,45.54526766915803
2024-02-04 04:00:00,23.19194931491949,50.46139801861748,45.78470847496068
2024-02-04 05:00:00,23.54161155419264,43.12394930487034,48.92974712365161
2024-02-04 05:00:00,22.8557073144717,47.0267795828864,49.26958415790282
2024-02-04 05:00:00,22.920368025652404,52.69620917488713,47.27332554455711
2024-02-04 06:00:00,22.415174419340666,52.6546587411834,44.61136224681533
2024-02-04 06:00:00,23.60538312649648,41.606416911555705,41.01248941282255
2024-02-04 06:00:00,23.949615570536707,49.210377336742205,43.14805493142187
2024-02-04 07:00:00,28.835987248185432,48.95507458808144,46.43870447444101
2024-02-04 07:00:00,22.225616591887874,44.97659153619225,38.54487870881109
2024-02-04 07:00:00,25.311186817942477,53.95866650299905,41.29714804878736
2024-02-04 08:00:00,20.11400739062417,50.08020689875588,35.217702015720576
2024-02-04 08:00:00,23.81028645061929,45.50442881685537,47.72575890367571
2024-02-04 08:00:00,24.155497402444,53.49457342728228,44.62800124149907
2024-02-04 09:00:00,23.32847405200222,48.71803390116668,41.4085156480997
2024-02-04 09:00:00,21.775559929138936,47.395121819560806,42.04943072100653
2024-02-04 09:00:00,22.66219765583188,57.18794268970474,47.83411033901685
2024-02-04 10:00:00,19.049988625328574,44.94441343876272,49.01435404106644
2024-02-04 10:00:00,22.407397095513677,45.794018126175786,40.34680235875136
2024-02-04 10:00:00,24.16845578020573,41.366812322005856,47.647232723541016
2024-02-04 11:00:00,24.080251152743735,52.2197831373789,45.88746827614303
2024-02-04 11:00:00,23.877318402508507,48.91810398268962,49.41179780467092
2024-02-04 11:00:00,20.820695158199666,48.70306844360102,42.91734453656745
2024-02-04 12:00:00,26.164557605081303,47.40696520541264,37.86022171784386
2024-02-04 12:00:00,22.5163131939044,45.79182682922794,49.968982588117456
2024-02-04 12:00:00,24.27505317538294,61.53730736209556,48.00043766930125
2024-02-04 13:00:00,24.976517603204275,49.85433041774356,42.68588158550737
2024-02-04 13:00:00,24.43441871807625,43.79508153625418,41.87255797624719
2024-02-04 13:00:00,21.662171040543303,44.056182901021096,42.845534511941175
2024-02-04 14:00:00,22.951968688149243,48.84977630897082,50.0509971998864
2024-02-04 14:00:00,23.298571266200955,57.790509003073126,52.29732441791255
2024-02-04 14:00:00,23.7964074018654,44.0514839803553,43.903700746849545
2024-02-04 15:00:00,22.88118172841784,50.435105789337776,42.88335557247494
2024-02-04 15:00:00,23.03321587298145,55.73750368779256,51.60774455073757
2024-02-04 15:00:00,21.77272541270769,53.84379357528624,51.95167860619103
2024-02-04 16:00:00,21.20730195386892,56.2854905091518,43.78525875840151
2024-02-04 16:00:00,21.687433176195736,52.1113279925618,47.75515820145995
2024-02-04 16:00:00,23.85393804992608,50.9834802947193,47.40569965608382
2024-02-04 17:00:00,24.77920419921458,54.662359808704416,44.37017887971977
2024-02-04 17:00:00,22.831910531507443,49.18318781925522,38.39897992193946
2024-02-04 17:00:00,24.39382233114678,48.252489614708914,48.637807054266965
2024-02-04 18:00:00,22.832151147093388,48.65413273608341,48.28241090452348
2024-02-04 18:00:00,24.11707341074246,54.4246181126327,45.97936469594556
2024-02-04 18:00:00,23.94867940178242,50.72221610703176,44.590045379920895
2024-02-04 19:00:00,24.16809385420436,51.86829154899355,43.90921064067801
2024-02-04 19:00:00,23.871435663055383,47.47876144355033,46.31946836255266
2024-02-04 19:00:00,22.884991462622654,53.26705793299215,49.46050912262544
2024-02-04 20:00:00,26.05155171485297,43.86840267484632,48.57919557853343
2024-02-04 20:00:00,25.068530207209463,44.43643395960871,35.59372166778836
2024-02-04 20:00:00,28.91460351059258,42.18028031671388,52.196001344034265
2024-02-04 21:00:00,24.017042474238927,42.60694302257229,41.47107703752901
2024-02-04 21:00:00,21.995940285124185,43.94104913614682,42.471820615067664
2024-02-04 21:00:00,21.70562504674328,44.94487589200273,39.434915574750086
2024-02-04 22:00:00,21.45035551075896,57.85885794549259,51.43354524802669
2024-02-04 22:00:00,25.496062881808967,52.75997757000764,46.13085474698994
2024-02-04 22:00:00,23.42557335062299,53.93562236572301,54.15100911623761
2024-02-04 23:00:00,26.837162015644587,50.89219503170322,41.1573042515552
2024-02-04 23:00:00,23.3529056580641,53.57777139779299,48.85323548785931
2024-02-04 23:00:00,29.537067033364536,47.32754289460018,44.52025455010577
2024-02-05 00:00:00,26.16966015351162,55.64795602629568,41.64602255027883
2024-02-05 00:00:00,26.099626581136874,46.89853232365165,46.215158754327526
2024-02-05 00:00:00,27.444563623849117,42.86701002942802,46.2540292713587
2024-02-05 01:00:00,21.550993307968376,50.1612517488006,40.011823399037056
2024-02-05 01:00:00,25.37338612773552,57.490855648938144,40.11692732958964
2024-02-05 01:00:00,25.06890590013701,59.81346695016009,43.74654265892728
2024-02-05 02:00:00,25.253662827585156,44.16429019785171,54.78545504160575
2024-02-05 02:00:00,28.10137214029606,45.09870086335839,43.3270756380382
2024-02-05 02:00:00,26.204630274316703,50.568471096718994,39.57194099799986
2024-02-05 03:00:00,23.30713337573157,42.240257556062886,51.892620853325
2024-02-05 03:00:00,24.16052477083554,57.84521685696298,33.97577577437396
2024-02-05 03:00:00,22.52772840944277,45.52028776024668,47.8792356023605
2024-02-05 04:00:00,24.86352684588274,48.65158745195252,50.50477784723565
2024-02-05 04:00:00,26.25147869492373,45.66293005770732,42.44394947185668
2024-02-05 04:00:00,22.907243490969183,46.25816914732725,51.43923559081029
2024-02-05 05:00:00,24.81067157503063,46.21407351952176,47.95729906512775
2024-02-05 05:00:00,23.56236910289208,52.903344652175576,46.7970341898321
2024-02-05 05:00:00,25.813125291053293,46.73031402739253,39.09134698178509
2024-02-05 06:00:00,24.91154787627065,52.763317542657504,38.863110874849234
2024-02-05 06:00:00,21.620348826470394,54.75428389711547,50.80177527718961
2024-02-05 06:00:00,30.204470639059664,39.845677606876194,48.49518206443238
2024-02-05 07:00:00,23.486546858079343,43.69006157197942,36.21468672945567
2024-02-05 07:00:00,22.97986153467228,48.65464421361844,44.162237469832085
2024-02-05 07:00:00,24.810184969330468,52.3144107342828,49.63798566314557
2024-02-05 08:00:00,18.64522175134524,52.19678014153326,45.8322057839979
2024-02-05 08:00:00,26.459609411964077,40.16139315644916,53.23880829358169
2024-02-05 08:00:00,22.98483005393233,56.591722325830986,37.97174507069218
2024-02-05 09:00:00,24.150251117852843,57.44880751090473,47.79423527160694
2024-02-05 09:00:00,23.31757633986504,42.87653204934451,35.55418458447565
2024-02-05 09:00:00,22.78084361384281,53.85689469387549,41.03281370990036
2024-02-05 10:00:00,21.50613599773345,53.96078039842254,47.9910559593051
2024-02-05 10:00:00,25.206152783484825,49.71148030864608,40.84382969397456
2024-02-05 10:00:00,24.218418660824984,53.12887548383892,38.93711396627372
2024-02-05 11:00:00,27.13137434308473,59.020270806751086,45.16127062857453
2024-02-05 11:00:00,21.82685308631598,49.628864212272006,48.76411056607071
2024-02-05 11:00:00,21.40640786073629,55.35454652272461,49.63522734074459
2024-02-05 12:00:00,25.56877791473974,38.34484663221792,47.57033129565992
2024-02-05 12:00:00,25.212536133476547,50.3676047899737,45.88879672538268
2024-02-05 12:00:00,23.60866359700003,54.33850975573191,51.31540888791285
2024-02-05 13:00:00,25.84041698347276,46.48159950034622,52.5860251500058
2024-02-05 13:00:00,21.349524691545767,42.23665721079347,42.28130934814048
2024-02-05 13:00:00,25.1567900057294,51.9321438342611,47.51485425698592
2024-02-05 14:00:00,23.27532330660605,56.68143681331584,47.11975527192613
2024-02-05 14:00:00,26.061190793354687,42.1536711784632,53.56741785562134
2024-02-05 14:00:00,18.855996110865867,41.58250542662497,45.37598801969117
2024-02-05 15:00:00,18.86951903922622,56.73870225354721,41.02399256614324
2024-02-05 15:00:00,20.462109924086555,52.08301530301036,41.69413801186989
2024-02-05 15:00:00,22.75843203190302,46.178562577300376,49.00087325558297
2024-02-05 16:00:00,23.819854456490965,46.59801167104476,40.25181039152145
2024-02-05 16:00:00,22.8371174763372,55.28748632009232,51.27188463121229
2024-02-05 16:00:00,20.336871381960577,39.734557990769616,35.6959335652944
2024-02-05 17:00:00,20.7275297881815,44.19931305860567,40.96418333078917
2024-02-05 17:00:00,25.135438167046857,46.33080697548035,57.37462424516495
2024-02-05 17:00:00,24.35912717196924,50.63607823735725,44.19070280813795
2024-02-05 18:00:00,26.205717891951096,50.652807626991965,40.87584701745515
2024-02-05 18:00:00,27.62580234763165,54.90840892835288,42.8905761504627
2024-02-05 18:00:00,24.144208381267088,48.65082001457581,41.068630365605685
2024-02-05 19:00:00,25.09458224978027,44.46659198271962,43.62629524808544
2024-02-05 19:00:00,22.30422726937385,45.70047929158727,47.198347075706494
2024-02-05 19:00:00,21.76767189146044,42.62465749833912,47.19801536548998
2024-02-05 20:00:00,25.01556325176656,49.11848080778572,49.67256959034872
2024-02-05 20:00:00,22.892727926581625,50.68479387005133,43.65607544600166
2024-02-05 20:00:00,25.39335566047544,51.431618127249465,47.52388322394571
2024-02-05 21:00:00,24.692442355597496,56.09015911705696,41.78382596768399
2024-02-05 21:00:00,25.949673024276343,45.88157301086454,44.41321693251476
2024-02-05 21:00:00,21.8162093030404,43.92857539456076,42.05649368690549
2024-02-05 22:00:00,21.743753478476265,49.59037489467117,51.053286623162975
2024-02-05 22:00:00,23.027675598615044,54.93150659922759,44.03592215130492
2024-02-05 22:00:00,25.752301617964548,53.83209522092066,48.87995589134101
2024-02-05 23:00:00,23.68777794750669,40.26691355888403,46.857070071238674
2024-02-05 23:00:00,21.58549378973138,61.35140447768086,48.6364889630581
2024-02-05 23:00:00,22.90453611261233,41.82087041874615,39.37080193268247
2024-02-06 00:00:00,21.75765127019853,44.08312257364177,50.50261846400154
2024-02-06 00:00:00,21.329020952867296,52.840860758516655,43.940720006396944
2024-02-06 00:00:00,26.618223008423097,44.98274400349922,45.491657529666846
2024-02-06 01:00:00,24.97121367770299,39.05153752131423,37.318118058076216
2024-02-06 01:00:00,23.399392480140037,45.34583950753932,37.58403851275729
2024-02-06 01:00:00,25.338369439801813,54.841091976974,40.13238929231646
2024-02-06 02:00:00,23.527807632203714,53.08730150419135,41.75667761629315
2024-02-06 02:00:00,27.012885951049302,49.669139250579214,42.29101279510698
2024-02-06 02:00:00,25.224719359002904,36.45775167133582,52.24375319205866
2024-02-06 03:00:00,23.06269726396636,51.39994439947775,49.89507768426341
2024-02-06 03:00:00,23.52939551948152,48.77104381811236,44.38587993755438
2024-02-06 03:00:00,22.81235073894137,48.190773654990856,49.68579728636223
2024-02-06 04:00:00,25.20960994860696,46.601411544840246,45.36237681589277
2024-02-06 04:00:00,23.383569615796883,50.37903672691427,56.47881855322576
2024-02-06 04:00:00,23.401118255967518,57.46961442022258,47.47709618984495
2024-02-06 05:00:00,22.120422847086285,45.224226142285424,41.03212479189477
2024-02-06 05:00:00,24.49209425910088,54.668734202529535,56.96919134302318
2024-02-06 05:00:00,23.510040603621743,58.01180897555173,40.887834786737
2024-02-06 06:00:00,25.060376582760718,47.361309420374205,48.40398995206044
2024-02-06 06:00:00,22.67868235545712,44.96635389799785,34.92493237535963
2024-02-06 06:00:00,22.258523725656552,48.85020571270967,39.22024155577775
2024-02-06 07:00:00,22.1029104245739,46.67440553228982,49.18068595155966
2024-02-06 07:00:00,25.084443784534724,47.90749235836469,57.51475020039964
2024-02-06 07:00:00,22.853711846213866,50.00168610156759,41.30179317667642
2024-02-06 08:00:00,22.10195067556254,54.31148293613835,39.56514151082997
2024-02-06 08:00:00,24.73998587292879,51.82797767810005,35.813582106168155
2024-02-06 08:00:00,22.758253185181637,46.67766386427901,37.11353512217792
2024-02-06 09:00:00,25.32285168911744,52.98255823555117,37.72183966945448
2024-02-06 09:00:00,22.626263526619287,46.3752252901672,45.766770552098194
2024-02-06 09:00:00,26.59102942599888,52.0264461649337,45.037044154552255
2024-02-06 10:00:00,25.106829745834883,52.47677505381414,47.68580997222211
2024-02-06 10:00:00,24.80344573872891,49.08053962655199,43.95778686119111
2024-02-06 10:00:00,23.69401596495813,53.0548351308986,40.286920816258366
2024-02-06 11:00:00,20.21966003160811,49.83348155602557,43.394569148463184
2024-02-06 11:00:00,24.44100023408448,55.23368708042148,37.33783134655885
2024-02-06 11:00:00,25.5886691481639,40.08927945717296,45.87370092067894
2024-02-06 12:00:00,24.567027318010787,56.173406671662505,50.46953037391
2024-02-06 12:00:00,26.183302291691977,55.099938253014855,42.5563974955265
2024-02-06 12:00:00,24.927138055388607,46.54490606478206,50.32447132340098
2024-02-06 13:00:00,24.03975172797539,42.9421557809057,44.99827168559131
2024-02-06 13:00:00,24.55818065306576,53.52738239770503,41.92676933355557
2024-02-06 13:00:00,26.32436739268977,55.348701205278815,38.42396987489125
2024-02-06 14:00:00,26.2884437611403,54.43757943020167,45.25806675187384
2024-02-06 14:00:00,27.43804176378717,53.83073621482193,53.10465122105322
2024-02-06 14:00:00,25.101345991440425,53.7563573302478,43.73924450646886
2024-02-06 15:00:00,23.703153303914224,50.79552910784902,51.47044731762231
2024-02-06 15:00:00,21.430523211969657,48.53622418436888,42.62131160088517
2024-02-06 15:00:00,25.01584362726318,57.89161381268296,49.47936814850591
2024-02-06 16:00:00,23.158381788891425,60.07124645938202,45.6090198985546
2024-02-06 16:00:00,25.467189329883198,53.74413346005581,44.31347605006058
2024-02-06 16:00:00,23.698602993547336,54.97201078956503,39.24068577214808
2024-02-06 17:00:00,23.7347931797457,56.15090878700285,43.23381952277829
2024-02-06 17:00:00,24.89236604018978,51.67375378651018,50.89978983876123
2024-02-06 17:00:00,23.42954934911037,50.81457313636567,42.52912229726532
2024-02-06 18:00:00,25.89190072715715,48.46318008768849,51.53384091719554
2024-02-06 18:00:00,22.307920311916224,51.8361301612636,45.58708804349966
2024-02-06 18:00:00,27.03293483213236,45.62735127711456,45.044061877690055
2024-02-06 19:00:00,26.68967141910537,47.80397839037283,46.61443177709091
2024-02-06 19:00:00,22.004020840456064,47.56078208530853,34.63530297086109
2024-02-06 19:00:00,25.007198229700663,46.17441101102949,42.33735684386967
2024-02-06 20:00:00,24.092923371035656,58.87857654665592,41.58069463693275
2024-02-06 20:00:00,25.080498119282225,42.49585110067379,41.60309697040759
2024-02-06 20:00:00,24.862323134421768,48.16813513032276,50.26224565922344
2024-02-06 21:00:00,21.679679919433912,45.9820575982761,48.48380723739133
2024-02-06 21:00:00,22.269034713390067,44.715983104512446,43.894730245994666
2024-02-06 21:00:00,22.63072368325067,51.52382507550487,42.62024408563819
2024-02-06 22:00:00,26.896662856247172,50.621137084563415,50.66227383376314
2024-02-06 22:00:00,25.071764726623066,50.8079995658626,46.51190302202411
2024-02-06 22:00:00,25.49139345542806,53.20747841089124,48.793704155359336
2024-02-06 23:00:00,23.536690576987738,45.92057192076343,45.40747352951104
2024-02-06 23:00:00,25.129556615459126,40.531667019790895,45.86280100569019
2024-02-06 23:00:00,24.061871344107715,43.99464865182145,45.573025386839824
2024-02-07 00:00:00,24.704538240501822,52.33557278138344,39.24475598065439
2024-02-07 00:00:00,24.742424938145184,49.12396353004948,48.65223732846778
2024-02-07 00:00:00,24.155745034077757,51.22212274670479,44.14950486200613
2024-02-07 01:00:00,27.253392200366143,41.33298287850363,55.65487879099523
2024-02-07 01:00:00,22.3400369602615,49.50194327310719,51.60250482431768
2024-02-07 01:00:00,21.708773983855007,51.72874010199474,45.33377514076536
2024-02-07 02:00:00,24.411723935441746,52.001925730455206,44.473346644214935
2024-02-07 02:00:00,26.766088912021083,48.49235903764109,50.95891593323879
2024-02-07 02:00:00,25.539291251902146,55.61534946747606,40.75007245477069
2024-02-07 03:00:00,25.816489004267584,53.11301363596731,48.05319055895454
2024-02-07 03:00:00,26.578407901137755,44.459243311458046,48.964114904197295
2024-02-07 03:00:00,23.11568823531132,49.34402852747103,45.01742631406231
2024-02-07 04:00:00,25.99421274912881,51.00762565842152,49.70615289782439
2024-02-07 04:00:00,24.53897789088182,46.333110907558215,42.30108612365012
2024-02-07 04:00:00,25.259275958942485,50.25723031649999,42.11789534855331
2024-02-07 05:00:00,23.089261341342933,45.47767523903709,53.772130418860286
2024-02-07 05:00:00,22.11434154371028,45.386759894662575,45.9702437414436
2024-02-07 05:00:00,22.61052618863395,55.72338887995554,50.57551333100007
2024-02-07 06:00:00,24.001924995936275,56.1331295327915,45.45410693777898
2024-02-07 06:00:00,25.059537708783825,51.59696335433152,42.59658980647384
2024-02-07 06:00:00,27.19900824068069,49.99161254410055,38.29191448481634
2024-02-07 07:00:00,22.72476872279716,50.44355225135941,57.23986957482381
2024-02-07 07:00:00,25.33837459527387,45.97784832009401,50.23768693791733
2024-02-07 07:00:00,27.05798060942589,54.4103123329418,49.5668091894594
2024-02-07 08:00:00,22.16481555146997,52.77571845887967,42.7651372351673
2024-02-07 08:00:00,27.180573702468735,53.5162689364974,37.16210398902894
2024-02-07 08:00:00,26.21085166085522,37.920618852331685,42.77079322067488
2024-02-07 09:00:00,25.37874291746258,53.64868656947045,35.81759028932083
2024-02-07 09:00:00,22.83219051278807,55.72256898092871,52.080396817516544
2024-02-07 09:00:00,21.62641393437285,62.90863160799935,35.3336255872818
2024-02-07 10:00:00,23.84238909731613,43.77023125505089,40.29348885154113
2024-02-07 10:00:00,23.428163488682756,57.70578435797129,35.617436451766736
2024-02-07 10:00:00,24.610494560314876,40.63928324359371,52.497932097430734
2024-02-07 11:00:00,23.529690718577715,52.80695008484921,41.28522135973797
2024-02-07 11:00:00,21.662719266210186,45.15812497863055,44.216363874104495
2024-02-07 11:00:00,21.53299602986815,48.47871832245414,40.48203880459694
2024-02-07 12:00:00,23.51052050970781,54.074208524537184,45.7735016546958
2024-02-07 12:00:00,24.84662247003252,44.37322064624056,55.3634699456869
2024-02-07 12:00:00,24.23638321017287,51.079598761459096,50.46917878971362
2024-02-07 13:00:00,21.31243627396022,57.6608809253495,44.101512154984825
2024-02-07 13:00:00,25.21174624668456,53.36693943212797,44.79363630959472
2024-02-07 13:00:00,21.51914012570832,46.080167464089214,47.45714023915776
2024-02-07 14:00:00,20.51649148823984,43.736970354641095,41.94993395009556
2024-02-07 14:00:00,21.934397500436184,55.60901776305574,54.791085165109855
2024-02-07 14:00:00,21.287075038917017,49.1938623575219,48.88636926144099
2024-02-07 15:00:00,22.986125794791093,45.0376328086336,52.44938668867814
2024-02-07 15:00:00,24.930665523900068,47.27239396859644,50.72403876085542
2024-02-07 15:00:00,26.81160616535873,45.46891706047052,48.59816939095214
2024-02-07 16:00:00,23.19298285613541,52.394106932068645,44.500830918211264
2024-02-07 16:00:00,24.726910640876028,51.54872847639392,47.52006714757191
2024-02-07 16:00:00,25.46529526028692,54.84912412678509,49.716940428300646
2024-02-07 17:00:00,23.933762474263972,45.32753705260856,36.49447030385236
2024-02-07 17:00:00,25.102599712419828,53.28809417158276,55.2427321240024
2024-02-07 17:00:00,22.779197202760717,54.44103308860196,36.603583154923214
2024-02-07 18:00:00,24.072434498203275,48.82956233404263,47.22282857752847
2024-02-07 18:00:00,21.020882116281943,48.70451203654419,43.00457388644985
2024-02-07 18:00:00,23.41309793950162,60.1222954698393,54.18778924042166
2024-02-07 19:00:00,23.01210693936313,43.87185551503016,51.367001314015646
2024-02-07 19:00:00,24.033117505132854,47.1296747471942,46.04897410376764
2024-02-07 19:00:00,21.90611496538469,47.25216672188852,45.77194470344176
2024-02-07 20:00:00,26.487912573748023,47.81428837467366,41.08324740475991
2024-02-07 20:00:00,19.774123734208043,49.41862875371064,53.26379469962262
2024-02-07 20:00:00,21.370518772942106,40.368671924423495,43.66750250666227
2024-02-07 21:00:00,21.17499798842267,54.28093345277628,44.35269341649992
2024-02-07 21:00:00,23.357604946607257,48.77887640109906,37.827392305893504
2024-02-07 21:00:00,23.657445574753005,39.54591462292063,53.67691209091204
2024-02-07 22:00:00,24.67030564535008,58.97827915768558,50.73119620588126
2024-02-07 22:00:00,25.9839101914288,39.01211229573127,43.30247999350497
2024-02-07 22:00:00,23.04552269081365,47.32947874008455,42.231079035662745
2024-02-07 23:00:00,25.82497762106539,55.31710712205529,43.92233497075726
2024-02-07 23:00:00,27.558593846693935,43.10795111846993,56.48742124901883
2024-02-07 23:00:00,21.35907420703435,51.61674595957094,40.84153953250973
2024-02-08 00:00:00,21.46788680758601,45.96030394186399,43.88400675400787
2024-02-08 00:00:00,26.18099376683857,51.73064937891357,38.69439288980767
2024-02-08 00:00:00,24.901896593850537,41.00533785394991,45.66689448384868
2024-02-08 01:00:00,25.919890168610102,54.87660257996997,48.28913039032248
2024-02-08 01:00:00,23.751461150619004,59.87755227368379,50.97895628025819
2024-02-08 01:00:00,23.804639746922064,49.4450830976996,43.32884594304455
2024-02-08 02:00:00,25.230871406035018,40.79685085904244,40.78752093831542
2024-02-08 02:00:00,23.258372235092697,54.10254298173554,45.2883569317962
2024-02-08 02:00:00,25.68355814749141,51.7651662765555,48.24110085390753
2024-02-08 03:00:00,23.541121031757363,46.937953532077394,44.89982866965569
2024-02-08 03:00:00,23.70340889819823,52.18321217014987,50.79837432384109
2024-02-08 03:00:00,22.459761605935924,55.03514276062596,46.37794054850116
2024-02-08 04:00:00,23.46363036960245,50.09915835493571,47.7343874444893
2024-02-08 04:00:00,25.129454074400893,52.54518883653106,33.000390478786024
2024-02-08 04:00:00,21.85941676955978,45.42253846457209,49.43181589423671
2024-02-08 05:00:00,21.339843362994102,38.21838219041064,43.11115706768176
2024-02-08 05:00:00,25.219746962561768,62.784119892748656,45.09860040600939
2024-02-08 05:00:00,25.18798176635073,61.151673157133,44.77324353667252
2024-02-08 06:00:00,26.65794099651188,47.32014859583347,49.23334347470708
2024-02-08 06:00:00,24.870222740627824,43.81031784033378,45.08663600253775
2024-02-08 06:00:00,24.510727575556693,60.97456127237514,43.66603024770493
2024-02-08 07:00:00,22.81092501888211,59.01120079220325,60.10589614260829
2024-02-08 07:00:00,19.65757217383962,57.30725820294778,45.52051643902337
2024-02-08 07:00:00,26.226271926314297,50.465916857541735,48.17326756508356
2024-02-08 08:00:00,21.800631098787655,44.97362501647274,49.92244635745709
2024-02-08 08:00:00,27.64271742307711,49.45524234535273,43.90871693790287
2024-02-08 08:00:00,24.555964038003857,44.79791374057656,45.9781299033041
2024-02-08 09:00:00,21.32179104004653,48.13461817241025,33.89517450831128
2024-02-08 09:00:00,24.25132185036212,49.21395917580367,43.02588912918979
2024-02-08 09:00:00,26.21015658827937,57.795535117755456,44.64360720412879
2024-02-08 10:00:00,27.23813325768692,59.08009940988175,48.14112041729307
2024-02-08 10:00:00,21.32402390301409,39.99168703133829,46.87828590262826
2024-02-08 10:00:00,25.835164843161028,46.62942627377241,44.21608626523317
2024-02-08 11:00:00,21.84255224062747,56.13562371716501,30.24806997811104
2024-02-08 11:00:00,26.743680243159048,51.398204536226416,48.38924749775693
2024-02-08 11:00:00,25.882575444182287,52.18600445995536,47.74845119817502
2024-02-08 12:00:00,24.61149248123441,46.479103147385615,50.06122104972483
2024-02-08 12:00:00,22.1400503944957,47.68288829064574,40.16215833025456
2024-02-08 12:00:00,19.071981683855803,52.42371088553581,51.20606894715862
2024-02-08 13:00:00,23.42187524129359,52.54495603265328,38.86042307544009
2024-02-08 13:00:00,24.252108531626185,42.5927387916435,52.37103438645546
2024-02-08 13:00:00,23.00568085071844,60.34328828070159,46.41419474290269
2024-02-08 14:00:00,25.85264117636148,61.54027005164974,47.35006904446023
2024-02-08 14:00:00,24.77740361344101,49.21361651376952,44.34369476144241
2024-02-08 14:00:00,22.4343644247314,48.90456317215384,36.399812957498256
2024-02-08 15:00:00,26.83340822575145,49.9850917190334,44.48563732980785
2024-02-08 15:00:00,24.352192636133974,47.44136466745989,41.356109589936096
2024-02-08 15:00:00,20.580440671457936,52.2141920937829,44.31202742443908
2024-02-08 16:00:00,22.68447317700809,49.1747754687128,43.15551801080581
2024-02-08 16:00:00,22.49968302575822,55.92535489301138,44.87039201468686
2024-02-08 16:00:00,28.4035355644724,53.33543021385405,42.3201911579424
2024-02-08 17:00:00,27.73311894535797,39.25677531567168,31.877110997909227
2024-02-08 17:00:00,26.59095691149824,43.78618727392323,45.62729395854607
2024-02-08 17:00:00,25.518186501375997,47.16431527176554,36.47210042225439
2024-02-08 18:00:00,23.630924895134992,49.69110114467097,47.39311104023478
2024-02-08 18:00:00,22.66362818622647,56.748139626529024,48.3084385953782
2024-02-08 18:00:00,22.557005235795664,48.039716808784746,50.268711326427336
2024-02-08 19:00:00,21.395610662553988,41.973673764703264,36.32918610605813
2024-02-08 19:00:00,25.56569830987109,53.01093492897758,48.30171458351812
2024-02-08 19:00:00,24.03930566908889,44.15418293571198,40.647605992210586
2024-02-08 20:00:00,22.5218985892558,49.06010085601786,48.8599910146301
2024-02-08 20:00:00,23.14568134083029,50.057673895302216,42.24623276940103
2024-02-08 20:00:00,26.056399622001425,51.77509148157201,38.68606700052779
2024-02-08 21:00:00,26.133480642770166,42.243363949917445,48.45097911852248
2024-02-08 21:00:00,26.97580243594264,52.56528219739391,30.836345144756592
2024-02-08 21:00:00,25.96673492672521,54.073952834584105,52.28938065996872
2024-02-08 22:00:00,23.31417497996509,43.28214332576809,51.56612963490437
2024-02-08 22:00:00,24.658148849066244,43.742333613084,40.90597861450737
2024-02-08 22:00:00,25.50074776116505,49.86450920189439,41.13986992604377
2024-02-08 23:00:00,25.877373992193604,54.04881612826368,45.182529216908506
2024-02-08 23:00:00,25.55048330756829,48.13142841861045,49.50903530280285
2024-02-08 23:00:00,21.06651778729552,50.71540871359991,46.83042992014398
2024-02-09 00:00:00,23.69470461352311,45.27949501607817,43.43735368821037
2024-02-09 00:00:00,26.06247260370678,49.612569482697765,47.23012651931635
2024-02-09 00:00:00,23.349644175910377,48.67402738117242,45.49689462345869
2024-02-09 01:00:00,24.734935770758955,54.818781714067214,43.366789775410446
2024-02-09 01:00:00,23.2845056267812,59.67246218592452,46.493835877974135
2024-02-09 01:00:00,24.886002904724755,51.48037390843297,42.75531866604396
2024-02-09 02:00:00,25.382960748898533,41.62916754713798,41.89327596369366
2024-02-09 02:00:00,22.886633558179177,51.32488747071102,37.97782360782941
2024-02-09 02:00:00,20.358737837968512,53.76957280455232,44.18075510371892
2024-02-09 03:00:00,21.780298196376968,52.171678756992655,43.128809538584505
2024-02-09 03:00:00,27.590110880649704,52.406737999170176,39.91222710593479
2024-02-09 03:00:00,24.228125174982942,42.62353357569533,45.81752701654805
2024-02-09 04:00:00,22.575118622035838,44.821493016136685,52.44289672913061
2024-02-09 04:00:00,29.19495065110588,59.88225070042016,48.32375884025375
2024-02-09 04:00:00,21.57005891491596,38.53148532856419,39.35490130573721
2024-02-09 05:00:00,24.564847499591615,44.76557121907378,48.84088172341048
2024-02-09 05:00:00,22.568815354679987,48.38196025990704,45.263770555043486
2024-02-09 05:00:00,24.531553825699696,38.18110252887495,48.1864403841977
2024-02-09 06:00:00,23.66565256915538,57.61961823087126,37.60533468945655
2024-02-09 06:00:00,23.44833723303545,46.397829891623296,42.96455938414678
2024-02-09 06:00:00,21.156420435986835,56.33476160225136,48.08505890946862
2024-02-09 07:00:00,24.866380873393293,43.472510772774896,47.01587298606864
2024-02-09 07:00:00,28.413029293362683,46.60042192738089,50.74100368893954
2024-02-09 07:00:00,25.392330017167183,39.44858180129266,42.96786649938041
2024-02-09 08:00:00,25.849688453706527,54.63783430605022,43.88009364383048
2024-02-09 08:00:00,24.191334880856573,49.79735990276167,44.61149761763918
2024-02-09 08:00:00,23.015110492885043,41.5658533623401,36.01899174761108
2024-02-09 09:00:00,21.916209314189924,54.28722005480149,50.04289006645617
2024-02-09 09:00:00,22.997559547649743,46.76649803737618,44.33038099531845
2024-02-09 09:00:00,25.367922434654098,55.96400765182946,36.268841041036126
2024-02-09 10:00:00,24.753181726834864,57.87962176923233,42.30351257778234
2024-02-09 10:00:00,17.80667934140269,51.13922976219472,45.81211025762444
2024-02-09 10:00:00,24.386320752499174,38.31871832023037,42.55244940119948
2024-02-09 11:00:00,25.536204770750693,46.94499362701181,48.21988201387291
2024-02-09 11:00:00,21.42771939397248,56.41125952233215,41.339388569056965
2024-02-09 11:00:00,25.556187179648656,59.08316514174175,42.962084771163816
2024-02-09 12:00:00,25.65983823646562,55.53455130763878,43.75466738201821
2024-02-09 12:00:00,24.14769460125963,43.734527292805865,44.744233437359306
2024-02-09 12:00:00,22.968234340237885,44.5640550150596,51.809676733713175
2024-02-09 13:00:00,22.39792330978306,48.72564315465722,52.60673439298743
2024-02-09 13:00:00,23.56718834957263,44.1134492774106,35.127698734052004
2024-02-09 13:00:00,21.78408976239196,47.42488498193172,44.36250945053498
2024-02-09 14:00:00,23.51901399826349,42.44696037494133,46.758485153820125
2024-02-09 14:00:00,26.531534949267435,52.70401021657823,51.65008936034599
2024-02-09 14:00:00,22.34220209661007,47.676933095929975,39.48025821385925
2024-02-09 15:00:00,23.953467560122625,54.7431236084008,52.880098183745865
2024-02-09 15:00:00,25.289418661688025,41.10443198272337,43.941578677132654
2024-02-09 15:00:00,24.37659788083341,45.64396855295146,41.81776779677799
2024-02-09 16:00:00,27.504968314151625,58.03701180788521,42.02549712183268
2024-02-09 16:00:00,20.617069264726183,50.50977290302659,48.86814387575188
2024-02-09 16:00:00,26.14438894704401,53.42930482512729,47.38454782560677
2024-02-09 17:00:00,25.422832096909623,51.51166956827464,43.787195464004334
2024-02-09 17:00:00,22.06034371083333,41.23041142211928,48.83851928327402
2024-02-09 17:00:00,24.70432671160523,44.19434732716122,48.12342081268589
2024-02-09 18:00:00,23.5176947832798,49.90917880715991,44.24390468033583
2024-02-09 18:00:00,21.22912701314524,51.74230645336469,34.89655673832887
2024-02-09 18:00:00,20.544915242698085,58.4791720189281,39.62816349206581
2024-02-09 19:00:00,25.65222821327386,49.19428288687304,44.602427344444806
2024-02-09 19:00:00,24.48008022395557,51.426618080582585,54.81936996631275
2024-02-09 19:00:00,20.290468626970146,46.66287123017766,45.08468911579183
2024-02-09 20:00:00,24.904859850907677,49.82466263215032,41.2981913315396
2024-02-09 20:00:00,22.21021051123447,40.723241428772674,52.8850006135638
2024-02-09 20:00:00,22.864568434217876,48.38565056001218,42.5271632336756
2024-02-09 21:00:00,24.04784144615993,54.05140214178208,37.74249291562024
2024-02-09 21:00:00,22.59262820028937,52.36701470040447,40.970171892226126
2024-02-09 21:00:00,23.37997537139151,45.82202331579282,49.72373412886283
2024-02-09 22:00:00,26.44021661351403,48.1307976828742,52.922710174343365
2024-02-09 22:00:00,23.3235706499796,56.22773850502123,35.633320041757884
2024-02-09 22:00:00,29.453969035610854,42.44993035595279,50.87841865263206
2024-02-09 23:00:00,23.77329808070141,52.14622944529524,40.41975081352054
2024-02-09 23:00:00,23.078012719724573,52.13870891860681,44.989623296561085
2024-02-09 23:00:00,26.36628238456657,42.955148911037305,40.02157436713918
2024-02-10 00:00:00,22.440389156112477,46.3380748236204,51.46232799126838
2024-02-10 00:00:00,22.4318542600516,48.9210185700038,46.73621865886763
2024-02-10 00:00:00,24.82712035955811,53.31740738200885,38.47740155196861
2024-02-10 01:00:00,24.096468105525872,51.37947777209551,45.88342973330517
2024-02-10 01:00:00,24.10953644631035,53.21497040200072,53.52385006055566
2024-02-10 01:00:00,24.257850773801525,51.38095692468341,35.486313099985786
2024-02-10 02:00:00,22.77758479229235,48.4268643128458,34.62654112445948
2024-02-10 02:00:00,24.46078503412702,44.709095838811685,44.584996770825285
2024-02-10 02:00:00,21.817009610508155,44.135868109542656,38.076045236939365
2024-02-10 03:00:00,22.863591505115355,49.56084014036641,40.85197423011029
2024-02-10 03:00:00,22.53750773758928,51.07555210906892,49.02719800674312
2024-02-10 03:00:00,23.083292828113983,50.44120490063168,36.26119477294873
2024-02-10 04:00:00,24.745486873659864,46.39994328166799,41.14585204191425
2024-02-10 04:00:00,26.030344180752586,58.88627240103457,34.46085149004927
2024-02-10 04:00:00,26.59311432133705,50.98683782430324,37.193793982533016
2024-02-10 05:00:00,26.42249044380293,44.01363272849129,40.43003864472351
2024-02-10 05:00:00,21.87277533139482,49.28854998337815,45.300586049631015
2024-02-10 05:00:00,19.107169310214942,51.580296745920585,42.73462412306784
2024-02-10 06:00:00,25.493410523616628,37.9344058098484,48.94870494174513
2024-02-10 06:00:00,18.183836730374527,59.18886565796815,46.05384682963444
2024-02-10 06:00:00,22.445174402046632,47.58102870685728,53.17814915968409
2024-02-10 07:00:00,25.736982087554853,45.06836875607182,44.44920837887124
2024-02-10 07:00:00,20.112998530301063,44.56194779589202,48.069208087620304
2024-02-10 07:00:00,25.22963497113235,59.89929965071857,54.83665183871643
2024-02-10 08:00:00,23.64306658413321,48.48502673703449,46.258985715009246
2024-02-10 08:00:00,24.82797647981371,44.53822431263521,41.91055429260818
2024-02-10 08:00:00,23.23354149746728,57.37126067847988,41.19868138488392
2024-02-10 09:00:00,24.10956075528816,48.24809800615807,48.99867045045003
2024-02-10 09:00:00,26.518325666704307,55.20286673964231,45.87928968196247
2024-02-10 09:00:00,26.134912743959223,49.59715801527773,37.64210257418328
2024-02-10 10:00:00,23.905036056321528,50.16515101824397,39.48393546350203
2024-02-10 10:00:00,20.722099897831463,48.81432391598092,49.26670075154115
2024-02-10 10:00:00,21.542445278524145,48.90583988265062,39.88148910403638
2024-02-10 11:00:00,26.222243892284347,40.93516239355978,45.85194137706117
2024-02-10 11:00:00,21.800481778679348,45.87099804907076,46.65824123193219
2024-02-10 11:00:00,26.412030647849956,62.75112171158359,48.9463321352369
2024-02-10 12:00:00,21.60850293158197,48.898443544138665,39.09926870488604
2024-02-10 12:00:00,23.767507149067463,47.69130357274958,37.74426091476098
2024-02-10 12:00:00,25.310750199413302,50.27579538575853,41.24211591735092
2024-02-10 13:00:00,22.11581658493315,52.57232938828946,59.123831663409
2024-02-10 13:00:00,26.750559533008264,47.44291771727664,51.95029608695822
2024-02-10 13:00:00,24.82153002905183,39.91264990428537,41.14999947970646
2024-02-10 14:00:00,21.21543101618759,48.373853353572585,39.14579141696068
2024-02-10 14:00:00,20.681460350515334,44.38576185716407,42.17474374420912
2024-02-10 14:00:00,23.03563202187986,49.32423103256792,53.58846799213072
2024-02-10 15:00:00,25.893842484252687,52.152704652465474,41.41428563319273
2024-02-10 15:00:00,24.008415349568985,55.52802159523033,37.19395727504021
2024-02-10 15:00:00,27.24754148744473,52.62324286485798,44.023408659695455
2024-02-10 16:00:00,25.97892394918228,53.74297115591818,47.77982459618626
2024-02-10 16:00:00,22.686930127303054,47.9900183731824,37.75232175125292
2024-02-10 16:00:00,27.1517627177646,55.5412692051016,42.57228427472517
2024-02-10 17:00:00,24.2476549120532,53.90388028863103,44.32598236908282
2024-02-10 17:00:00,28.85205571328927,50.00135802541363,44.9680599899027
2024-02-10 17:00:00,25.68290303708544,45.21090584809036,41.41926966942255
2024-02-10 18:00:00,24.88823212627817,59.71836618560173,47.84398432076036
2024-02-10 18:00:00,27.330595180824496,56.0406351914618,38.41360143087182
2024-02-10 18:00:00,23.910806458863515,48.60765067328703,45.71841480364578
2024-02-10 19:00:00,24.478133338593207,56.23623291114009,51.03168790860299
2024-02-10 19:00:00,22.56946075104319,46.67011081430742,50.57163489189768
2024-02-10 19:00:00,24.462598805209957,48.60827458742423,48.03051359025846
2024-02-10 20:00:00,21.8744906245565,56.76810573686865,44.758744610952725
2024-02-10 20:00:00,23.042323428551484,48.34059757865774,42.401330337464834
2024-02-10 20:00:00,22.485838020739617,56.70526641929626,43.48558176155922
2024-02-10 21:00:00,27.30211531329834,39.55819833573064,48.85576390149491
2024-02-10 21:00:00,24.69436727412725,50.28216700474563,39.78260821340901
2024-02-10 21:00:00,22.83382869511405,56.45457495157788,53.79612829302313
2024-02-10 22:00:00,24.485919832847127,50.07271411804172,45.328682758603584
2024-02-10 22:00:00,24.64668183838917,56.8813741458537,42.18972156522497
2024-02-10 22:00:00,25.70140596406057,50.594022396729535,54.80523601114734
2024-02-10 23:00:00,24.683452927831404,48.56449273894043,52.833412885513546
2024-02-10 23:00:00,21.606573907547844,57.874453424188346,44.19672299794109
2024-02-10 23:00:00,23.77673852011447,54.603001389347874,48.053428174402185
2024-02-11 00:00:00,25.28402966714654,46.9918327830755,45.20469240931703
2024-02-11 00:00:00,21.199068145033465,49.07898696950951,45.14357589246164
2024-02-11 00:00:00,22.5481236993892,49.44269755425427,48.11830527480272
2024-02-11 01:00:00,24.107147759477147,53.437110342496574,42.37727782460451
2024-02-11 01:00:00,24.449299392055185,63.45137045092481,42.41361120405239
2024-02-11 01:00:00,29.30854043047521,48.48268477328412,46.23543369180789
2024-02-11 02:00:00,21.97573865061792,50.670497144821695,45.87048912707542
2024-02-11 02:00:00,23.4419473355102,50.05861501436739,39.40865878896388
2024-02-11 02:00:00,26.966964871167605,45.219920706917975,44.3363528081417
2024-02-11 03:00:00,23.21808730430021,46.26920980574654,44.8592014980788
2024-02-11 03:00:00,24.440343728097226,56.37987117672747,39.497157447787885
2024-02-11 03:00:00,24.783327843877643,48.22985248640776,47.45218940627669
2024-02-11 04:00:00,25.315978182211865,54.474729174011145,48.46105382480865
2024-02-11 04:00:00,24.857820479332123,46.39424548456915,37.26629881663947
2024-02-11 04:00:00,23.70168940229106,52.35208684941563,41.49850888693871
2024-02-11 05:00:00,24.951482199690545,59.62136188358844,43.36753341677958
2024-02-11 05:00:00,23.84340698118908,53.37950284440984,44.29673520715588
2024-02-11 05:00:00,26.399260800963265,44.84956795651937,45.572739630606016
2024-02-11 06:00:00,25.147728619419144,50.08669758993896,54.89886878118436
2024-02-11 06:00:00,22.90778024159891,42.91066127063113,41.20101928859704
2024-02-11 06:00:00,25.322029470668657,47.483530201283926,40.08242206971886
2024-02-11 07:00:00,24.04864789677188,49.32075819899918,43.67338070715464
2024-02-11 07:00:00,24.54815269133606,40.82077804449724,44.23743565161969
2024-02-11 07:00:00,26.80960070157341,51.52028730422988,46.73929408252794
2024-02-11 08:00:00,24.543686882300165,57.919304746923416,48.30098814181271
2024-02-11 08:00:00,23.490506041630056,42.99004884640468,52.90240001001671
2024-02-11 08:00:00,19.403467943042763,55.1965614347641,39.10177599699383
2024-02-11 09:00:00,24.65695054707039,52.264815212244535,45.75429881455862
2024-02-11 09:00:00,24.19760096149126,61.878839583410766,44.45681933087633
2024-02-11 09:00:00,23.93862555075356,54.46319904792195,47.87662184749019
2024-02-11 10:00:00,22.50477280043757,44.54778198161397,36.63066822642888
2024-02-11 10:00:00,21.48908437844277,54.31528999051532,49.06078730490971
2024-02-11 10:00:00,23.74576616393982,54.33077975788125,42.39271884722063
2024-02-11 11:00:00,23.532814021246395,47.676979414921696,45.84994065208459
2024-02-11 11:00:00,26.705919890060542,52.99314941924568,42.45765440728572
2024-02-11 11:00:00,24.91810132996536,49.963399147887785,37.70607569085119
2024-02-11 12:00:00,19.23870258083201,52.11253951557522,47.66381706817378
2024-02-11 12:00:00,25.251449348633308,57.32481328470877,46.52286741119509
2024-02-11 12:00:00,25.68263158025392,47.26540753558619,40.23723942730282
2024-02-11 13:00:00,22.247666453958324,53.566924431610126,38.4136048848009
2024-02-11 13:00:00,24.442930432372965,43.39552513893836,52.83380900002227
2024-02-11 13:00:00,25.00336629871413,48.989363350375406,47.86713683854161
2024-02-11 14:00:00,23.125670176575348,52.88213220042474,44.23913439627224
2024-02-11 14:00:00,23.874840935400247,62.67193078442615,37.006661161237325
2024-02-11 14:00:00,27.375406348311927,39.2882422344971,42.30647108420084
2024-02-11 15:00:00,24.001796554173144,52.95982963324941,59.79552502607389
2024-02-11 15:00:00,26.114625784152377,44.510148452306055,45.64156599143178
2024-02-11 15:00:00,29.273041746297107,38.39889280498832,42.73884955965995
2024-02-11 16:00:00,23.22307718893272,51.24615664468536,40.01973152465809
2024-02-11 16:00:00,25.741748430616457,59.06777139446178,36.34294890482717
2024-02-11 16:00:00,24.513962776578754,45.65085698984706,42.16525453453992
2024-02-11 17:00:00,26.08331421999859,54.86000511084745,49.745441365197
2024-02-11 17:00:00,25.560578073937634,52.12961478329056,48.2019826545092
2024-02-11 17:00:00,25.366724923585448,53.6138178006911,44.68473079274251
2024-02-11 18:00:00,26.60430670230236,46.665802296826186,44.90042143463416
2024-02-11 18:00:00,20.759225354532298,56.26791507809659,44.90060301415089
2024-02-11 18:00:00,24.47324792845813,61.77560714680459,45.42641802488498
2024-02-11 19:00:00,22.34218825560182,44.75705200437033,43.52855071535222
2024-02-11 19:00:00,25.74690397985543,50.963023359927874,39.32429708276497
2024-02-11 19:00:00,26.210538571649604,45.12759076273623,45.200117144097376
2024-02-11 20:00:00,25.27781762625853,45.15421856111449,51.9883506441151
2024-02-11 20:00:00,24.082112402579497,48.34854336672275,38.80385282749408
2024-02-11 20:00:00,25.83338536403981,48.27535872144551,49.06166061210318
2024-02-11 21:00:00,26.26742148654128,60.27209297029006,34.656310946920705
2024-02-11 21:00:00,25.575721913695418,55.84696080141406,44.79025084757448
2024-02-11 21:00:00,26.06897204580796,46.15869910745042,44.43237053979223
2024-02-11 22:00:00,27.09062231241941,51.860999533875294,45.17089289729636
2024-02-11 22:00:00,21.1138573707413,56.12030491217848,51.311560317102135
2024-02-11 22:00:00,26.74708064252864,52.78330491942149,38.46626612684615
2024-02-11 23:00:00,23.544978639854687,57.469370686099815,40.99367702818277
2024-02-11 23:00:00,22.36265538845497,55.277795457934346,49.39004818146248
2024-02-11 23:00:00,24.34270750385937,55.77996687333339,41.29032769230951
2024-02-12 00:00:00,23.2920636765186,50.29560748669424,45.19923256269809
2024-02-12 00:00:00,25.76142207219311,51.73652882995261,46.83918934410449
2024-02-12 00:00:00,23.05909610546102,52.20792398486178,44.682607762497696
2024-02-12 01:00:00,23.60113710990185,42.8547328311991,51.27624977596798
2024-02-12 01:00:00,24.75606181826674,50.18490019222964,57.67308391164923
2024-02-12 01:00:00,25.79355789522496,45.1778733674943,40.36258069409082
2024-02-12 02:00:00,23.046752967707917,62.906687659969,46.24965708334111
2024-02-12 02:00:00,25.31944197625127,46.91339467314175,43.24223251279053
2024-02-12 02:00:00,24.962395424337863,52.85057757400724,49.66803632917968
2024-02-12 03:00:00,27.15982765982781,57.61550710300649,43.70397644613244
2024-02-12 03:00:00,18.74114430412604,53.43555924858944,43.8361551383406
2024-02-12 03:00:00,19.124815234552187,45.149805942222734,42.65726043273449
2024-02-12 04:00:00,27.23082710108549,42.950096278679325,35.35834375811049
2024-02-12 04:00:00,24.3877816765278,53.84897458457188,51.65120815179452
2024-02-12 04:00:00,21.6245988264152,48.960999010281135,46.947079893490034
2024-02-12 05:00:00,26.15140643243845,52.23148436512689,38.71785211634605
2024-02-12 05:00:00,25.05844950459005,44.714233778825474,52.81578754623762
2024-02-12 05:00:00,24.070078099639154,53.727047539285145,45.493306893773614
2024-02-12 06:00:00,26.333359550859267,50.538852704608885,53.89214310075328
2024-02-12 06:00:00,21.19505886217646,44.6537583184954,41.82083883386159
2024-02-12 06:00:00,22.8408590856218,50.334635340211285,45.44934504073266
2024-02-12 07:00:00,23.409565776430057,42.7477521245344,52.871736165962815
2024-02-12 07:00:00,25.96278634397518,57.52260073914287,44.07233759116316
2024-02-12 07:00:00,23.7558046085015,48.50056565663274,43.02431820273269
2024-02-12 08:00:00,22.17429278507593,49.85450787098297,44.138752307175565
2024-02-12 08:00:00,21.3952512848746,48.54927090478995,51.024209091628926
2024-02-12 08:00:00,24.554887606864494,59.27577756816592,39.9072187271253
2024-02-12 09:00:00,19.422533806300155,51.82810133736789,51.473681326705616
2024-02-12 09:00:00,18.56960818609438,51.203847056718566,38.390843706730536
2024-02-12 09:00:00,19.76496874233457,44.96671952506789,47.664634105836406
2024-02-12 10:00:00,24.65805866704557,53.43486838033205,51.47588039928734
2024-02-12 10:00:00,23.00656341779985,59.49617259771885,45.43797156494668
2024-02-12 10:00:00,21.781681348303152,58.912370530178094,39.73291720326941
2024-02-12 11:00:00,23.34172415899481,49.30768947662615,46.791160680358736
2024-02-12 11:00:00,21.01598629413981,46.91823269088583,47.33826640680431
2024-02-12 11:00:00,22.22808287185489,53.8911107757389,46.7928166149272
2024-02-12 12:00:00,27.33626904287435,60.93402942109887,34.82154589574508
2024-02-12 12:00:00,23.2200271357204,55.087717363373145,49.09693085345513
2024-02-12 12:00:00,25.46405142361913,55.2270797404439,41.10036279496428
2024-02-12 13:00:00,27.654616071857724,44.23439643887778,48.497624437473874
2024-02-12 13:00:00,23.263290351965537,49.485029486839984,50.55280924720297
2024-02-12 13:00:00,23.775213746538853,46.68797212277861,42.59860067458272
2024-02-12 14:00:00,26.581547377588908,49.03840975998716,48.848284049027285
2024-02-12 14:00:00,20.59287330685421,44.3629691586142,47.62454392187445
2024-02-12 14:00:00,21.29858861649432,47.34800333014236,54.25673771803788
2024-02-12 15:00:00,22.08764982021593,44.71993320129425,46.28289339300062
2024-02-12 15:00:00,21.820690043883243,48.36381321331211,36.70242967991452
2024-02-12 15:00:00,22.905128066026982,58.36582509034927,39.69801985769736
2024-02-12 16:00:00,23.294401777388195,51.536939269072604,43.4522085103354
2024-02-12 16:00:00,23.1586398372022,48.14310918051538,54.1289697000172
2024-02-12 16:00:00,25.518561686458483,44.59781536497945,49.30637875934711
2024-02-12 17:00:00,25.65919217304665,52.7505490787072,48.59009181282168
2024-02-12 17:00:00,21.12364911380216,45.97745966609123,49.58276149451317
2024-02-12 17:00:00,24.006391263720783,45.58342213235664,43.14934189572556
2024-02-12 18:00:00,25.51822998222624,49.377889363501936,39.96009940951117
2024-02-12 18:00:00,22.600633712069545,46.122482080856855,46.95869275043311
2024-02-12 18:00:00,22.223324349658352,49.64219173210231,44.7397686748759
2024-02-12 19:00:00,25.17524270955525,45.04478082502035,38.52117494843425
2024-02-12 19:00:00,25.886577493399383,48.68408695167128,33.46515380839994
2024-02-12 19:00:00,20.974697962160768,44.71253305839368,51.17615418663689
2024-02-12 20:00:00,25.050778244676643,46.804364883594126,44.4750144471566
2024-02-12 20:00:00,24.648490602794404,42.33860112605724,38.52426139528338
2024-02-12 20:00:00,23.32414332038554,46.50868657168287,50.90086435883804
2024-02-12 21:00:00,23.702843119604218,57.17385000093998,42.73987526429536
2024-02-12 21:00:00,21.28065771283173,42.20171293091325,47.68006158764188
2024-02-12 21:00:00,26.694915022232728,48.06202346280365,45.20208378875129
2024-02-12 22:00:00,28.12297338435884,52.40153766372195,44.15543405474574
2024-02-12 22:00:00,22.583314574299195,53.15003914172606,43.59979335689638
2024-02-12 22:00:00,24.427798961062543,50.55764224253168,56.03816021289004
2024-02-12 23:00:00,21.80170697101311,43.86199716561568,44.190392297307255
2024-02-12 23:00:00,23.607965103555728,51.64672613798899,41.65798626360101
2024-02-12 23:00:00,25.503422379568697,47.20941106561443,46.87758590678924
2024-02-13 00:00:00,20.52259501287212,61.79785167506978,47.6499736564549
2024-02-13 00:00:00,23.545713011859554,48.23361382539856,43.52980915089239
2024-02-13 00:00:00,21.433043102166916,54.24699605729142,38.553247014618194
2024-02-13 01:00:00,22.1238599116951,54.536351311099295,28.305786962687414
2024-02-13 01:00:00,26.5635097158854,51.30665138289362,42.862917530139725
2024-02-13 01:00:00,25.008536442645696,49.70437612152638,50.7650574947864
2024-02-13 02:00:00,23.62230762844533,43.89928406392462,48.18283726404044
2024-02-13 02:00:00,22.45917315228624,43.28169355477779,39.752774975595855
2024-02-13 02:00:00,24.101478571713795,49.29230725506835,42.86276472356703
2024-02-13 03:00:00,22.429120079926765,53.76069688748386,45.75491031077181
2024-02-13 03:00:00,25.98179069276721,40.955398494448886,47.34970277671048
2024-02-13 03:00:00,28.46663824888856,44.69784733748793,50.96378719785749
2024-02-13 04:00:00,24.62907670871251,54.98239970583149,41.67607994084542
2024-02-13 04:00:00,24.83018511552228,46.1287069450123,43.47054858629721
2024-02-13 04:00:00,24.426929753137,54.06496019629064,38.217549814497694
2024-02-13 05:00:00,22.99887065107163,46.44812012484859,46.14599501054282
2024-02-13 05:00:00,27.325686360844134,41.95279225679128,50.72854175989913
2024-02-13 05:00:00,23.19434355936905,48.52401671410395,42.75958263714835
2024-02-13 06:00:00,27.740455473304863,52.78780969050713,46.43139617475287
2024-02-13 06:00:00,26.895101566648503,50.77349460863553,44.41997466672412
2024-02-13 06:00:00,22.784845853794984,64.34247131548395,49.01349977441168
2024-02-13 07:00:00,19.96748711196083,52.74203547057716,48.883054226785866
2024-02-13 07:00:00,22.32694575795034,47.25230936631154,43.19572570124455
2024-02-13 07:00:00,24.07017813579791,41.91943848273013,44.70344615390928
2024-02-13 08:00:00,24.81731723334452,49.82602197823026,45.63418597804582
2024-02-13 08:00:00,28.65419192505431,48.2322752016779,45.6841437267928
2024-02-13 08:00:00,19.08626810110928,52.25991588574416,39.62499564372448
2024-02-13 09:00:00,26.612624146721213,51.97889785184259,48.14974800053577
2024-02-13 09:00:00,27.708389828271173,51.39840191699538,46.11625977072541
2024-02-13 09:00:00,21.96436979753947,48.09862820064883,49.03542975708
2024-02-13 10:00:00,27.94473753126527,37.46725055353049,48.05700031384109
2024-02-13 10:00:00,26.082799251555887,52.714657774988034,42.3725197355363
2024-02-13 10:00:00,22.63104757234461,52.364522417372505,51.224311846016974
2024-02-13 11:00:00,23.1249266591884,44.31616303390366,43.97194432653486
2024-02-13 11:00:00,20.539298458703456,58.501264852391024,49.51233435332995
2024-02-13 11:00:00,21.50978831583363,51.79504872678654,46.71868609719808
2024-02-13 12:00:00,26.154560329925904,45.85987790633073,46.08506949210852
2024-02-13 12:00:00,23.50430625276021,46.70099089213807,49.02202542442059
2024-02-13 12:00:00,22.571006073127755,52.56512237658971,30.57712332085415
2024-02-13 13:00:00,26.663054519520063,47.56221321859695,52.21749518782395
2024-02-13 13:00:00,24.420174329181524,51.12450444140355,48.48019010802712
2024-02-13 13:00:00,26.625369837167952,50.67942492520524,45.7571443669392
2024-02-13 14:00:00,18.005809869061274,59.23206661842773,52.1946788202588
2024-02-13 14:00:00,20.143087053580068,43.06439822738748,49.93688834604015
2024-02-13 14:00:00,25.43084954746991,47.73004899309184,42.7440030657822
2024-02-13 15:00:00,24.39953257603971,55.68775640965268,59.55805819525019
2024-02-13 15:00:00,25.226608066078423,47.484167657903214,47.33604607728249
2024-02-13 15:00:00,24.351109023833654,54.40735573411026,50.717446072728606
2024-02-13 16:00:00,25.66607753710672,50.5348711279262,43.52982807212779
2024-02-13 16:00:00,19.803919300370858,52.50870330102881,32.32369304546484
2024-02-13 16:00:00,24.839673603013576,49.743355492970586,49.13908940347224
2024-02-13 17:00:00,28.7918018190223,55.82927621260132,48.25632237771126
2024-02-13 17:00:00,26.655870254521247,50.67679605710085,45.28499342118214
2024-02-13 17:00:00,21.91429613573797,52.11579570854046,52.25661753842826
2024-02-13 18:00:00,25.08352852387276,45.2146503505753,44.03051425740248
2024-02-13 18:00:00,23.9030851343262,47.53731864197817,42.82840696106577
2024-02-13 18:00:00,25.59678241733416,45.96236062420698,55.77023145931297
2024-02-13 19:00:00,25.23752240748486,57.24778695318225,49.17961461518239
2024-02-13 19:00:00,23.779450645616144,56.08065850547612,39.35080067536816
2024-02-13 19:00:00,27.08203726014255,51.54550853530908,44.4661698867773
2024-02-13 20:00:00,29.345339701194,41.60204534892553,51.38567625260905
2024-02-13 20:00:00,20.433017040245275,45.35815734073152,46.90822606484166
2024-02-13 20:00:00,22.311241162108804,46.328178521652696,40.24495395238706
2024-02-13 21:00:00,23.714726640129054,45.32858303548652,44.65861718178186
2024-02-13 21:00:00,28.518604456031127,50.5906081961238,44.0836626490587
2024-02-13 21:00:00,26.922135862608418,46.16513801552421,47.2634137881111
2024-02-13 22:00:00,25.777457584956665,51.19106855112373,45.887834025293714
2024-02-13 22:00:00,21.90746139682607,48.97937357013415,46.84352259400289
2024-02-13 22:00:00,19.14547217483573,47.62391292499552,58.57051823919035
2024-02-13 23:00:00,27.69184307003452,55.87407882762565,48.441528837257096
2024-02-13 23:00:00,25.361755084223734,57.18874343706001,44.94252496986888
2024-02-13 23:00:00,23.138313250122504,50.89734508436751,48.999521038065765
2024-02-14 00:00:00,26.52338209107409,45.30235755658485,35.893827650044024
2024-02-14 00:00:00,20.171718755810517,49.78844979111216,42.27310284962456
2024-02-14 00:00:00,25.875596482967136,51.10026195846304,52.26923191021578
2024-02-14 01:00:00,22.26941219214476,48.32185808008641,39.19367539050009
2024-02-14 01:00:00,23.35216304005147,47.432545221217424,45.45326408209027
2024-02-14 01:00:00,26.27887022975239,45.983383130858286,45.78997037718383
2024-02-14 02:00:00,24.963264213589447,48.53993306953823,51.604489397657375
2024-02-14 02:00:00,24.702214512945712,45.88746935425625,42.93082674260885
2024-02-14 02:00:00,20.90849051551981,52.67569868553894,46.61189471223349
2024-02-14 03:00:00,21.463872591942657,55.90735753935504,42.56031236278065
2024-02-14 03:00:00,26.01556790721703,50.05839567807569,37.0109489147975
2024-02-14 03:00:00,25.51896999492711,48.46177930075032,52.34365828849342
2024-02-14 04:00:00,22.348127461368293,47.478233693869335,49.32629617512483
2024-02-14 04:00:00,24.546190401601127,50.3928792166032,41.84708204171643
2024-02-14 04:00:00,23.65498209663651,37.18375466228882,46.94937749802241
2024-02-14 05:00:00,27.1071286070486,49.63255906184709,33.760494835625856
2024-02-14 05:00:00,26.945988187336848,45.63609439832469,48.88804183711143
2024-02-14 05:00:00,21.759377530870008,53.60040331541368,46.85027228640536
2024-02-14 06:00:00,22.84002070358273,46.04057324324685,46.43526125130906
2024-02-14 06:00:00,25.221836940055297,50.79331472467607,51.3929669857897
2024-02-14 06:00:00,24.73457035718649,51.5453349103631,52.41606681296135
2024-02-14 07:00:00,22.99192816535696,48.1297539906542,37.60016240635928
2024-02-14 07:00:00,23.201226372147666,49.231386231745205,50.61318855051448
2024-02-14 07:00:00,24.507174690143447,45.63362157811834,48.841328300755166
2024-02-14 08:00:00,22.99977506737588,36.93544653803244,42.99287124451705
2024-02-14 08:00:00,24.227510834579952,53.46042164136861,45.08264061089603
2024-02-14 08:00:00,21.77565058812533,61.28089505308092,37.239334376521526
2024-02-14 09:00:00,24.025654294094483,56.94205968944882,37.36119592948561
2024-02-14 09:00:00,26.64334733110037,49.90959544180794,48.31088980836339
2024-02-14 09:00:00,24.954328550141145,50.783354318050655,49.8007198882341
2024-02-14 10:00:00,23.36872734308861,53.05056567022908,45.07320964899924
2024-02-14 10:00:00,22.370889016215163,45.52305847011998,50.82076580977903
2024-02-14 10:00:00,22.61379983609729,56.96722282179371,42.90936315471363
2024-02-14 11:00:00,22.179718561196378,50.1109097061004,40.40097426214323
2024-02-14 11:00:00,25.38353752433821,47.99898815345884,35.1852554717786
2024-02-14 11:00:00,24.758310911049865,46.47079044989314,45.44489653761044
2024-02-14 12:00:00,23.07038352160904,45.65434648177087,37.82309399087211
2024-02-14 12:00:00,22.490744490720974,44.86569447302492,43.03288484608785
2024-02-14 12:00:00,21.35833280154352,61.22127578008789,44.555460311763234
2024-02-14 13:00:00,24.582402894605277,51.001052711984464,51.0677681087936
2024-02-14 13:00:00,26.676477946943976,48.065034071744776,39.08312578675681
2024-02-14 13:00:00,23.390516710369912,43.43050435993662,53.18560242185829
2024-02-14 14:00:00,21.94131441973275,43.52324556791091,53.57420555208029
2024-02-14 14:00:00,23.54667885610689,52.65288531537789,43.605491940253
2024-02-14 14:00:00,22.78725122557841,50.81438789905978,38.48655782515748
2024-02-14 15:00:00,22.750593635019136,48.45056275450311,49.3300844616481
2024-02-14 15:00:00,22.588909889875865,49.37678440479911,49.8964680470277
2024-02-14 15:00:00,22.56390850519844,55.387113350389,47.93297875915592
2024-02-14 16:00:00,22.459907357952524,56.31704272268359,49.27446436055261
2024-02-14 16:00:00,22.29412342142773,57.9392389737986,50.445885017390594
2024-02-14 16:00:00,23.7243058500294,45.38936813836544,40.11652393863421
2024-02-14 17:00:00,21.31327712659354,54.65286840360726,48.4944624630259
2024-02-14 17:00:00,24.506090337468443,56.75023837742083,56.21750300352323
2024-02-14 17:00:00,25.0820822137969,47.43757242123369,47.217512998632856
2024-02-14 18:00:00,22.30348121080819,46.55305573022903,50.24775591353491
2024-02-14 18:00:00,23.210761727562144,45.380961251486255,36.469783592311096
2024-02-14 18:00:00,24.03007326228203,47.90630537776918,49.35561118056599
2024-02-14 19:00:00,25.581258006338643,54.65017820849312,43.822112153418566
2024-02-14 19:00:00,23.14280810351656,53.6977625345174,47.033287969277936
2024-02-14 19:00:00,27.197770959311622,47.88079709441627,48.82794235071173
2024-02-14 20:00:00,25.783680611407213,40.35779644900938,50.1396373222505
2024-02-14 20:00:00,28.91192491043024,43.99213574322215,37.68032101437742
2024-02-14 20:00:00,22.082487509921137,51.76306870341365,48.25338724513675
2024-02-14 21:00:00,21.608433695165555,51.93124932092097,50.084477442868405
2024-02-14 21:00:00,26.002496114665384,46.83681571699258,50.17476275440853
2024-02-14 21:00:00,22.732411372622128,50.78458151120067,45.85307250097456
2024-02-14 22:00:00,22.307183440964177,53.1604185399517,49.27322604261728
2024-02-14 22:00:00,29.15593442596058,51.89642435857223,44.7342503976477
2024-02-14 22:00:00,26.465168495985964,41.58002096106208,45.77406193889007
2024-02-14 23:00:00,27.063438002940806,50.35449076258798,41.39716754065383
2024-02-14 23:00:00,23.25910314477723,46.21361303072956,51.53681460877159
2024-02-14 23:00:00,23.071954760087216,48.83650564608417,41.426427936614914
2024-02-15 00:00:00,21.74437763851056,53.13563689781716,37.60780471540742
2024-02-15 00:00:00,24.151268259778384,49.10773300632394,48.20813455609814
2024-02-15 00:00:00,23.38815321197534,54.479684925694734,44.69038189502184
2024-02-15 01:00:00,26.24889364923145,53.9145991177126,47.60776002753451
2024-02-15 01:00:00,24.858317692335213,50.88573192047557,47.67012537114388
2024-02-15 01:00:00,22.337114423936757,48.181862526003336,43.63216410006645
2024-02-15 02:00:00,19.6074488099687,43.39825053329334,40.90226024298679
2024-02-15 02:00:00,24.297069753972448,46.28824839150517,36.95840318960638
2024-02-15 02:00:00,24.09401034568614,43.64519785437358,41.86215185998845
2024-02-15 03:00:00,22.49890394862569,48.25191295065957,47.08771127980299
2024-02-15 03:00:00,19.70862237784813,59.30268341757049,48.946202989140886
2024-02-15 03:00:00,24.98087832159532,49.76881516988056,49.51761872665952
2024-02-15 04:00:00,26.38239727276243,50.10993049811864,37.33927706873274
2024-02-15 04:00:00,24.507406869322608,46.31553515269089,38.10458840191164
2024-02-15 04:00:00,25.00921797480352,56.75350788474362,49.10756097521718
2024-02-15 05:00:00,24.20254734544583,43.07093112028589,52.65136673321084
2024-02-15 05:00:00,24.40661499334319,51.84956510258314,44.95612657638012
2024-02-15 05:00:00,25.805435224264087,48.58348792826678,37.00483052016705
2024-02-15 06:00:00,25.40768238702837,51.93843015603839,41.98640043945977
2024-02-15 06:00:00,25.64356675406218,43.10466399477598,53.64747870229368
2024-02-15 06:00:00,30.76084667959642,58.31701165046514,37.36907511589377
2024-02-15 07:00:00,24.93731869849282,49.96455318015021,45.60947084733085
2024-02-15 07:00:00,23.890502593816976,44.70783203266138,49.45009811019524
2024-02-15 07:00:00,23.684217160531475,50.90879537746648,37.71909126699212
2024-02-15 08:00:00,24.34117559997401,54.26776629048644,43.13465481741281
2024-02-15 08:00:00,22.35759079565942,51.16917686111426,48.93072440007023
2024-02-15 08:00:00,23.22512436580928,57.997135424719104,36.02148880034245
2024-02-15 09:00:00,26.6638511619692,55.45361359603686,40.096012294129146
2024-02-15 09:00:00,24.832884956586263,53.92363412163184,44.96076432536944
2024-02-15 09:00:00,25.23518001951267,39.41819329753152,37.74678423177692
2024-02-15 10:00:00,22.640760378127798,43.45903319437342,49.081354903753976
2024-02-15 10:00:00,23.910793161962648,49.11907859132204,34.59765366567934
2024-02-15 10:00:00,25.011424804243607,55.61395323384966,42.62971500424845
2024-02-15 11:00:00,22.904207076568063,46.1324004755954,43.76848134518288
2024-02-15 11:00:00,22.64758420872069,42.9414354331296,39.59378314825502
2024-02-15 11:00:00,23.00882166542631,63.64170922134996,50.25073380054072
2024-02-15 12:00:00,24.78833328671978,54.32433405627485,42.27360249996411
2024-02-15 12:00:00,22.68903065298544,56.00090845609821,47.61769419029885
2024-02-15 12:00:00,23.85273086428409,55.78360682412211,47.15439502892493
2024-02-15 13:00:00,26.18037892142558,46.242499074389855,47.32642334559776
2024-02-15 13:00:00,25.39730697561393,49.54902914347152,47.87894585330595
2024-02-15 13:00:00,23.18856789460429,47.01396283149146,42.48053855985429
2024-02-15 14:00:00,24.075968577567902,53.04352015619936,49.28402698195642
2024-02-15 14:00:00,22.505061202877386,44.37138930129287,44.88510991738089
2024-02-15 14:00:00,24.65527007927859,47.67000844229984,43.36898829378988
2024-02-15 15:00:00,23.450677735099163,51.86767184483096,40.51660552863561
2024-02-15 15:00:00,24.50160925013987,57.16966618259302,40.24193508467573
2024-02-15 15:00:00,23.55150142562279,44.62773491193213,43.35353615868329
2024-02-15 16:00:00,26.701088307803214,46.9883292954364,40.12616331243788
2024-02-15 16:00:00,25.61421155773676,55.889807946412375,45.28251653034403
2024-02-15 16:00:00,22.78777363486525,50.61236936219061,42.90412080910287
2024-02-15 17:00:00,25.641013842426265,48.248969048784986,40.28168045801899
2024-02-15 17:00:00,25.514357183372272,43.69710749810665,44.39086650125028
2024-02-15 17:00:00,24.056509248553525,51.11981693272439,42.10007783903342
2024-02-15 18:00:00,24.676901115820577,43.32850467204902,38.01027277771863
2024-02-15 18:00:00,22.567267209886467,47.38285207060331,48.13492433591362
2024-02-15 18:00:00,23.36119344925465,56.05412762465362,53.38139571532706
2024-02-15 19:00:00,24.654044922259597,55.33745056043248,39.10598477385005
2024-02-15 19:00:00,21.51176249083008,52.94541446127239,41.99885899395538
2024-02-15 19:00:00,22.96586638260466,43.78727414382737,44.09438658752112
2024-02-15 20:00:00,26.922118381259285,55.7724633675244,44.67230675794562
2024-02-15 20:00:00,23.634616370505587,44.90082470090146,53.20878795343352
2024-02-15 20:00:00,24.88149572398333,55.42008541630122,40.606374116374106
2024-02-15 21:00:00,24.89930769717316,50.90375406210769,51.69295307745409
2024-02-15 21:00:00,25.141939471197485,48.8490497833646,47.84671987365759
2024-02-15 21:00:00,22.0918263904127,43.67484408437922,31.16436936657557
2024-02-15 22:00:00,27.53427036630689,48.76054267520253,48.29834907580065
2024-02-15 22:00:00,24.578390655689265,44.77236661064351,43.73049046228349
2024-02-15 22:00:00,26.82704931984838,52.64909873629008,54.58474849844904
2024-02-15 23:00:00,23.33262812751176,48.97115898505955,52.09642629549073
2024-02-15 23:00:00,24.069226519505413,45.64692822552005,44.91253942347381
2024-02-15 23:00:00,24.8847592477809,48.6931765024878,47.7469661077331
2024-02-16 00:00:00,23.07373791923486,53.24204481171525,45.76765170103291
2024-02-16 00:00:00,23.77002616238117,47.94730068927656,45.32930850152216
2024-02-16 00:00:00,25.224644296532023,45.18347670059212,36.056715634074735
2024-02-16 01:00:00,23.966752031699187,47.01565558345184,37.73844474945712
2024-02-16 01:00:00,18.20765156569061,45.934754492321645,48.0832679717384
2024-02-16 01:00:00,23.639471467196785,55.21273590915365,56.066139752363895
2024-02-16 02:00:00,23.66207436266149,52.72461581272079,36.27648068569847
2024-02-16 02:00:00,23.62576695752444,47.266982491302,38.342976609781246
2024-02-16 02:00:00,21.0907905993347,47.5081760181504,38.64708081614162
2024-02-16 03:00:00,24.645112521062117,47.93072413581152,39.10030783805082
2024-02-16 03:00:00,26.616307889797344,51.41012432904542,43.90686591439997
2024-02-16 03:00:00,26.721529299895465,51.80850031908437,46.30166299615889
2024-02-16 04:00:00,22.51006515540252,45.079928816295,53.075479356084536
2024-02-16 04:00:00,25.44433683466939,47.44850536881476,53.02110117384191
2024-02-16 04:00:00,18.817762215935733,52.23973387838878,45.13387486226902
2024-02-16 05:00:00,21.452249170098696,52.12845967941241,45.12058629266496
2024-02-16 05:00:00,23.30461619503548,45.99351887215549,35.16425367871662
2024-02-16 05:00:00,27.47317942671831,49.21795154862578,46.58043970818695
2024-02-16 06:00:00,19.457482845933374,52.29194831131725,53.2624374418257
2024-02-16 06:00:00,24.92435192073363,53.71209601569712,47.58571254873012
2024-02-16 06:00:00,23.35221852960834,53.41096523835379,45.43053973752685
2024-02-16 07:00:00,25.627860648181787,49.93412211780435,36.04032379594236
2024-02-16 07:00:00,23.28330919844889,47.77506696895008,50.88999543153375
2024-02-16 07:00:00,24.00437198108256,42.04357677238939,46.52833855796906
2024-02-16 08:00:00,25.527705550799247,48.238597513069706,47.34276386468787
2024-02-16 08:00:00,21.8266788825606,55.41748802001658,41.88752831929883
2024-02-16 08:00:00,26.246523691699537,44.575089855315774,38.66935045462046
2024-02-16 09:00:00,20.50561804648596,49.76740286267852,50.99537605523512
2024-02-16 09:00:00,23.40177882606268,46.00180580666655,48.46085111271495
2024-02-16 09:00:00,21.52988659109877,44.09559713643438,47.03716905115848
2024-02-16 10:00:00,26.071770502897685,48.20798906815561,43.01746499122719
2024-02-16 10:00:00,22.254290253041717,45.76582168252469,44.67869884345807
2024-02-16 10:00:00,22.66052236041216,51.34584624706037,34.35016321774222
2024-02-16 11:00:00,26.343101558217292,56.1385528130757,38.01995769639756
2024-02-16 11:00:00,24.259921222369808,39.787458454845,44.642575897626976
2024-02-16 11:00:00,23.28505431299113,50.93220814306857,38.84988720326978
2024-02-16 12:00:00,21.4985142553639,45.455708039976166,47.43689601540688
2024-02-16 12:00:00,25.22805230216347,47.986796473146896,35.18696621510804
2024-02-16 12:00:00,24.54915383300716,56.59187797806656,46.157448452158114
2024-02-16 13:00:00,28.20342018978032,50.71320949669546,46.26592634717962
2024-02-16 13:00:00,22.843754114362696,53.54364135425829,43.80816698253896
2024-02-16 13:00:00,25.064321868598874,48.08270001784599,34.73654238265663
2024-02-16 14:00:00,25.07390563077936,46.09072575271823,44.28348718429055
2024-02-16 14:00:00,23.48716779661229,48.7672044653014,43.04729075151423
2024-02-16 14:00:00,23.414321314393,42.78391735142788,43.69747053242237
2024-02-16 15:00:00,24.501149828264737,47.631911404170935,39.812956204856974
2024-02-16 15:00:00,23.945006142978784,37.952845535811015,49.122988704839536
2024-02-16 15:00:00,22.4031222127119,50.79304466104173,53.88647005057141
2024-02-16 16:00:00,23.27503641664424,47.67398102540656,43.52710769427586
2024-02-16 16:00:00,25.768174867430496,47.9771693366649,43.16509090269557
2024-02-16 16:00:00,24.380352460895583,51.25265590505395,41.7895434639063
2024-02-16 17:00:00,21.87087961156503,44.96388896904973,43.529167364193285
2024-02-16 17:00:00,26.025981934227293,49.23199362502194,57.625883162140354
2024-02-16 17:00:00,23.8666448332026,54.83621339552755,40.20872888316886
2024-02-16 18:00:00,25.174991896011623,41.23229613729401,39.86550957168117
2024-02-16 18:00:00,25.31065133999825,55.13350142677012,46.46344886138056
2024-02-16 18:00:00,25.317932759757227,41.3664952654124,49.4868954031295
2024-02-16 19:00:00,26.85799566705981,50.590006895982896,45.07380880667064
2024-02-16 19:00:00,24.59263392637847,41.07439483393115,49.658376256529934
2024-02-16 19:00:00,20.873809063429604,49.05501419709874,37.47711977199487
2024-02-16 20:00:00,19.85537891976455,43.68707290323121,37.04555600050998
2024-02-16 20:00:00,24.51014149627348,46.618969205458434,54.59108386563395
2024-02-16 20:00:00,22.1500314083124,41.459251714688826,41.36471732513229
2024-02-16 21:00:00,22.9341690470736,47.55628677863068,42.11827783267019
2024-02-16 21:00:00,25.449197577202057,45.25872632966671,46.885361606385
2024-02-16 21:00:00,25.11503813863123,59.402661219491776,40.38808842487616
2024-02-16 22:00:00,27.416732184882616,44.82497158962096,48.460807444858986
2024-02-16 22:00:00,23.0965514834141,50.82735310173986,43.89191903568389
2024-02-16 22:00:00,27.462359476021096,44.83767704201101,55.59770091722305
2024-02-16 23:00:00,26.640246260397724,54.0777185503987,48.09529494085512
2024-02-16 23:00:00,19.943669737017157,51.95292747413604,43.726089061023885
2024-02-16 23:00:00,25.46488541197525,49.87762873744453,41.38825656403497
2024-02-17 00:00:00,25.2106118066242,46.50308714700984,40.74585786764804
2024-02-17 00:00:00,23.33979278302626,55.84771694370343,49.19775368829608
2024-02-17 00:00:00,20.773063093466984,61.17217113790871,45.77877291373399
2024-02-17 01:00:00,26.46084824908833,42.50402731530895,48.19195580529685
2024-02-17 01:00:00,24.51548252990798,57.46720341683971,40.044957822290826
2024-02-17 01:00:00,23.32687398061413,50.60626918240537,38.25776748326864
2024-02-17 02:00:00,24.33751799750652,56.81507830523164,42.6295362801642
2024-02-17 02:00:00,24.215301364323288,43.45512949652244,41.03150553914853
2024-02-17 02:00:00,22.973561819213764,45.10655043963112,45.63514020554069
2024-02-17 03:00:00,21.98103185747597,49.64540369562366,47.86800168194568
2024-02-17 03:00:00,24.713198017868255,47.31491457622701,44.436771046325646
2024-02-17 03:00:00,20.239726860763604,52.82636003105328,52.290230262015776
2024-02-17 04:00:00,23.928519642075127,52.12433124162415,50.40428856591591
2024-02-17 04:00:00,23.39608135671989,34.71111899107919,53.95580114726619
2024-02-17 04:00:00,20.687365747696106,56.0751312314746,40.74790224119778
2024-02-17 05:00:00,27.51556632077433,36.59356869679691,50.270896367562585
2024-02-17 05:00:00,22.624681170980303,52.13894522487028,41.35590225567311
2024-02-17 05:00:00,22.301649512471243,39.92901849486397,51.70450802751528
2024-02-17 06:00:00,25.2272322062657,50.73093982135416,40.27933438919344
2024-02-17 06:00:00,24.61681335207965,49.92960467632687,44.1087220065939
2024-02-17 06:00:00,24.074876316269737,46.6169376883614,44.44019312218385
2024-02-17 07:00:00,24.9356641735264,48.35482247146558,49.90073079954509
2024-02-17 07:00:00,25.781973050674495,46.25460948158703,40.21100192337665
2024-02-17 07:00:00,23.550641325995063,52.77762116659572,46.84272685073261
2024-02-17 08:00:00,23.275118446005425,48.25284046778453,38.20868684845215
2024-02-17 08:00:00,26.07388675544577,38.920104550684414,45.5314862489492
2024-02-17 08:00:00,27.81714256990764,53.45318106242096,51.1817775963595
2024-02-17 09:00:00,24.349556245898757,53.27031575284854,41.33978713747849
2024-02-17 09:00:00,25.06952435652605,44.81203857506941,46.84676568714893
2024-02-17 09:00:00,24.9902077041554,52.21768220179055,39.70796841312589
2024-02-17 10:00:00,23.615284021334027,56.28428238107392,54.993987636689255
2024-02-17 10:00:00,31.26645606274225,51.27819618719671,50.16887167420203
2024-02-17 10:00:00,25.813382395106466,50.31168498446812,55.24455077318105
2024-02-17 11:00:00,28.04051153863558,44.19606779224752,41.07031918433692
2024-02-17 11:00:00,24.152742064048663,46.56129349666658,38.50760752980474
2024-02-17 11:00:00,22.07249332048932,54.2399192979377,40.85123605695226
2024-02-17 12:00:00,22.25288102855543,45.87088446059134,44.21654021982952
2024-02-17 12:00:00,24.15046160017976,49.42743707042747,39.77721935406967
2024-02-17 12:00:00,27.61673364773105,45.432725471556,40.16911624864086
2024-02-17 13:00:00,18.99337021480561,51.39771145114931,52.191307925378645
2024-02-17 13:00:00,25.90484453564182,47.13515978511093,40.39169289275688
2024-02-17 13:00:00,20.791576735652413,54.54417557136961,44.90279006667819
2024-02-17 14:00:00,25.874956514464134,55.30094141043052,52.94917028570637
2024-02-17 14:00:00,25.078558000990835,50.82937175570098,43.24177416661284
2024-02-17 14:00:00,25.406873317339027,55.44044800822559,50.31847299038432
2024-02-17 15:00:00,25.46817347668052,44.1591183437662,41.547048183037504
2024-02-17 15:00:00,22.00429375117685,45.50892557586061,46.017038760111554
2024-02-17 15:00:00,20.06716760925929,56.082150923844125,49.10130078640331
2024-02-17 16:00:00,21.664023685249735,46.05570631505064,37.98591016897439
2024-02-17 16:00:00,23.82842528330033,49.786659804042685,39.23014100773605
2024-02-17 16:00:00,21.88517231295223,46.16749605240448,37.754499595206994
2024-02-17 17:00:00,26.249110008163,54.49046902716432,45.82623933137489
2024-02-17 17:00:00,24.014085440479523,47.507104255070686,48.35913080369018
2024-02-17 17:00:00,22.209823593717815,54.900292000966175,42.21325716474151
2024-02-17 18:00:00,23.81971846729379,47.425470431135786,42.06293883030081
2024-02-17 18:00:00,23.36411332872955,49.60943875828032,48.56217384869068
2024-02-17 18:00:00,20.57986955999031,49.84362472989714,52.1543521534732
2024-02-17 19:00:00,23.404400495724293,52.022818083519205,46.194053193055
2024-02-17 19:00:00,19.176473745204515,48.75182604884164,49.59434291175292
2024-02-17 19:00:00,21.805870235604296,51.65532289599235,42.11259681498451
2024-02-17 20:00:00,25.08398719863857,49.7007867390852,41.64975375773934
2024-02-17 20:00:00,23.669960746759003,49.976775673533865,45.44744828067702
2024-02-17 20:00:00,23.01170063361732,51.54631409254908,56.66426656625718
2024-02-17 21:00:00,23.83794170208624,53.11050378740396,40.063162373604094
2024-02-17 21:00:00,21.80071243881416,55.97269950533563,41.25763071139413
2024-02-17 21:00:00,23.4291402718927,57.753424172349824,46.12191635860886
2024-02-17 22:00:00,22.5505822216428,47.72294109437545,45.82621722865114
2024-02-17 22:00:00,23.82605759953748,46.11868023767112,44.0829699665549
2024-02-17 22:00:00,23.07000845858201,46.06586371016503,38.12407379213845
2024-02-17 23:00:00,21.01437572321639,51.306630162189,47.21055788595447
2024-02-17 23:00:00,23.67507344825995,50.43709025738041,40.92577012189171
2024-02-17 23:00:00,24.74454542467433,48.04067784941545,42.55593611622402
2024-02-18 00:00:00,24.800261212363093,52.847451440164726,49.10651204576692
2024-02-18 00:00:00,28.480785541009688,51.061698428152745,39.07602063745268
2024-02-18 00:00:00,26.498876430349217,54.208533983933485,45.53531807587163
2024-02-18 01:00:00,22.437280582068357,53.22203509397509,48.87024398511733
2024-02-18 01:00:00,24.406141571691148,47.16152916186149,48.14097202928447
2024-02-18 01:00:00,23.24200146512564,49.65145653579585,42.73540853863135
2024-02-18 02:00:00,25.295128576513537,55.64230403867406,45.45842477107908
2024-02-18 02:00:00,22.960910142897998,50.28709136962017,46.92998356417404
2024-02-18 02:00:00,24.50325051494869,48.46949936405744,49.21588803562793
2024-02-18 03:00:00,26.90667444075032,54.06258095619253,33.2863811712126
2024-02-18 03:00:00,22.69409976728748,46.96706927948311,37.4246974996426
2024-02-18 03:00:00,23.213875269132224,43.82478495771414,44.02371512656917
2024-02-18 04:00:00,22.536287274666112,43.02112937937405,51.30902955188311
2024-02-18 04:00:00,23.23001405830519,43.91056188358875,43.705956530974376
2024-02-18 04:00:00,23.415540794746377,53.56701571623013,45.90850138851679
2024-02-18 05:00:00,21.220782097914768,58.5244496897355,44.07053121912874
2024-02-18 05:00:00,22.19559079286192,46.11571847695513,40.0065537258017
2024-02-18 05:00:00,24.71973360088219,46.18736319574279,46.2106455700537
2024-02-18 06:00:00,25.51097156141854,38.7986182140361,46.60844820018015
2024-02-18 06:00:00,22.73019529377668,52.76317923535256,43.1961174226587
2024-02-18 06:00:00,23.060142821482607,53.223090825820535,54.73978360148044
2024-02-18 07:00:00,22.424036388976344,55.14509108191813,48.76397365856026
2024-02-18 07:00:00,22.900950715760157,48.94409614109375,41.316079866311
2024-02-18 07:00:00,21.37773408713914,56.849815683722326,41.25894736137941
2024-02-18 08:00:00,22.168169808807438,40.9823876226717,49.02057096875529
2024-02-18 08:00:00,26.21400610576571,59.51533837374531,43.21332651119421
2024-02-18 08:00:00,24.894772521709964,49.746260895180704,49.01146817208696
2024-02-18 09:00:00,25.66063077813188,43.47154899184471,35.86572695096845
2024-02-18 09:00:00,21.464380341625432,41.237751152421296,44.262686771375606
2024-02-18 09:00:00,24.312402860079192,47.03073436152361,43.66193365611956
2024-02-18 10:00:00,23.39949459016472,53.636007973021925,35.57532697059205
2024-02-18 10:00:00,23.736399019610584,47.90504881688378,34.23026591540178
2024-02-18 10:00:00,21.75373133283188,42.745755645364056,41.71188891847948
2024-02-18 11:00:00,25.53800883123569,46.27416347816388,49.07271572960291
2024-02-18 11:00:00,23.561223478116062,47.63569059292004,50.20994758730287
2024-02-18 11:00:00,26.508434284381632,52.95404265505721,48.24612865475477
2024-02-18 12:00:00,21.817506184994823,46.42320359480239,48.34801481306074
2024-02-18 12:00:00,22.07663646744983,47.01368545896853,47.37476041327803
2024-02-18 12:00:00,25.104755542668357,48.72776570503892,45.17360832771029
2024-02-18 13:00:00,25.85495665725692,48.075796830530216,37.43098153744417
2024-02-18 13:00:00,25.101747221939668,51.74105067320221,46.69240392329648
2024-02-18 13:00:00,23.1573907870068,46.80568291309473,48.04109733296258
2024-02-18 14:00:00,21.583279631860897,47.726711258286194,46.27934379341404
2024-02-18 14:00:00,25.78479595396965,49.57386489684661,44.79853021430635
2024-02-18 14:00:00,25.427894073361927,47.1396652870195,50.50572421853648
2024-02-18 15:00:00,23.33528616473705,54.72494311574148,50.23640817764646
2024-02-18 15:00:00,20.426181177605173,52.29175337506253,43.4711394329408
2024-02-18 15:00:00,22.932823121137524,45.41302830568479,50.63622801426055
2024-02-18 16:00:00,24.997046829942757,47.324793826752725,46.39355662943059
2024-02-18 16:00:00,21.60510287288025,39.50857709393979,54.262537158539125
2024-02-18 16:00:00,23.194251662843595,56.61408772283427,39.69421494916647
2024-02-18 17:00:00,29.79604871747333,49.05687663277085,41.51082221877533
2024-02-18 17:00:00,23.347057020562403,48.67228519167621,45.46235736729748
2024-02-18 17:00:00,25.67327031359636,40.3399291345285,54.07210991391027
2024-02-18 18:00:00,30.11872629579569,47.09345842967691,41.42181976047644
2024-02-18 18:00:00,24.092070138694908,43.76784213928707,46.45020034539744
2024-02-18 18:00:00,20.72379121527728,46.63012764780909,43.12456450045132
2024-02-18 19:00:00,23.877033490794748,42.78285157401995,54.67563940617031
2024-02-18 19:00:00,25.352647577231,46.400061535505934,46.90053938790113
2024-02-18 19:00:00,24.53980269524012,39.27192005165252,49.2271241682792
2024-02-18 20:00:00,24.43469553140368,49.536155607711,37.16420940686972
2024-02-18 20:00:00,22.24916159070745,52.13650370526655,37.449693669524585
2024-02-18 20:00:00,24.8414786402984,56.44621494297549,44.2860122663474
2024-02-18 21:00:00,26.49736105467157,45.94152404461663,43.10276562821029
2024-02-18 21:00:00,26.19625721607408,48.73726468290001,38.7652204082331
2024-02-18 21:00:00,22.11264902049093,53.75457476309108,42.18286351116219
2024-02-18 22:00:00,24.77478189274333,49.1320333712252,50.935720532658586
2024-02-18 22:00:00,23.882313410859663,47.0122383262416,43.11547170827073
2024-02-18 22:00:00,24.89107948128514,40.86560686549015,42.65993791374158
2024-02-18 23:00:00,24.71596307793768,51.142275915880816,37.68390614484258
2024-02-18 23:00:00,25.519599791907144,46.78822715319811,50.56531238392748
2024-02-18 23:00:00,24.6669321159478,53.23197179836131,51.79771087835882
2024-02-19 00:00:00,21.907511364088684,53.73364321829149,49.50878567010015
2024-02-19 00:00:00,24.54509826175996,48.65906785118506,49.10195578742614
2024-02-19 00:00:00,20.931904726136214,46.16357709701441,38.57128656782838
2024-02-19 01:00:00,21.076443685306803,50.46921765466761,45.91482546453715
2024-02-19 01:00:00,23.48918456673799,49.572148264785326,38.35226778477386
2024-02-19 01:00:00,21.17955066683775,52.5304166895289,47.555159087114845
2024-02-19 02:00:00,26.092356496887085,49.04531248371631,37.25219576542247
2024-02-19 02:00:00,22.211910863447137,43.90746656362825,48.31181614465325
2024-02-19 02:00:00,21.500949713795137,47.50763805148665,46.16208952732626
2024-02-19 03:00:00,20.89228788166055,41.96539121587924,46.55717734879527
2024-02-19 03:00:00,22.77718443787788,57.730411147816994,52.39982738122251
2024-02-19 03:00:00,23.002926124665954,46.25803733844442,43.22002320789557
2024-02-19 04:00:00,24.02367239324534,58.29514406387486,46.967034897699065
2024-02-19 04:00:00,25.42604013872865,46.84795330039507,48.56014217978264
2024-02-19 04:00:00,22.34677334604444,51.177788728184495,46.89610972706027
2024-02-19 05:00:00,23.412161680906564,52.697950675893885,48.16608893308165
2024-02-19 05:00:00,23.673225107711087,44.79497197463779,49.80170722063302
2024-02-19 05:00:00,22.93524315153884,46.05616113161653,40.2568415494111
2024-02-19 06:00:00,22.040557490400797,51.98895264233842,42.44497146004685
2024-02-19 06:00:00,23.39693419125467,45.54548815037553,48.62620294084293
2024-02-19 06:00:00,22.4432456559893,51.22557997890576,42.75590343493447
2024-02-19 07:00:00,24.7218285871696,52.21954372756039,40.51000594537015
2024-02-19 07:00:00,23.97882322259077,46.64354385255509,46.68161111902159
2024-02-19 07:00:00,25.99606138877271,46.02797494299503,54.34880995138126
2024-02-19 08:00:00,25.508037010315054,51.906378581819176,53.52082703552127
2024-02-19 08:00:00,24.148274459987643,48.85947961156794,47.22510206736072
2024-02-19 08:00:00,23.599658929220283,40.979834588050416,53.51992963404659
2024-02-19 09:00:00,26.841026418357934,44.31947542498668,46.53072304715049
2024-02-19 09:00:00,24.10095281802612,44.21368740023497,40.05243124637036
2024-02-19 09:00:00,22.624222952926356,47.27711665229115,43.52693506589745
2024-02-19 10:00:00,25.64656123649855,53.23683456960493,49.33299486073516
2024-02-19 10:00:00,25.384695018727875,50.1164508166631,30.266750861280585
2024-02-19 10:00:00,25.847664333051064,49.34217465438152,44.6569856682676
2024-02-19 11:00:00,22.21698490800545,49.71808321804325,48.15303855367529
2024-02-19 11:00:00,25.166380648189836,51.972805523627976,42.34588102011158
2024-02-19 11:00:00,24.163600099418847,45.52394178858109,40.91634227951247
2024-02-19 12:00:00,20.010685985753717,54.95056266244089,32.7602827855721
2024-02-19 12:00:00,23.14003741940985,50.382359702124745,40.8629475966046
2024-02-19 12:00:00,25.197655114150034,46.72419878912383,39.26386265452326
2024-02-19 13:00:00,27.425645556626385,50.47817488577722,38.181397065130845
2024-02-19 13:00:00,21.507288678393916,50.42549785826825,47.99224900753298
2024-02-19 13:00:00,24.672466824980564,48.100480592992895,42.7573445558228
2024-02-19 14:00:00,18.886757223122643,50.28927626239185,49.62181946168418
2024-02-19 14:00:00,25.137265647810175,50.99839845887251,47.72024609614193
2024-02-19 14:00:00,25.73015872323037,54.08796939773384,40.92458886046297
2024-02-19 15:00:00,22.51884336020775,47.12078014410676,41.70331923271184
2024-02-19 15:00:00,27.064915588942966,57.996345294515685,48.45116446592813
2024-02-19 15:00:00,23.37622011589808,50.47695888886126,34.36381423719646
2024-02-19 16:00:00,21.342264601257,46.05346856813655,48.09217060710686
2024-02-19 16:00:00,25.922375942869134,51.1554845878658,46.91626175661304
2024-02-19 16:00:00,29.419409365183924,55.70112861528624,44.58645260884151
2024-02-19 17:00:00,26.410309521535147,36.26560948569615,39.90062661175199
2024-02-19 17:00:00,23.306748504869827,54.17988557079066,44.46098514794296
2024-02-19 17:00:00,26.587699945501985,54.22731418175314,50.756090047527536
2024-02-19 18:00:00,26.564996685093607,56.93739111528678,47.77114705905249
2024-02-19 18:00:00,26.26272537606268,51.102444029004936,46.80967038017771
2024-02-19 18:00:00,22.50621981408449,49.25296407525202,44.863490963672106
2024-02-19 19:00:00,23.651006422275056,56.518177526175045,45.97432271211262
2024-02-19 19:00:00,21.65894882454217,46.50010463928125,46.512707583193965
2024-02-19 19:00:00,25.254473196636148,53.06513325243243,39.62840896539653
2024-02-19 20:00:00,25.23066103933843,45.37786638238606,40.233929801808856
2024-02-19 20:00:00,22.69641568266585,58.68851218301948,33.273247604939314
2024-02-19 20:00:00,23.84756308083429,52.62715112634507,38.19569249516052
2024-02-19 21:00:00,23.736920559628512,53.31225112479382,38.64217477703666
2024-02-19 21:00:00,24.890672541586667,48.90474290662564,42.3806915161244
2024-02-19 21:00:00,22.620715578152414,53.6754232507414,48.680923317573416
2024-02-19 22:00:00,23.126571106002874,44.89126976739716,47.2742253655272
2024-02-19 22:00:00,22.794984788607564,49.48145208536744,35.850842724444995
2024-02-19 22:00:00,25.84520118524317,39.20212551634378,41.51033987195274
2024-02-19 23:00:00,24.83733348112671,46.71221784132913,49.09274375912291
2024-02-19 23:00:00,22.783758720567885,47.20905997327323,47.4739478236185
2024-02-19 23:00:00,23.09859163095842,49.09245028195215,47.24403161353592
2024-02-20 00:00:00,24.798288203819286,53.55177475009435,45.39936373630523
2024-02-20 00:00:00,22.391250507684205,46.442078717821616,35.76166106794368
2024-02-20 00:00:00,24.95334978669417,51.57945306161701,38.42802661182274
2024-02-20 01:00:00,25.59684940884148,57.41004304920713,40.9196098812518
2024-02-20 01:00:00,22.82804907590709,46.00736293252842,43.42521955218964
2024-02-20 01:00:00,20.393180932830923,56.15228249658232,48.58261891111007
2024-02-20 02:00:00,23.21922653363865,55.93604264535095,47.83945768467094
2024-02-20 02:00:00,23.193284159472068,55.20659694364284,54.39792961323424
2024-02-20 02:00:00,26.97161819848413,47.84925428487025,44.992346081247895
2024-02-20 03:00:00,23.0526039763598,48.733695165190014,50.77482107613648
2024-02-20 03:00:00,22.562205254462132,47.84775418115589,41.90619191724257
2024-02-20 03:00:00,20.30081529660845,50.299764908640846,47.74975359554656
2024-02-20 04:00:00,20.719304197156145,59.60200225623719,50.12493775072724
2024-02-20 04:00:00,24.054846087769786,44.33185598983075,31.878136787179088
2024-02-20 04:00:00,22.00586228263392,47.29102089462376,46.65372802824936
2024-02-20 05:00:00,24.228287385999124,51.35061457236474,43.72808662007587
2024-02-20 05:00:00,24.26131826905193,44.03278857174448,38.019892953686735
2024-02-20 05:00:00,25.47039056161595,51.271304388560345,41.80511221450271
2024-02-20 06:00:00,22.007750637506287,46.03548793831298,44.20714258151661
2024-02-20 06:00:00,21.503891302279413,55.83603437200422,46.290984417027126
2024-02-20 06:00:00,22.382520581515863,39.11254024578443,44.65142617820784
2024-02-20 07:00:00,22.664919347546707,54.69410999490029,44.70343521467564
2024-02-20 07:00:00,24.09476327293408,47.00157924848956,46.42333713191618
2024-02-20 07:00:00,25.72544852934903,44.305942003746,47.24081899104373
2024-02-20 08:00:00,26.485618913239858,49.42101627127564,43.75675278871387
2024-02-20 08:00:00,26.37242157662097,47.07822847503432,42.60536806074085
2024-02-20 08:00:00,20.087131110467293,50.72474037687741,50.40795651657718
2024-02-20 09:00:00,23.58993417233712,51.561432976517246,51.28329843852824
2024-02-20 09:00:00,23.214562919292824,42.20539031400793,47.300406312099305
2024-02-20 09:00:00,24.210508494007403,55.67686722621684,47.698274019846345
2024-02-20 10:00:00,22.02947788369651,50.91946470140743,41.92848809630208
2024-02-20 10:00:00,22.239637929278384,50.42968732282232,47.47810756820264
2024-02-20 10:00:00,27.033729144734075,54.3580729014188,49.72227515875444
2024-02-20 11:00:00,24.388413652150085,50.48607565637096,32.462736110420764
2024-02-20 11:00:00,22.116754898181643,53.98631224890324,41.47380301109984
2024-02-20 11:00:00,22.75695672314841,47.47154538556078,48.66956521181412
2024-02-20 12:00:00,23.48077969634241,54.23934141540612,51.22814340238653
2024-02-20 12:00:00,24.85328331733429,42.48696804911577,46.34481458838872
2024-02-20 12:00:00,23.274247554096824,41.57961124663023,51.49382530301192
2024-02-20 13:00:00,27.921474850134224,46.74999222520778,45.44334133686717
2024-02-20 13:00:00,23.19318335122184,39.09716430982995,52.31120748155961
2024-02-20 13:00:00,25.53399733578921,49.360889943823054,37.17225208391302
2024-02-20 14:00:00,25.537891451097,53.059748050921065,43.76698012537751
2024-02-20 14:00:00,23.24021795651169,43.82357877356462,49.27264788920112
2024-02-20 14:00:00,23.139901134406028,55.99150515749415,42.268596962027736
2024-02-20 15:00:00,26.06051225989869,53.75664575109099,41.65862030948759
2024-02-20 15:00:00,24.29847983266781,61.79200119340596,43.399706772912126
2024-02-20 15:00:00,22.823457671770765,52.87829667099982,43.23162108942368
2024-02-20 16:00:00,25.87943516942213,47.831544030876,38.26823214583369
2024-02-20 16:00:00,25.88621712114786,44.35784765287163,47.39652716255446
2024-02-20 16:00:00,25.55437174937222,49.0693425066414,42.60892647369798
2024-02-20 17:00:00,23.24165248231118,58.58359995072246,44.29703110539666
2024-02-20 17:00:00,25.33290343450029,41.32839370628,42.82311121066574
2024-02-20 17:00:00,25.9592916008982,51.6197715424064,45.15207485291869
2024-02-20 18:00:00,28.97805986635193,39.10778823118817,44.158030133811664
2024-02-20 18:00:00,21.76905960766064,52.06421993409339,45.485641002543765
2024-02-20 18:00:00,28.85898129562692,49.456279380969214,50.76531406554766
2024-02-20 19:00:00,25.22182662824934,56.31970902035562,47.7033617716761
2024-02-20 19:00:00,27.922439711872617,55.651984798799496,45.99454470646934
2024-02-20 19:00:00,25.433545325867875,42.687555147618085,38.28088993116421
2024-02-20 20:00:00,23.79332173579262,32.87069989508779,47.74297943733604
2024-02-20 20:00:00,22.69334191690656,50.20408259362249,43.99666530577904
2024-02-20 20:00:00,22.1163633407056,54.40111072351094,42.68807357454288
2024-02-20 21:00:00,23.71403495726016,55.27130121644809,48.97694505664222
2024-02-20 21:00:00,26.258693294827065,34.83628487471677,41.418411859717615
2024-02-20 21:00:00,23.765492677057896,53.05490944321166,39.39418316623176
2024-02-20 22:00:00,23.41627594490976,50.88686828195686,42.951387508120895
2024-02-20 22:00:00,23.500896158150876,54.99942707275654,41.52820902019267
2024-02-20 22:00:00,26.01946668105573,43.42075310502672,43.21804851815556
2024-02-20 23:00:00,27.005034766517387,44.101549124339215,35.73888915636029
2024-02-20 23:00:00,27.191783401994197,52.66655184942869,44.69812138015086
2024-02-20 23:00:00,26.95809377035893,44.88683460693491,50.40708861485256
2024-02-21 00:00:00,24.115928399259857,50.6414639453196,52.60139738160595
2024-02-21 00:00:00,25.651434675766037,48.84248594831666,47.79281436483876
2024-02-21 00:00:00,21.459439535932223,50.07343694753973,43.60127682523084
2024-02-21 01:00:00,22.730911522513555,46.3775682140932,43.12136899682225
2024-02-21 01:00:00,27.790973901338496,51.01847490955512,44.31507230264644
2024-02-21 01:00:00,22.77517950125252,51.707048801405925,41.80449557543216
2024-02-21 02:00:00,25.722620651532928,40.00717423561965,46.32654102798045
2024-02-21 02:00:00,25.59186295812637,49.06975065665261,48.06992516886867
2024-02-21 02:00:00,27.09538556817435,55.7626663937057,44.52194064756856
2024-02-21 03:00:00,22.7597511842104,49.21517596745207,35.78574668078099
2024-02-21 03:00:00,21.01074941800264,48.4800717384456,48.25042516749687
2024-02-21 03:00:00,23.3568193542142,53.53491067375317,43.93331684746234
2024-02-21 04:00:00,25.26995915823636,44.59102020416116,52.07209259260077
2024-02-21 04:00:00,21.506899527461325,54.05981782686324,45.17855745484759
2024-02-21 04:00:00,25.38816278358754,46.36136038126419,41.73442344195302
2024-02-21 05:00:00,23.376316111560225,49.069273592993646,49.45136951013228
2024-02-21 05:00:00,23.87754005078008,61.08681271585205,48.93206834523816
2024-02-21 05:00:00,19.76629998712302,47.02268168436143,50.77555659058744
2024-02-21 06:00:00,25.143777610237084,49.45821484596856,54.42217993754786
2024-02-21 06:00:00,23.438805037773168,49.55815160794934,44.855282550897165
2024-02-21 06:00:00,21.78249308511695,48.29499628978273,54.06536562106747
2024-02-21 07:00:00,22.564129920819468,55.17898638614141,37.361004616863376
2024-02-21 07:00:00,21.7714045844992,55.627961960381946,46.93191044355737
2024-02-21 07:00:00,24.609691688941545,50.2967662984807,43.05918049385722
2024-02-21 08:00:00,22.842694192812537,41.07826900559211,39.9370475801865
2024-02-21 08:00:00,23.14263383457322,53.552931761431935,49.94654080162735
2024-02-21 08:00:00,23.95596850293646,52.39635824610847,44.66803113343108
2024-02-21 09:00:00,22.48666908569533,53.14807996222717,44.50634361062936
2024-02-21 09:00:00,20.95671080524461,47.99154582152582,47.512105945393394
2024-02-21 09:00:00,24.335715970981816,51.76952382839287,44.8213969334662
2024-02-21 10:00:00,22.446370301846454,54.210852169198894,40.14608488122253
2024-02-21 10:00:00,24.52919594240079,55.591702872156624,40.59941036204306
2024-02-21 10:00:00,25.023560102951382,45.247724101879705,43.88519349870677
2024-02-21 11:00:00,26.82226341350137,63.55602664289777,39.9837119719853
2024-02-21 11:00:00,21.791659329339,51.39768228561924,54.421555091744665
2024-02-21 11:00:00,22.809088450670025,48.755885892887065,41.87297358261097
2024-02-21 12:00:00,24.209946635198403,47.83996471546171,39.465821739724
2024-02-21 12:00:00,24.305989886333357,56.24697823653217,42.86526455340761
2024-02-21 12:00:00,23.618212664359756,49.43529693557763,52.27361756375037
2024-02-21 13:00:00,23.645692772919173,55.244739877642495,48.75136457284619
2024-02-21 13:00:00,23.085199789580575,56.85890161482439,47.96193746790708
2024-02-21 13:00:00,23.60094735691106,45.21374786275832,47.44059526585266
2024-02-21 14:00:00,23.663306842234327,58.5569302777457,47.70585695366831
2024-02-21 14:00:00,23.034466850137623,48.82663201942625,42.99483652266926
2024-02-21 14:00:00,23.009548168398048,50.45174178788388,43.53649005936769
2024-02-21 15:00:00,23.31067638123835,49.09674554453496,34.9433956219624
2024-02-21 15:00:00,26.664035940618994,43.228264880499935,44.18823484575415
2024-02-21 15:00:00,24.477330990201285,45.481978310232726,43.968010511810725
2024-02-21 16:00:00,23.589894897624923,53.528315023532365,48.74961565243936
2024-02-21 16:00:00,22.44838586421809,49.6445881806573,38.08478564382207
2024-02-21 16:00:00,22.332700291314623,60.89161719023018,51.95114326152785
2024-02-21 17:00:00,23.34190867946741,58.33136971563624,41.1979529209621
2024-02-21 17:00:00,25.510731946159485,56.86341308114206,41.35330278599852
2024-02-21 17:00:00,22.025596620673284,47.96552353868484,49.85595153983864
2024-02-21 18:00:00,23.183280053287504,57.5482128111709,48.34429797471955
2024-02-21 18:00:00,23.86515532735289,57.01118572556862,46.441332882790014
2024-02-21 18:00:00,25.86074389084272,44.72632498858253,38.69073052584541
2024-02-21 19:00:00,25.57900070963743,53.63873265732191,43.45235304299462
2024-02-21 19:00:00,23.650578145345538,49.0301220548921,41.8747114821667
2024-02-21 19:00:00,23.79907736500071,52.39889191507531,43.3654077238156
2024-02-21 20:00:00,26.307070070280677,50.72290002168009,45.31900905889633
2024-02-21 20:00:00,23.239283785813527,53.14861202189884,54.20287281463397
2024-02-21 20:00:00,23.143759444312757,45.54440509646487,41.822953119313496
2024-02-21 21:00:00,22.63132266894829,50.93433404212578,54.757446795575966
2024-02-21 21:00:00,23.546735929614165,57.75560947832717,48.1677274884276
2024-02-21 21:00:00,23.914734563383067,52.49238907400073,45.81080191396893
2024-02-21 22:00:00,20.18135468928173,46.41938306659184,46.63207119625899
2024-02-21 22:00:00,24.787517031940272,43.00025548443638,38.23775372263138
2024-02-21 22:00:00,25.441579019244955,50.156860374036846,38.4463210909518
2024-02-21 23:00:00,23.644977068118525,58.410275719805725,43.04357150600035
2024-02-21 23:00:00,20.70596616428887,57.4143989238238,51.00006993067642
2024-02-21 23:00:00,22.32229195150932,46.84473741102306,49.354627190153565
2024-02-22 00:00:00,26.194721634535345,60.79948447296674,47.160257899775615
2024-02-22 00:00:00,23.12189211889801,45.72007630327943,38.02717750662224
2024-02-22 00:00:00,24.880317776074797,48.01028718282251,46.38599277077861
2024-02-22 01:00:00,24.911079853084168,48.73133281456338,43.73908855347552
2024-02-22 01:00:00,23.062770647263847,58.8142252335015,46.82030698253277
2024-02-22 01:00:00,23.898613551480643,45.83307804751328,52.98062506296042
2024-02-22 02:00:00,22.714984016636205,50.06651589416976,44.79865410647226
2024-02-22 02:00:00,25.55186404292168,52.71256663091916,39.60231481484159
2024-02-22 02:00:00,25.136414534706567,51.50085421434365,47.32437571017822
2024-02-22 03:00:00,26.87859987294834,46.4731830159914,44.10154568128274
2024-02-22 03:00:00,21.13584298254026,44.46594923362139,54.75347341577872
2024-02-22 03:00:00,25.598310842935003,50.52241736922006,40.784503775968
2024-02-22 04:00:00,22.04629926572396,40.59433578443928,49.05757241018744
2024-02-22 04:00:00,27.31156269616993,55.13366118622624,49.12335351620799
2024-02-22 04:00:00,23.444614491088,49.8771150513718,41.65875774122748
2024-02-22 05:00:00,25.385206338528405,54.66497301822552,47.16224670421059
2024-02-22 05:00:00,25.03755739824352,55.72205375188053,33.66856710412536
2024-02-22 05:00:00,22.293374927608276,51.81420802703751,48.8972119295899
2024-02-22 06:00:00,26.719059031652115,49.08360907261208,45.55671203325363
2024-02-22 06:00:00,18.73593090089968,46.04495273313987,50.71304020112379
2024-02-22 06:00:00,23.97817789330216,56.37879338935926,47.10441878207918
2024-02-22 07:00:00,25.354645077601536,51.727899862282136,43.25245373729953
2024-02-22 07:00:00,21.70666200032222,53.29830928253967,46.96805766836725
2024-02-22 07:00:00,26.740047265044037,54.508139562253824,33.68988070798451
2024-02-22 08:00:00,22.90389192958756,37.76525801379552,33.931267334652816
2024-02-22 08:00:00,24.06597381730153,52.45570320283584,52.99184525843223
2024-02-22 08:00:00,22.63241510988876,39.54382764497552,48.5266630346117
2024-02-22 09:00:00,23.853617274557344,47.96681954777245,49.51424426765995
2024-02-22 09:00:00,23.934425702004287,48.27891371654867,48.03484387930176
2024-02-22 09:00:00,26.209747259552067,49.61847154841068,37.77035594278664
2024-02-22 10:00:00,27.409057787022014,52.9540001741856,38.38367172996324
2024-02-22 10:00:00,26.972780139901595,45.60906313106628,52.90751726890643
2024-02-22 10:00:00,23.81372803522764,46.2566874821972,45.08223709972668
2024-02-22 11:00:00,24.88390608399669,53.31459265085731,47.78479646140586
2024-02-22 11:00:00,22.962578803749807,51.3441254210148,44.26750251697257
2024-02-22 11:00:00,23.75307629685116,49.87427303697179,46.08185963581233
2024-02-22 12:00:00,27.03072079657886,45.55564984672385,54.89477074667983
2024-02-22 12:00:00,27.646708844580434,52.34506996238528,46.1243184978018
2024-02-22 12:00:00,22.26477606680172,51.329501418878046,43.12926462629992
2024-02-22 13:00:00,23.981310850263817,51.06787495820576,46.80923674478319
2024-02-22 13:00:00,23.685792517380783,47.52641761914828,42.2913401739208
2024-02-22 13:00:00,27.400148887050896,49.2501373877055,48.12857646386864
2024-02-22 14:00:00,24.802534592407696,47.66237963221041,51.47820273534567
2024-02-22 14:00:00,23.03972642790428,54.23551666280188,41.68715426870472
2024-02-22 14:00:00,22.40812706089464,43.255868351466646,35.91536095737419
2024-02-22 15:00:00,24.0833886705364,51.1705025907034,39.81512225133628
2024-02-22 15:00:00,23.56931949177048,49.13328871668168,46.52558398880517
2024-02-22 15:00:00,23.36292498060974,45.010904444957504,47.471787926084936
2024-02-22 16:00:00,21.556576441849494,57.30933913210698,45.24469416917451
2024-02-22 16:00:00,26.137541677240566,51.43423899701051,46.837339489623815
2024-02-22 16:00:00,25.37301045504265,46.08801796437524,51.8826806752352
2024-02-22 17:00:00,29.09025186078421,45.041115368041226,38.5719442418816
2024-02-22 17:00:00,22.286586332138565,46.86535450073364,49.60812748529505
2024-02-22 17:00:00,26.3182658990894,47.06576717974203,47.0996353457541
2024-02-22 18:00:00,25.031754724739237,44.9448762299164,42.1617057172929
2024-02-22 18:00:00,23.153885371032903,49.78014059886289,46.75805283172812
2024-02-22 18:00:00,24.790841120414285,54.96104952605747,50.39896934884938
2024-02-22 19:00:00,25.16420390387452,51.449557342710136,48.85423218068812
2024-02-22 19:00:00,25.464860491059877,54.37262423823843,50.40778444135446
2024-02-22 19:00:00,22.1407592547667,45.04678905021872,48.097311803401055
2024-02-22 20:00:00,25.407776383338955,43.45385435269415,39.37701086433532
2024-02-22 20:00:00,25.92922860713733,44.09858091279765,46.31099948564188
2024-02-22 20:00:00,22.711548520087494,46.90787279874735,42.92945247744309
2024-02-22 21:00:00,18.66176479597386,53.00691929697976,50.3163056362903
2024-02-22 21:00:00,25.11745100271737,53.38384888400646,47.14114385050552
2024-02-22 21:00:00,21.20890293949771,51.40426542679514,47.85961811486348
2024-02-22 22:00:00,23.30326180664431,44.00224551575946,47.67342677536055
2024-02-22 22:00:00,20.53050650514816,45.49540328164229,44.26065345266401
2024-02-22 22:00:00,25.309068412933872,55.270618824503856,47.58864268085132
2024-02-22 23:00:00,23.293646604669046,53.76571657394,43.80366337006379
2024-02-22 23:00:00,23.19235204287243,51.005231356544414,53.18664908948448
2024-02-22 23:00:00,21.278410056586985,47.39882891320201,46.939332881765225
2024-02-23 00:00:00,24.231397165357365,49.16832512433377,41.6642945474354
2024-02-23 00:00:00,24.63015356596162,45.0436709474164,45.45132615620976
2024-02-23 00:00:00,24.65187823081873,49.51344228827881,36.63985570955042
2024-02-23 01:00:00,24.419622832792136,43.3747515135265,42.85803556755439
2024-02-23 01:00:00,23.113082558378828,47.08747105133494,38.74945192606535
2024-02-23 01:00:00,24.38876833563605,53.3930016541421,45.654028648908
2024-02-23 02:00:00,24.33389977478252,49.19887058780159,44.19321737150562
2024-02-23 02:00:00,23.94852544530409,55.26584945696362,38.97788077723554
2024-02-23 02:00:00,27.149785000685107,46.167578639484745,39.81945011024143
2024-02-23 03:00:00,20.48916989908649,41.60272120003118,38.328023052033984
2024-02-23 03:00:00,26.49614829175914,52.81630387384204,43.7216381431661
2024-02-23 03:00:00,25.13423733072238,49.76546593847383,53.53500464001705
2024-02-23 04:00:00,23.209734625889716,50.27342249023599,40.76256872974794
2024-02-23 04:00:00,25.09278773952541,53.3322382437014,47.825221474581305
2024-02-23 04:00:00,25.833250675720333,38.31820701922345,44.73949293409761
2024-02-23 05:00:00,24.27985084093841,57.60216240276234,47.38013829100844
2024-02-23 05:00:00,24.203973330377064,50.09227819016031,41.5199090785212
2024-02-23 05:00:00,24.547447092604752,50.11680453637295,41.44824787120123
2024-02-23 06:00:00,19.87609472501294,41.57605426582191,56.76504491459936
2024-02-23 06:00:00,24.2399394389032,48.400265726411256,44.53472716984111
2024-02-23 06:00:00,24.751821737257792,46.91057339295578,47.11246571001192
2024-02-23 07:00:00,21.86202720032265,61.70060354397332,44.49217173381001
2024-02-23 07:00:00,19.98975368657201,49.35814486046091,46.124742228363786
2024-02-23 07:00:00,25.89249634400141,44.25892003668089,45.963993219085815
2024-02-23 08:00:00,24.62821748281714,46.99814323137391,41.49337899541976
2024-02-23 08:00:00,25.248298000756023,52.77034876433503,48.61357118942429
2024-02-23 08:00:00,21.56231739235932,49.0548555068639,45.34660642107776
2024-02-23 09:00:00,26.477238648482587,43.11341678539846,50.11859318063743
2024-02-23 09:00:00,30.029558441821912,53.258633058156136,36.98056314315544
2024-02-23 09:00:00,21.808156285248437,62.07405131597391,35.816579010592804
2024-02-23 10:00:00,21.264474890412117,49.16849367403526,48.01141559889626
2024-02-23 10:00:00,26.260033684766903,55.59042581824689,47.47472919793221
2024-02-23 10:00:00,19.440111084931708,48.45214127995792,47.90835686920845
2024-02-23 11:00:00,23.90844683660172,53.33887253576199,37.53300948008005
2024-02-23 11:00:00,21.68007329149034,47.09693138054312,50.87806366324582
2024-02-23 11:00:00,24.155564739281672,46.791699143218096,38.387194914094096
2024-02-23 12:00:00,25.947471174840047,59.789404116999805,48.84218282121688
2024-02-23 12:00:00,22.927559868902662,51.10826405783231,46.915608292890056
2024-02-23 12:00:00,22.76894755966623,47.66865781466261,43.163372896929175
2024-02-23 13:00:00,23.83362202444429,40.90716246223779,46.605330948571016
2024-02-23 13:00:00,23.67643741845975,49.98757531813793,54.4819507184458
2024-02-23 13:00:00,24.81715278504722,56.11605607745904,47.30849965743913
2024-02-23 14:00:00,23.856181919783005,48.07913874300616,45.99367503926376
2024-02-23 14:00:00,23.693474032022504,52.65249988896011,45.1132021026959
2024-02-23 14:00:00,21.454793079999654,51.70871486450957,41.22225113865541
2024-02-23 15:00:00,23.17498005124972,56.68175071785776,34.40491352595923
2024-02-23 15:00:00,26.579642713578014,61.43112077488677,52.269529945004
2024-02-23 15:00:00,23.45895913407764,50.83669809839379,40.323660627593554
2024-02-23 16:00:00,25.045147847560447,60.49668882304301,49.62867484999303
2024-02-23 16:00:00,23.07827126191304,43.95290236950348,51.00210634684258
2024-02-23 16:00:00,26.3209868152116,50.55054406724085,43.16359931320731
2024-02-23 17:00:00,22.493427716448394,56.82896070081431,46.96484881115908
2024-02-23 17:00:00,28.05611772662217,51.05146744443266,44.299637927528536
2024-02-23 17:00:00,23.275132117135264,45.982759415384045,39.718468366222034
2024-02-23 18:00:00,23.795685155356345,47.75395460055112,42.85725585590632
2024-02-23 18:00:00,23.93643740710796,58.04338915362786,46.69182737330965
2024-02-23 18:00:00,27.685675353206843,52.683198450441616,46.3102303538954
2024-02-23 19:00:00,22.838983284690823,46.38396237635671,47.199709415990895
2024-02-23 19:00:00,25.969087889033,43.1117454069644,45.154424182845474
2024-02-23 19:00:00,23.614981268693494,52.208211162379726,56.682379532344
2024-02-23 20:00:00,25.85906958479597,45.59429117088783,46.61413681767245
2024-02-23 20:00:00,24.430812316962577,45.65560379410957,45.332568210077454
2024-02-23 20:00:00,24.61431266729289,48.289012282183805,44.20166879051194
2024-02-23 21:00:00,25.64013807783701,44.85880613128351,43.54959319660976
2024-02-23 21:00:00,24.63433237524597,55.43683566492341,45.242423656635935
2024-02-23 21:00:00,27.45958588732401,43.53316898059124,45.63473908784089
2024-02-23 22:00:00,25.984635126640256,50.58053979496227,46.34838813296843
2024-02-23 22:00:00,23.567153412142165,43.71014875695574,50.97085166300195
2024-02-23 22:00:00,23.167057622188207,54.35057076773938,46.89230615686567
2024-02-23 23:00:00,24.118187906779813,48.66280622073718,45.34490575266789
2024-02-23 23:00:00,25.98720544634194,47.34395967633289,44.81143476385785
2024-02-23 23:00:00,22.13006734680641,47.796737977710016,45.428891118919495
2024-02-24 00:00:00,22.43246600696925,49.561167884994745,39.59548779578045
2024-02-24 00:00:00,25.83584384232206,49.71941453016311,49.31563442818336
2024-02-24 00:00:00,23.717880617236887,56.52363943176212,53.09039614137016
2024-02-24 01:00:00,22.017779650593194,48.48385014727874,36.19959373293529
2024-02-24 01:00:00,18.7044728493985,50.28306431614561,44.28387907718645
2024-02-24 01:00:00,24.854543069423112,47.1415587063863,48.90275695701967
2024-02-24 02:00:00,23.771536106938,49.63090240143453,48.918474395336496
2024-02-24 02:00:00,21.68118979763257,50.02302519157461,40.61290683436384
2024-02-24 02:00:00,21.65988602479861,44.09546568644122,51.32967661237362
2024-02-24 03:00:00,24.05086392183577,38.98454509071895,47.45861146815759
2024-02-24 03:00:00,24.300343206664795,47.665269466486926,42.56532871549842
2024-02-24 03:00:00,22.53312741559034,49.71323767629288,40.74910282138219
2024-02-24 04:00:00,25.079301517394256,48.07154002264843,47.55382011468984
2024-02-24 04:00:00,24.44370247998353,47.66261022271483,49.56324949178918
2024-02-24 04:00:00,22.922436841252622,52.14362711316786,38.08772041072915
2024-02-24 05:00:00,24.567024328501063,49.27541656194449,49.99147932288936
2024-02-24 05:00:00,25.529082032878332,40.10647621204212,46.96425860641183
2024-02-24 05:00:00,23.39881335709449,54.07014906293028,47.66961627632889
2024-02-24 06:00:00,24.669902653055377,51.29911269386047,46.981170813091
2024-02-24 06:00:00,26.307884023986052,48.63655403609962,43.505289850802605
2024-02-24 06:00:00,23.24410933623637,44.69272586848479,38.96470911659112
2024-02-24 07:00:00,23.684584386451306,51.924801461095896,40.393908672889374
2024-02-24 07:00:00,25.582810695056036,42.4774815832582,61.42844181926212
2024-02-24 07:00:00,27.77600962573594,45.84210038552992,39.427166878879234
2024-02-24 08:00:00,26.16475079957496,57.40657266188423,43.25983151251892
2024-02-24 08:00:00,25.58923801997673,49.271217066087495,50.35556285281295
2024-02-24 08:00:00,21.078369786663483,37.16515265315232,39.14054906954172
2024-02-24 09:00:00,25.581741364491567,41.83549593607526,45.64835855267621
2024-02-24 09:00:00,22.71229320413384,52.04916462376923,49.79539637511312
2024-02-24 09:00:00,20.523637167754483,55.41841327810397,45.74957652886147
2024-02-24 10:00:00,25.12054025994519,44.734957838995975,46.91150688276714
2024-02-24 10:00:00,24.252150748075596,57.297398365077576,47.59941203331656
2024-02-24 10:00:00,27.467395524254663,51.86741407434771,40.96996543905202
2024-02-24 11:00:00,25.64971921911185,52.57354594683665,45.14414222886943
2024-02-24 11:00:00,24.809202979743404,53.93341776267884,44.81902722259867
2024-02-24 11:00:00,25.9557065491903,53.0298141042967,45.63302393669151
2024-02-24 12:00:00,22.325696610156925,49.863806439930144,48.63999344968279
2024-02-24 12:00:00,20.950904169449093,46.4617144016455,52.9959156892108
2024-02-24 12:00:00,24.79393306881004,50.84211467783397,37.88694277203509
2024-02-24 13:00:00,23.52412598952943,49.29471763697941,44.97620979174504
2024-02-24 13:00:00,23.1983453522902,49.54208629291342,43.14639691663237
2024-02-24 13:00:00,26.61331972745553,52.34335575394381,49.46669782580244
2024-02-24 14:00:00,26.315819006388036,48.87671411344519,42.98497148626466
2024-02-24 14:00:00,24.49754983694528,54.20993356441495,43.7366251092717
2024-02-24 14:00:00,22.86810489550113,51.17217764807202,48.78621037162746
2024-02-24 15:00:00,22.6852149134952,49.74860552943192,49.92475536949725
2024-02-24 15:00:00,22.13522162805627,51.521025488848935,51.024150252601615
2024-02-24 15:00:00,21.648232955650347,47.36855250452122,43.9954893512044
2024-02-24 16:00:00,23.6158421867463,50.43734832950161,46.26124582318878
2024-02-24 16:00:00,23.428296564215024,55.678008517413545,42.197100870972406
2024-02-24 16:00:00,25.30594391888665,50.0713593029585,47.22025898879996
2024-02-24 17:00:00,21.846053892333224,52.14460042925668,40.15683941432103
2024-02-24 17:00:00,24.465163271318364,53.58657816291158,44.1708289709783
2024-02-24 17:00:00,24.49801874371705,53.40395342751484,53.41144512063868
2024-02-24 18:00:00,23.513344506355505,52.63079837138712,43.274899343257566
2024-02-24 18:00:00,19.056018243859825,54.96995977791318,41.83376319901126
2024-02-24 18:00:00,29.656387921120345,55.22289194709682,41.57867749758402
2024-02-24 19:00:00,26.437893658444167,56.20175481719573,40.56705585400398
2024-02-24 19:00:00,22.867218395907628,57.811197545635785,50.09898939058056
2024-02-24 19:00:00,26.26022180776873,49.62890949502901,45.142053327458925
2024-02-24 20:00:00,20.33540207527506,46.00297547474538,33.46675758501904
2024-02-24 20:00:00,26.84568934692157,46.92686416866461,39.59922269419138
2024-02-24 20:00:00,21.653487650515096,50.58703519605277,49.71602535407931
2024-02-24 21:00:00,23.918715825668205,56.35491591924227,40.28628265990244
2024-02-24 21:00:00,24.77452165410834,49.63934056604276,52.6569661156616
2024-02-24 21:00:00,26.04668232240141,48.25944882998501,46.86504672328956
2024-02-24 22:00:00,21.78223454168357,50.03156213961241,45.09976523795656
2024-02-24 22:00:00,23.58208145930503,59.23531420143264,46.09844446448576
2024-02-24 22:00:00,25.04796846614605,46.73791716796058,44.800186266064685
2024-02-24 23:00:00,26.729762243296516,46.40029186994681,43.35229567575715
2024-02-24 23:00:00,21.87742461596547,49.93128319840206,36.53798962525603
2024-02-24 23:00:00,27.23065016107498,55.75695721309797,53.397102553943455
2024-02-25 00:00:00,23.629835403987048,42.84395022206364,44.53756460258454
2024-02-25 00:00:00,27.62847222572564,44.348685383158,41.86412736557085
2024-02-25 00:00:00,23.13501907970993,43.72097630934218,43.74646615266166
2024-02-25 01:00:00,24.38582888792668,49.64428779518914,42.29528423371016
2024-02-25 01:00:00,24.00431537092019,44.25253668807455,44.45726993466075
2024-02-25 01:00:00,21.48487798031943,55.94645545865988,51.66561692184368
2024-02-25 02:00:00,23.61767387996653,53.11459184179054,43.1651376832496
2024-02-25 02:00:00,22.757280503074966,46.56901061073488,59.59302568759783
2024-02-25 02:00:00,22.896501827038744,53.12365655076589,49.39190468065438
2024-02-25 03:00:00,22.08694065875704,51.22206929656852,47.87185790039467
2024-02-25 03:00:00,19.742993528186005,49.128323186819735,39.93862458448925
2024-02-25 03:00:00,22.5629916887846,42.40456779789183,46.39885695476855
2024-02-25 04:00:00,25.297102454399543,55.637918874403766,35.836020595260734
2024-02-25 04:00:00,24.95021261450136,44.56874046734718,42.92775627633202
2024-02-25 04:00:00,24.259186359543875,47.21102633842597,41.66188188545205
2024-02-25 05:00:00,26.19417524989494,48.34178743340026,48.18411797004173
2024-02-25 05:00:00,25.68391711990585,46.91636028940339,45.04390465139505
2024-02-25 05:00:00,24.01807027232199,52.12335286051848,47.76217594038332
2024-02-25 06:00:00,22.30319350927868,54.13403441324708,39.06709404884075
2024-02-25 06:00:00,22.18262030769205,55.84681488919881,40.58010118428744
2024-02-25 06:00:00,27.923031194699565,46.92566219566646,39.73979355116919
2024-02-25 07:00:00,25.439867065574564,49.17858781804226,39.33699012321375
2024-02-25 07:00:00,22.513749143712666,44.22365931200259,55.50957366725076
2024-02-25 07:00:00,24.87954503696984,50.44919886173282,38.14218644453667
2024-02-25 08:00:00,22.8617604118414,42.51832255168337,53.93147159081478
2024-02-25 08:00:00,21.040352824504453,50.44314939421796,41.05961232145858
2024-02-25 08:00:00,23.634091609227077,42.33556229199082,46.05389818243077
2024-02-25 09:00:00,24.84479534407567,57.20666769024984,41.77414105201426
2024-02-25 09:00:00,24.33253340744637,39.46679429049205,40.68065928856715
2024-02-25 09:00:00,23.152612706921367,53.49708271067703,41.59144672513723
2024-02-25 10:00:00,24.74226831283415,46.64630137840138,44.56030593801748
2024-02-25 10:00:00,26.855955440670623,50.66935055707616,49.69267781281475
2024-02-25 10:00:00,23.381902354114843,51.06613550043837,54.88722306183014
2024-02-25 11:00:00,25.91914338378633,54.33340188497579,47.58571266815427
2024-02-25 11:00:00,26.253172740870237,54.73308453262472,44.80173147703864
2024-02-25 11:00:00,23.43325425062715,46.805574310503225,38.82615777583809
2024-02-25 12:00:00,22.1223144352362,49.79133933758192,45.67996406083492
2024-02-25 12:00:00,23.42780654085957,46.14884039394081,41.88272377806909
2024-02-25 12:00:00,25.11822540599584,40.77632594715125,45.59749942445719
2024-02-25 13:00:00,21.788690346892636,46.06734975159492,43.237372776274746
2024-02-25 13:00:00,24.454400905216502,56.90939812078351,44.05402054606586
2024-02-25 13:00:00,23.09718394262008,53.01940618145875,45.02091201353406
2024-02-25 14:00:00,20.666904299983525,54.85225640312372,46.81351405953659
2024-02-25 14:00:00,23.63701745115581,48.75022531435364,49.52055333961064
2024-02-25 14:00:00,24.041237815183607,50.3705896443303,46.91372599431868
2024-02-25 15:00:00,23.252643239872537,55.78107139544933,45.9452362258249
2024-02-25 15:00:00,25.99438888723017,47.900971077672246,42.973112473813096
2024-02-25 15:00:00,27.40261972207652,49.5659956150527,56.26540928465457
2024-02-25 16:00:00,24.172573877584277,65.22226347129725,36.06935942098619
2024-02-25 16:00:00,20.23988209684796,54.32099322529136,43.330878859660935
2024-02-25 16:00:00,25.439873627475,50.97004337883101,39.16506336041848
2024-02-25 17:00:00,20.967856632507093,42.36624357310501,47.32734206523657
2024-02-25 17:00:00,24.437219111295526,50.69015544715295,47.422767796592055
2024-02-25 17:00:00,25.501609642497154,45.34426804677003,50.91427598218851
2024-02-25 18:00:00,23.962674447401795,40.75809538943484,40.693135910200326
2024-02-25 18:00:00,22.16567507618904,49.1113324150398,38.46841887659586
2024-02-25 18:00:00,26.279129907286272,49.18001449089057,48.03603386473727
2024-02-25 19:00:00,23.83900695143378,46.05292632063696,53.36687915190734
2024-02-25 19:00:00,23.0095272674983,53.40320096917222,46.062923923365226
2024-02-25 19:00:00,20.39906898946405,47.6042091383738,47.72286096916294
2024-02-25 20:00:00,25.75235714677893,42.070722633793565,46.050309515723946
2024-02-25 20:00:00,22.261863130802507,43.40873861697917,43.03176048583412
2024-02-25 20:00:00,25.79049678310782,53.475411370554326,52.13708864472696
2024-02-25 21:00:00,22.193825402617144,56.19991834736031,44.8992663924815
2024-02-25 21:00:00,24.993838860058656,52.76476540495606,49.96872264696676
2024-02-25 21:00:00,22.896551136670983,48.827652075668894,50.95603775353352
2024-02-25 22:00:00,24.40240081462848,50.27806016427181,52.71583595239802
2024-02-25 22:00:00,25.246912854951866,44.4339154175885,46.7603777466814
2024-02-25 22:00:00,23.9471625401594,39.92362808185096,52.60315820369623
2024-02-25 23:00:00,22.16946481432934,48.88800338489918,43.59619525800087
2024-02-25 23:00:00,21.39504512293132,47.6562589629755,52.78855884468718
2024-02-25 23:00:00,22.805414409715667,47.87799276034889,43.15877285144538
2024-02-26 00:00:00,24.809001827085343,52.4580576956292,47.868497839075545
2024-02-26 00:00:00,23.59120208352371,47.94078842608685,43.97615875520969
2024-02-26 00:00:00,24.31506969404266,52.50425884080991,42.58827532483081
2024-02-26 01:00:00,24.92621430444193,61.22209102008534,45.28242950292723
2024-02-26 01:00:00,24.05099186487508,54.436426013385045,38.26802428597976
2024-02-26 01:00:00,24.843907091999984,54.94929035415258,43.28197866284839
2024-02-26 02:00:00,27.60976098558269,47.92071186698861,48.76541678229989
2024-02-26 02:00:00,27.858176108006404,53.14537979362937,41.08826927513282
2024-02-26 02:00:00,18.99435740187152,55.60671490448662,46.37360279997274
2024-02-26 03:00:00,22.78199020372313,44.515905942454125,44.46901629578044
2024-02-26 03:00:00,26.684332672860577,52.4435934500028,51.78657800888389
2024-02-26 03:00:00,23.041373083761243,49.8332237696165,43.37622706648942
2024-02-26 04:00:00,27.777121244337696,44.14503970131408,47.80228045413098
2024-02-26 04:00:00,24.41940990163211,51.24556002930893,50.776387739408136
2024-02-26 04:00:00,23.373529109117904,56.570959153557496,36.87398832396187
2024-02-26 05:00:00,26.4207751128458,43.60436581579744,35.65474511063452
2024-02-26 05:00:00,27.052189895411125,46.1024573307559,57.29634060426257
2024-02-26 05:00:00,22.399848481850317,59.00971885384,40.25990658270136
2024-02-26 06:00:00,21.10996327596368,56.44648573937023,38.1342987615165
2024-02-26 06:00:00,22.846070070646476,53.78879421741419,37.7912834080153
2024-02-26 06:00:00,22.77066185257548,44.25515640155599,53.70500889622946
2024-02-26 07:00:00,24.905754951754428,57.15058947269954,53.16661240662093
2024-02-26 07:00:00,21.330089936867417,48.39332252437561,51.17414000711676
2024-02-26 07:00:00,27.304917768854565,41.40953943647843,48.2271831596575
2024-02-26 08:00:00,24.166123632852585,47.376304949575,32.891509435459554
2024-02-26 08:00:00,24.174816744022134,42.1668060856226,39.7830854099205
2024-02-26 08:00:00,22.149607172432933,58.32908560099256,50.68211151294965
2024-02-26 09:00:00,22.32658318365105,44.56410773433009,52.60323509547968
2024-02-26 09:00:00,26.493733466014167,46.20336831402827,41.50801546101507
2024-02-26 09:00:00,21.887846362842076,50.472637373861566,47.67070996864394
2024-02-26 10:00:00,25.89609200220977,47.76557836000988,37.52907771979022
2024-02-26 10:00:00,23.88077421992752,48.50344597241122,48.68571766294779
2024-02-26 10:00:00,25.38271728402133,40.86977953734887,38.74191081539455
2024-02-26 11:00:00,24.57060423871354,49.8769336398273,50.65841689688094
2024-02-26 11:00:00,24.64850557414781,42.65772574332776,53.33143254425812
2024-02-26 11:00:00,24.87478493446779,41.60672426533205,44.15408569394928
2024-02-26 12:00:00,21.168116659484877,52.03860110279509,38.73604977607707
2024-02-26 12:00:00,22.6385570297489,47.2220221661335,48.5755755335872
2024-02-26 12:00:00,25.61520898395327,55.15011358558681,43.896631749688936
2024-02-26 13:00:00,25.88448157903222,54.113759556520016,51.44938996794735
2024-02-26 13:00:00,18.753525315370503,48.08001559454916,47.63538045486245
2024-02-26 13:00:00,19.935812626284537,50.78640382003381,47.05043651420858
2024-02-26 14:00:00,19.71387495785971,47.747143693759085,35.168594289622646
2024-02-26 14:00:00,24.666266732270014,43.38080920290219,38.56088672119467
2024-02-26 14:00:00,26.03044499537212,49.40093884670806,47.54998231181463
2024-02-26 15:00:00,21.933989429609216,43.59742536966925,56.971494588310186
2024-02-26 15:00:00,23.96550948244516,62.38942984953039,46.97155224483979
2024-02-26 15:00:00,26.12796773237317,54.36308352288359,48.40321673976425
2024-02-26 16:00:00,26.35425002908104,41.792638334623405,41.90843228478735
2024-02-26 16:00:00,24.60596190202964,51.60597413259181,47.68994170619501
2024-02-26 16:00:00,25.65899498493122,46.91685380102608,48.986969448283794
2024-02-26 17:00:00,22.568899587616805,54.39497309985642,47.45147391567572
2024-02-26 17:00:00,25.88317057763454,52.09011551506557,39.09099847881624
2024-02-26 17:00:00,25.359798907698675,44.13402771930272,33.6004113201686
2024-02-26 18:00:00,25.11946094626093,43.20476785609986,44.25508219865666
2024-02-26 18:00:00,22.57496675881952,52.42337160942783,45.73001883919079
2024-02-26 18:00:00,25.03859437072124,43.10737451837282,46.2737233190517
2024-02-26 19:00:00,22.865364808522585,46.7336097998916,43.145292014452295
2024-02-26 19:00:00,29.184284029272664,38.61535106479455,42.3687172879361
2024-02-26 19:00:00,22.896467011114574,54.7205747445265,45.52039961246615
2024-02-26 20:00:00,20.948650889887062,56.384494552365794,42.26381101381519
2024-02-26 20:00:00,20.68111065503441,43.63182719007308,52.07846111648936
2024-02-26 20:00:00,25.512793267740257,56.24307023888412,37.28381088349165
2024-02-26 21:00:00,25.57889155497059,53.53027975713061,49.89161487343376
2024-02-26 21:00:00,25.733542815953303,47.66323279097374,39.356163429986616
2024-02-26 21:00:00,25.326736596407702,53.010071462111696,44.33676618319171
2024-02-26 22:00:00,20.0325849812057,45.841823402163065,44.41883784825735
2024-02-26 22:00:00,21.68912179463142,49.85223805592873,49.29976889941496
2024-02-26 22:00:00,22.90288138556212,56.07056666333687,49.3890011673525
2024-02-26 23:00:00,24.18239831123676,51.71186170772935,49.09741223322067
2024-02-26 23:00:00,25.057658296750024,46.359578971141744,47.99272697582992
2024-02-26 23:00:00,24.984798453948905,48.540963914716905,52.1791528116581
2024-02-27 00:00:00,24.503406737737382,47.365464836784014,43.76640902177462
2024-02-27 00:00:00,24.177714586013423,44.0369101783123,37.0529139778709
2024-02-27 00:00:00,27.00759116203977,49.5811250386536,42.2812719137693
2024-02-27 01:00:00,25.69013408572424,53.02379537825746,42.978269654913625
2024-02-27 01:00:00,30.34952205789164,45.355475271330754,40.39869447000078
2024-02-27 01:00:00,21.984825944383605,55.09262460669719,53.13390696907695
2024-02-27 02:00:00,21.95010760854217,43.89909364282618,39.43585733963504
2024-02-27 02:00:00,21.765920349267653,48.68235084025223,36.43596390037689
2024-02-27 02:00:00,24.401148006750027,50.64178607495029,44.70141923462421
2024-02-27 03:00:00,23.139595784520417,55.99272549662005,42.68536909587221
2024-02-27 03:00:00,20.53242545685363,50.10440416699712,50.493141668948375
2024-02-27 03:00:00,28.17309612263214,55.273457172947936,46.72375522611525
2024-02-27 04:00:00,26.919361684697343,47.34447217684151,39.12794172947297
2024-02-27 04:00:00,24.09019736452196,54.67054367229397,38.29062154015217
2024-02-27 04:00:00,20.38948155665488,48.94217975168716,38.12789345007106
2024-02-27 05:00:00,24.10002596041712,50.4898310655443,41.37092529305828
2024-02-27 05:00:00,24.25279989685848,47.78584296962417,54.55728829729256
2024-02-27 05:00:00,26.846861960758677,51.25773920836241,42.06807304244905
2024-02-27 06:00:00,24.54003485140175,61.939793366717765,42.40188840064786
2024-02-27 06:00:00,23.580831619663623,53.384195864117686,48.33147600758825
2024-02-27 06:00:00,23.63983964016508,42.22712880560359,45.62359319339429
2024-02-27 07:00:00,24.27486277559325,49.78782267217719,43.24702401744094
2024-02-27 07:00:00,26.26574377181296,55.51127654718391,45.30958898415557
2024-02-27 07:00:00,23.998339076274934,59.85878959473109,50.38553150797174
2024-02-27 08:00:00,26.935751647350894,53.7559510116252,60.37881951100471
2024-02-27 08:00:00,22.765677234013705,47.58058889271555,43.96863469370541
2024-02-27 08:00:00,23.91781581153746,46.28752969448438,38.29466216438237
2024-02-27 09:00:00,25.31881847859605,56.71385003258133,51.05979301626379
2024-02-27 09:00:00,24.038839470691236,49.851525438701394,56.227026516153984
2024-02-27 09:00:00,22.643808907679716,42.583810870001486,48.84226571853728
2024-02-27 10:00:00,23.44863252071265,46.35771582011559,42.847541860305405
2024-02-27 10:00:00,21.10625955853625,54.798944332200726,54.47660553155519
2024-02-27 10:00:00,24.921611165539765,51.75039596744501,48.43931500202429
2024-02-27 11:00:00,23.23527931572933,45.623574653957135,47.14233126818999
2024-02-27 11:00:00,20.81690992351698,41.55643142630119,46.71006146537307
2024-02-27 11:00:00,23.03885204023504,45.06420623688763,50.77831106402196
2024-02-27 12:00:00,23.8320478931864,50.6550632751011,42.89274995962266
2024-02-27 12:00:00,23.81636228999039,53.1146543226984,45.42024826994233
2024-02-27 12:00:00,24.267094691813877,45.09997664741597,42.56000477612815
2024-02-27 13:00:00,24.09595595934393,53.2997887612817,47.2483374901303
2024-02-27 13:00:00,26.265500471256093,48.97633081386413,46.57073581282779
2024-02-27 13:00:00,25.026168858355696,41.90884018575874,51.06621169835976
2024-02-27 14:00:00,26.97816026480443,52.44450353341497,45.5564930994327
2024-02-27 14:00:00,26.259820078529263,49.39604799237216,41.829845037267134
2024-02-27 14:00:00,24.21186572450241,49.927163610634096,54.07146409854216
2024-02-27 15:00:00,21.00393367770992,48.309048477422806,40.53905797632864
2024-02-27 15:00:00,22.743836463967188,60.18274460254359,47.18881080473508
2024-02-27 15:00:00,22.862866865916445,49.51661570638992,41.78800206588314
2024-02-27 16:00:00,24.97877529420988,54.86884427518577,41.80574210411688
2024-02-27 16:00:00,19.93694212282678,54.021032892029694,49.01900237376354
2024-02-27 16:00:00,21.62530255575051,47.14242999649575,48.74888522491948
2024-02-27 17:00:00,24.72610358453549,46.62828081892867,43.63350551583989
2024-02-27 17:00:00,24.58009227010687,52.78691757174918,38.68925513992484
2024-02-27 17:00:00,27.45700655038757,55.10773397282016,49.60537808770786
2024-02-27 18:00:00,22.38052386635975,50.390086605888,30.58402171655617
2024-02-27 18:00:00,26.17379111905133,45.70976829247585,42.66101512683329
2024-02-27 18:00:00,23.392079966567096,48.53584703661118,54.94797735244823
2024-02-27 19:00:00,23.322135095783796,47.59230396522834,44.9341007469452
2024-02-27 19:00:00,21.009967059717415,56.3646369224306,38.74271812256258
2024-02-27 19:00:00,23.381891186279635,53.51143193553541,40.20372804878976
2024-02-27 20:00:00,21.6282381334437,54.45307309719627,45.789820864510986
2024-02-27 20:00:00,22.080326036618988,43.365790069321406,43.819246345830166
2024-02-27 20:00:00,24.82305253275023,55.56852399906997,49.10522997160973
2024-02-27 21:00:00,26.97553424123727,55.1475119098696,47.21385280755941
2024-02-27 21:00:00,25.21226087033897,48.08211441407533,42.670590314643725
2024-02-27 21:00:00,27.14716634880875,53.23794799172828,44.79081310955038
2024-02-27 22:00:00,22.643581516805025,45.92481618556998,47.925020920271145
2024-02-27 22:00:00,24.6260553230148,48.31679346372205,53.29962168131588
2024-02-27 22:00:00,26.377298038384104,55.33774770550439,49.20859787731998
2024-02-27 23:00:00,23.82448475955341,54.66203548337195,43.32489488867806
2024-02-27 23:00:00,25.64442203861559,56.48827057792133,38.34067652555588
2024-02-27 23:00:00,21.20732683185997,49.05169953673826,41.3368620724922
2024-02-28 00:00:00,28.393445169642213,53.92563911996435,48.08088097030809
2024-02-28 00:00:00,27.09238227712804,48.16343237370849,37.86775267354286
2024-02-28 00:00:00,24.43313034882357,47.11907457755269,42.7030579719875
2024-02-28 01:00:00,23.80123279721322,51.90877072286551,40.256137374774255
2024-02-28 01:00:00,24.84717161351264,53.14460986369985,49.30089768742694
2024-02-28 01:00:00,24.85889216635776,51.4884592447972,50.57292173652797
2024-02-28 02:00:00,25.39291395991188,45.29206849733807,42.69178107603207
2024-02-28 02:00:00,21.9018805658978,45.333508002207566,51.57918276403746
2024-02-28 02:00:00,23.509738745206494,38.01332721179168,39.53490983116015
2024-02-28 03:00:00,21.67023685302628,48.9685715859134,47.550962544991386
2024-02-28 03:00:00,22.707600917411256,55.04123459181122,47.68322173857629
2024-02-28 03:00:00,23.65054973153263,50.33579383370347,46.09894482857707
2024-02-28 04:00:00,24.25451516248218,47.350156617664695,47.631790687842646
2024-02-28 04:00:00,20.00615890385233,45.12902526661848,48.82801562723942
2024-02-28 04:00:00,24.07002059402624,48.70611284029978,46.287471610234455
2024-02-28 05:00:00,24.721064562043686,49.96634246078101,45.60666479714196
2024-02-28 05:00:00,23.550480084080757,50.52071663763166,43.21337951077509
2024-02-28 05:00:00,25.65709454231144,45.34318798575848,45.39214310409936
2024-02-28 06:00:00,26.046027683030104,53.479024507881576,37.44145380641866
2024-02-28 06:00:00,28.56522771665815,51.36374883313321,34.57897622476901
2024-02-28 06:00:00,22.76674625911391,43.95514045581553,45.27616676202796
2024-02-28 07:00:00,23.931799303829084,54.96189878482105,46.93990034304979
2024-02-28 07:00:00,22.92348299404234,50.44030662133237,36.90026745407365
2024-02-28 07:00:00,24.68441895383563,49.18349121832018,33.437924448651174
2024-02-28 08:00:00,22.139431976763,46.96681299346371,40.56023423324447
2024-02-28 08:00:00,21.02419048830956,50.36589902622946,42.33441061771102
2024-02-28 08:00:00,23.273437904089526,41.75365912786848,48.18033503030426
2024-02-28 09:00:00,23.34526116553965,55.03877352823053,47.04004496691645
2024-02-28 09:00:00,22.01615478595573,47.09308811637058,56.25160390044291
2024-02-28 09:00:00,22.810544995071524,46.3768007157904,52.097155094913774
2024-02-28 10:00:00,22.829598890633807,51.14357932415136,38.22271582928798
2024-02-28 10:00:00,25.30257577162529,47.04216589325539,42.88137379970455
2024-02-28 10:00:00,24.034827477750454,45.39618990178606,46.6372273329614
2024-02-28 11:00:00,25.34630157722516,47.00854241739617,42.27941576550336
2024-02-28 11:00:00,22.559420565197467,52.64949400798096,48.93593840177299
2024-02-28 11:00:00,27.648434142052707,57.12496506672882,39.85843866970776
2024-02-28 12:00:00,28.8094951223644,50.25079235779806,41.68190036890893
2024-02-28 12:00:00,23.282134140333515,56.5203620700417,50.68969768440077
2024-02-28 12:00:00,22.05730301497742,56.66223655562471,39.97217274413791
2024-02-28 13:00:00,23.203361111525044,50.71859543322471,46.17120276450596
2024-02-28 13:00:00,22.18500391309061,45.35292467073141,43.22772609902881
2024-02-28 13:00:00,21.85641569997995,50.22359807336622,40.123713931879735
2024-02-28 14:00:00,23.699147620427556,49.49949033844721,50.13159241647108
2024-02-28 14:00:00,28.798677300641195,53.81777462170125,45.58938108625909
2024-02-28 14:00:00,22.51639225364903,55.23720262092207,39.35424915181576
2024-02-28 15:00:00,22.25200064878573,49.5062595516422,49.94922322965725
2024-02-28 15:00:00,25.140458791869644,46.53715122463144,39.22844254081427
2024-02-28 15:00:00,21.20605517166927,53.36543712424738,45.927985201985145
2024-02-28 16:00:00,27.95622859602938,40.44244652278668,46.67310059784029
2024-02-28 16:00:00,20.511750956573408,44.08261545733435,49.05412563679041
2024-02-28 16:00:00,21.77331696357551,43.25126926802653,41.67177417741125
2024-02-28 17:00:00,24.159554318930333,40.83023148510482,49.99537804090416
2024-02-28 17:00:00,24.600996012352542,49.53645942342958,41.81492612361114
2024-02-28 17:00:00,23.450396845206782,48.07593093385359,53.18176088782584
2024-02-28 18:00:00,26.391100663065927,46.212750234912384,46.92906729283882
2024-02-28 18:00:00,26.10025920868076,44.46361635596,44.62851370127715
2024-02-28 18:00:00,25.484307278403545,46.69384249028792,43.77020908986718
2024-02-28 19:00:00,24.89427455373799,51.09531633524882,40.521821420971605
2024-02-28 19:00:00,25.00700479174042,50.855341593929936,47.75624699443888
2024-02-28 19:00:00,24.844647561845168,51.86031421592076,44.80423044212736
2024-02-28 20:00:00,23.55620043675301,50.51813976640046,47.82248997000072
2024-02-28 20:00:00,23.10608244891021,51.44415196114799,50.49372489984528
2024-02-28 20:00:00,27.288893342314086,57.34983053847179,47.7556910103288
2024-02-28 21:00:00,24.68082822063803,49.04690494400756,36.54304475554087
2024-02-28 21:00:00,24.890881396352583,49.81350079391306,47.87239341942126
2024-02-28 21:00:00,22.670867285470955,50.44488861868012,44.00754810947655
2024-02-28 22:00:00,22.48284995831872,51.38391083293136,42.51646144892205
2024-02-28 22:00:00,23.35041322333668,57.82656736812989,43.98160040681619
2024-02-28 22:00:00,25.27551797349776,52.71608865070733,46.1667330857281
2024-02-28 23:00:00,25.10804339214143,46.58944142147165,52.70972157344461
2024-02-28 23:00:00,22.93904446544888,48.76001832381,39.76698969193528
2024-02-28 23:00:00,24.748754144752105,53.73301594031154,45.81908877823232
2024-02-29 00:00:00,24.96623557393117,42.00854609583149,44.078965826948846
2024-02-29 00:00:00,24.256445392610612,51.03217616624895,44.46170719547777
2024-02-29 00:00:00,26.264919737668603,47.17309805528527,47.4410952312385
2024-02-29 01:00:00,18.79926884218605,48.56579551980225,41.49474484071422
2024-02-29 01:00:00,23.471956152071723,54.26040229794203,49.37990311128817
2024-02-29 01:00:00,26.150513161028705,53.106173905811,38.12659077641749
2024-02-29 02:00:00,23.157555490242245,45.13013331520979,45.228427502972224
2024-02-29 02:00:00,25.455643096227565,53.34841463444988,48.89853728513184
2024-02-29 02:00:00,24.61556431638536,47.29024691438725,46.68461433493165
2024-02-29 03:00:00,25.09884538941058,45.20481168458696,48.20061449366194
2024-02-29 03:00:00,22.01478381289328,55.83954366055394,44.75619396264614
2024-02-29 03:00:00,28.43881537670294,46.423154183533306,52.63247606042701
2024-02-29 04:00:00,25.77940368763588,57.58555394958184,43.71662465068423
2024-02-29 04:00:00,20.779625033058405,44.3483374477302,52.43272681899191
2024-02-29 04:00:00,24.608197000115457,51.9335341595384,38.291163294264045
2024-02-29 05:00:00,24.27608660701231,48.78150678688304,44.28591703572837
2024-02-29 05:00:00,23.965735257961217,51.37951513401987,37.30661795275271
2024-02-29 05:00:00,21.14084032827979,45.474798324613765,47.04340983021934
2024-02-29 06:00:00,24.60127029286428,45.14125782268695,39.71209349420165
2024-02-29 06:00:00,23.14129647935367,50.18118935647774,40.25567156555344
2024-02-29 06:00:00,25.675912713019564,48.04558636621129,40.07880862194629
2024-02-29 07:00:00,22.982603163479837,52.580743250022905,44.75153397748153
2024-02-29 07:00:00,21.55508348773069,49.06438268690037,38.88882395052725
2024-02-29 07:00:00,25.961046919023698,53.08739771054398,39.73156819254296
2024-02-29 08:00:00,27.844034042255544,39.01416131438012,41.38542406061559
2024-02-29 08:00:00,25.425291779479743,54.48902835177691,51.613807647754136
2024-02-29 08:00:00,23.93288643094282,50.42505041393803,32.365679812191125
2024-02-29 09:00:00,23.700844506110588,52.66816322079582,45.54780070377198
2024-02-29 09:00:00,24.59062218077232,55.87037992323066,41.21294872934575
2024-02-29 09:00:00,22.067926566979324,49.67942008031029,48.10882862541731
2024-02-29 10:00:00,22.844840882999296,51.67587585747382,41.1640267630356
2024-02-29 10:00:00,25.01794237965112,50.58803369282324,43.267963215424814
2024-02-29 10:00:00,22.485579625829683,49.1082740099268,44.28765071406116
2024-02-29 11:00:00,20.662624476435035,53.4377474081981,46.84572164339808
2024-02-29 11:00:00,25.537727383266954,44.00893442911416,44.17291346256402
2024-02-29 11:00:00,20.788008804818084,57.57383132363656,43.6259829991823
2024-02-29 12:00:00,22.043216907894653,52.51421048091701,44.0844408236045
2024-02-29 12:00:00,22.722862828881368,50.89490619426031,45.296120706411486
2024-02-29 12:00:00,23.89450853934604,54.069214548218056,37.90127015814805
2024-02-29 13:00:00,23.86228165878057,47.805832048678006,40.16672876532581
2024-02-29 13:00:00,24.67017150300684,50.79997455745392,43.0833552445253
2024-02-29 13:00:00,24.03399798526436,53.27281204869265,53.35936707912549
2024-02-29 14:00:00,22.98795380591725,47.66680096659698,44.19267933094625
2024-02-29 14:00:00,28.47972600127744,52.61898586617523,42.9640755812357
2024-02-29 14:00:00,21.380408651100584,47.54367693040707,46.11251433145982
2024-02-29 15:00:00,20.393726494621248,52.55315969773097,47.17617173241512
2024-02-29 15:00:00,21.141981114461903,47.00664720277193,40.61006287961436
2024-02-29 15:00:00,23.720021161874744,51.18612331339775,54.13744437527802
2024-02-29 16:00:00,23.57144936823249,39.88513535135632,42.01240447536088
2024-02-29 16:00:00,26.168576249568392,46.78665568453233,45.30477016010863
2024-02-29 16:00:00,20.77784689450673,48.11398393915908,37.60333493427972
2024-02-29 17:00:00,24.15031878335527,46.5780367123164,45.4765415952673
2024-02-29 17:00:00,24.797258968336283,43.028676008028135,42.11215298893284
2024-02-29 17:00:00,25.766940809091597,49.42492983291181,42.67495425853022
2024-02-29 18:00:00,21.603081700484697,50.72045156830703,48.23384371761491
2024-02-29 18:00:00,23.12406378535314,57.24191760761877,47.75272427353504
2024-02-29 18:00:00,24.10170397867444,45.85868231073603,33.779111962381606
2024-02-29 19:00:00,27.138656383273112,41.11402680092922,35.04272889811168
2024-02-29 19:00:00,24.46052376882643,47.73287363321431,40.0605588638998
2024-02-29 19:00:00,27.729401232219463,51.68934905709245,39.031706592064566
2024-02-29 20:00:00,24.30399103897628,42.867780490632185,49.3807656104989
2024-02-29 20:00:00,26.858158101139573,44.40910784085442,47.56949486102175
2024-02-29 20:00:00,23.222366949267784,44.29940349545078,42.49633093141967
2024-02-29 21:00:00,21.86833817271427,52.83037073677407,48.75669541438465
2024-02-29 21:00:00,23.84919110170724,42.01761381131518,40.84311627389012
2024-02-29 21:00:00,24.536281628775047,55.76020131393593,43.03815975949315
2024-02-29 22:00:00,22.7700299151849,48.25412276216934,46.83555661109587
2024-02-29 22:00:00,22.84233928142466,46.2674161876754,37.22729285848884
2024-02-29 22:00:00,26.24862121713353,54.0174671126553,52.399625160450405
2024-02-29 23:00:00,25.940952325828768,54.210821202128265,49.04343372888656
2024-02-29 23:00:00,23.553075171724217,49.86201434514705,45.13292447997734
2024-02-29 23:00:00,21.743689171346556,51.446689680826445,46.87994522719392
2024-03-01 00:00:00,24.289661187990426,42.72870014279279,36.18364166304477
2024-03-01 00:00:00,24.17058752986939,53.73791231675749,40.18431382835471
2024-03-01 00:00:00,20.924490223064108,43.13956088521436,43.163486918807294
2024-03-01 01:00:00,23.18338448979135,45.57166676707991,40.28604099724133
2024-03-01 01:00:00,23.66943350288226,41.06205480094082,40.589746025417085
2024-03-01 01:00:00,22.29310948531269,46.43498224727298,45.96773341645609
2024-03-01 02:00:00,20.732349993653948,48.54546014300133,47.72719047076598
2024-03-01 02:00:00,22.26300464095964,48.28246450247484,49.98080600339464
2024-03-01 02:00:00,25.615600945736983,56.90539843848676,38.53565627529149
2024-03-01 03:00:00,24.291687143104937,49.78595531626326,46.23284123947089
2024-03-01 03:00:00,23.379330378756997,47.21617268645634,46.44999651203437
2024-03-01 03:00:00,22.58084076459802,49.04761188004528,47.54131960983348
2024-03-01 04:00:00,25.60523292167902,57.58552062730204,48.18876658979893
2024-03-01 04:00:00,24.413207147517927,55.053695303740014,53.07044252427466
2024-03-01 04:00:00,23.299367245706204,49.18769534177408,39.50317227551086
2024-03-01 05:00:00,25.98406396594816,53.06604681868925,44.3314205577561
2024-03-01 05:00:00,22.26653496619751,44.14176602483758,42.59485776865817
2024-03-01 05:00:00,23.248065596074635,50.79095399731235,45.30721099807887
2024-03-01 06:00:00,20.55322151750486,58.588530644429554,46.53196194670729
2024-03-01 06:00:00,25.614534640647005,40.251962016723,39.84110295273869
2024-03-01 06:00:00,23.91698351996372,50.0934848260714,48.58579059073292
2024-03-01 07:00:00,23.79611885529852,52.83567781948109,37.32118346122828
2024-03-01 07:00:00,22.5351527777825,41.71074247637873,37.98122336566495
2024-03-01 07:00:00,24.41543910404485,51.67564752383301,47.280820632765
2024-03-01 08:00:00,23.60470245457525,53.46962471744135,34.69295438198275
2024-03-01 08:00:00,21.886361541274987,44.74585136617454,47.60086342419653
2024-03-01 08:00:00,23.86854758721374,45.39383792542273,50.696562913078594
2024-03-01 09:00:00,23.982115841679665,61.49039894358717,53.46904971893783
2024-03-01 09:00:00,25.484995729080044,47.95199014057374,44.83518219765681
2024-03-01 09:00:00,27.682934563833783,55.41169614055399,53.00287292600845
2024-03-01 10:00:00,24.26375014524912,58.73210677975576,45.91056042526025
2024-03-01 10:00:00,23.172295366958355,51.13467477150134,53.513436670820695
2024-03-01 10:00:00,25.45399973516394,51.22018699940116,42.60152126893522
2024-03-01 11:00:00,22.971218133767405,60.35724609540004,44.68123092991823
2024-03-01 11:00:00,24.899324469885155,55.25319048451027,38.680988922951045
2024-03-01 11:00:00,27.61055993886252,46.05098277859514,48.21173141953994
2024-03-01 12:00:00,24.766880945362388,47.913061197475024,42.497881934746594
2024-03-01 12:00:00,23.57286454617966,58.88559895715522,45.946796053155424
2024-03-01 12:00:00,21.510621307155468,48.09253976603802,47.279376214374544
2024-03-01 13:00:00,24.868379117334392,52.72851990149792,51.48035874948077
2024-03-01 13:00:00,24.68864589874912,46.39928474034378,44.94732905723743
2024-03-01 13:00:00,24.760018784760472,41.15977741239843,39.553196355778255
2024-03-01 14:00:00,25.54233492680088,53.322980214361,46.27188354335325
2024-03-01 14:00:00,25.99792977723615,52.33482166133044,48.45530655196746
2024-03-01 14:00:00,26.525426404478782,54.78204635482198,42.91586388994934
2024-03-01 15:00:00,24.76398239103707,52.596812309283166,41.62382191734658
2024-03-01 15:00:00,25.709359429643435,57.974056195634695,50.05082351606232
2024-03-01 15:00:00,22.33260888746836,53.96574379384748,44.76642830077918
2024-03-01 16:00:00,23.576322577025312,44.92461672341737,50.08121209632267
2024-03-01 16:00:00,21.977477405867745,49.219197066304986,43.61856881356725
2024-03-01 16:00:00,25.845868402238345,53.14066582600552,46.1843855998327
2024-03-01 17:00:00,24.631041325072445,51.38220845582185,46.50241524916688
2024-03-01 17:00:00,21.76340311884712,49.59660224369097,45.17991476440629
2024-03-01 17:00:00,26.127253872309023,49.99405810834156,47.71304453511828
2024-03-01 18:00:00,25.432477511524723,53.478386255585725,44.764348672512256
2024-03-01 18:00:00,25.695631382989056,57.47351204769651,50.575557438616926
2024-03-01 18:00:00,25.921437733919337,52.214791608572426,40.66162816580356
2024-03-01 19:00:00,24.553438514553147,47.94860505446987,40.19367346005196
2024-03-01 19:00:00,22.04979030112053,49.84358755115007,29.79196708312632
2024-03-01 19:00:00,27.136369374612208,59.71480432387333,47.829552202345546
2024-03-01 20:00:00,21.2491240676015,44.97238905459974,42.090761017701816
2024-03-01 20:00:00,22.254374325987182,59.44308190267731,37.48684040857975
2024-03-01 20:00:00,27.114509574399808,55.90260947709546,51.54909491433252
2024-03-01 21:00:00,22.597594981840707,53.28521000513409,48.4087343442089
2024-03-01 21:00:00,23.41805898285436,44.807082380213615,43.62055236904768
2024-03-01 21:00:00,23.36540065929949,56.1446356101992,50.54033542222509
2024-03-01 22:00:00,25.30940223654387,49.96143289829346,43.91506807664732
2024-03-01 22:00:00,21.958958729344307,44.75996130803036,41.60898046334906
2024-03-01 22:00:00,26.09697007180986,45.67903374030817,49.62928435008696
2024-03-01 23:00:00,20.97158442178336,49.34221551374427,50.82568851086614
2024-03-01 23:00:00,25.85301603747331,46.29556784649995,35.8973863670989
2024-03-01 23:00:00,24.887238047325017,52.52264149043063,38.892182900211694
2024-03-02 00:00:00,27.156407756124477,59.93335456870883,50.52222140613512
2024-03-02 00:00:00,25.993169466266576,52.13216036593441,49.467069910843605
2024-03-02 00:00:00,23.8924518859446,49.724955267967374,42.68651640077738
2024-03-02 01:00:00,22.35394185446472,53.78447751934001,54.25937642948174
2024-03-02 01:00:00,25.254092649117325,53.47512544614826,35.49214737150845
2024-03-02 01:00:00,23.001874926220005,39.29417055930136,46.076234181636
2024-03-02 02:00:00,24.8295343611674,42.55823953012137,51.03407821228602
2024-03-02 02:00:00,24.70669629933925,56.29973145645069,47.65317091848567
2024-03-02 02:00:00,23.32251973000618,56.97834983767631,47.87549823704944
2024-03-02 03:00:00,24.075526101606307,52.50649238909632,36.31814559194541
2024-03-02 03:00:00,25.79628450752652,48.70904043727454,47.105177516855306
2024-03-02 03:00:00,21.37706938796343,50.33110644960838,51.85150300975014
2024-03-02 04:00:00,26.164827831207003,43.96466754088547,39.00242326854507
2024-03-02 04:00:00,25.286582669606798,56.84626557937002,45.97367266972368
2024-03-02 04:00:00,27.42037441758694,48.684289059848176,32.42019169418342
2024-03-02 05:00:00,28.49649889367158,46.3909834489715,41.17819168799317
2024-03-02 05:00:00,23.986879991220228,61.5324118520128,43.25415963416658
2024-03-02 05:00:00,19.173479582335418,42.22005141425463,35.89637985411214
2024-03-02 06:00:00,25.81196212761389,50.22335674771879,55.84657793175642
2024-03-02 06:00:00,20.232856810454727,51.73513499613539,41.931715355315
2024-03-02 06:00:00,23.248061065971207,58.577183044862906,47.70428127619975
2024-03-02 07:00:00,22.97328379608336,43.86964125814468,47.45641889218503
2024-03-02 07:00:00,23.528325024245444,55.11061701145218,48.43193793338042
2024-03-02 07:00:00,19.597501907043288,49.65910174254236,41.43228027567987
2024-03-02 08:00:00,25.313133517812,45.9479530916308,36.16503030283659
2024-03-02 08:00:00,22.989739536218018,49.11247159271105,44.64748419329806
2024-03-02 08:00:00,24.604856621628063,44.01426309724629,38.898496116062496
2024-03-02 09:00:00,22.14873498698405,48.76223515903086,44.807432755227694
2024-03-02 09:00:00,23.40268675362482,47.58440485894679,47.7144007136984
2024-03-02 09:00:00,25.656087808237064,45.27721528874763,37.25709236707969
2024-03-02 10:00:00,22.425548449237688,43.17579573509197,51.01829092349047
2024-03-02 10:00:00,23.78274799472339,43.7505713632575,48.97701522402502
2024-03-02 10:00:00,23.54880837453949,49.62084585349539,49.77804141163043
2024-03-02 11:00:00,25.894402776165077,44.20337500697247,41.78171713195102
2024-03-02 11:00:00,23.671562737628783,52.676129002513946,36.62629523217922
2024-03-02 11:00:00,23.50984716900861,51.83022231249447,48.25022650541872
2024-03-02 12:00:00,24.5579649536344,50.63893741870945,57.500413448580375
2024-03-02 12:00:00,24.08482117856812,56.433858527646656,45.321338539995736
2024-03-02 12:00:00,22.070175455485582,43.05714502029937,46.69982365776603
2024-03-02 13:00:00,19.669115344583656,56.92924564425125,44.283366406978274
2024-03-02 13:00:00,24.549501118271863,51.19652322132818,43.98084056776281
2024-03-02 13:00:00,24.192118965160947,47.761991547976166,50.82199489872144
2024-03-02 14:00:00,19.894430221620272,45.8248432470203,48.25018562097222
2024-03-02 14:00:00,23.50360468067324,41.47903946037826,54.86080762152308
2024-03-02 14:00:00,24.000647461779465,53.712508979879566,42.094365630156034
2024-03-02 15:00:00,28.228929268103307,44.82155091917672,42.777197397641366
2024-03-02 15:00:00,20.40717373985874,55.45374758254459,42.346608496284325
2024-03-02 15:00:00,21.72102920732646,45.39131097372975,40.83868334572493
2024-03-02 16:00:00,23.5140970653268,52.33369282738309,52.97075127298676
2024-03-02 16:00:00,24.624361827568936,46.3786465068678,47.04818209929305
2024-03-02 16:00:00,25.109803826466077,52.736995708464384,38.47002839677376
2024-03-02 17:00:00,25.06010257803169,54.80586169746677,43.49461378210464
2024-03-02 17:00:00,23.991499255540084,52.25474686049329,39.77383647791447
2024-03-02 17:00:00,23.69619099471707,51.34184161069132,41.75053442556864
2024-03-02 18:00:00,24.34031554182721,55.94295598704866,41.39003183050458
2024-03-02 18:00:00,24.326216159980724,55.24600761802056,45.549748164822255
2024-03-02 18:00:00,20.219142164494414,53.89525677407583,46.16708452180395
2024-03-02 19:00:00,26.533232877717367,52.0826315018725,47.50554030917167
2024-03-02 19:00:00,21.59661622385041,45.33227901464584,54.484482468893006
2024-03-02 19:00:00,27.35245855282457,38.637901135533866,48.66249430406128
2024-03-02 20:00:00,19.219865518860395,42.93430106415288,47.96189068312512
2024-03-02 20:00:00,26.81741471020617,49.25884759817259,33.076996289959766
2024-03-02 20:00:00,24.761905443220638,46.74169699657085,42.39987373749398
2024-03-02 21:00:00,26.18020707536887,45.46936270929605,38.12495509901327
2024-03-02 21:00:00,24.828936903162436,50.94345750655027,45.7309062082352
2024-03-02 21:00:00,27.45053434048884,56.20610780271967,55.50217437121552
2024-03-02 22:00:00,23.602082819552127,52.61294783935941,43.0587431288286
2024-03-02 22:00:00,24.02377173994497,52.23396364928648,46.664990401809774
2024-03-02 22:00:00,24.057921122941718,44.50999878581573,49.512050613123264
2024-03-02 23:00:00,24.640874984491827,47.21154262485253,41.05787900035224
2024-03-02 23:00:00,27.399719680404317,58.736686847988615,40.98355166511847
2024-03-02 23:00:00,27.116382243511666,54.268795708377134,47.51266316976232
2024-03-03 00:00:00,24.87259031028897,55.36547839954381,47.00282679834508
2024-03-03 00:00:00,27.20856287876851,49.01598418094821,46.78177283338992
2024-03-03 00:00:00,24.16085970983604,43.85631130464992,52.001703441597606
2024-03-03 01:00:00,23.43287401552381,47.5756562736539,41.12532081033709
2024-03-03 01:00:00,22.581082372707456,56.088589238938965,41.50752277515875
2024-03-03 01:00:00,22.515979251757063,52.97706469392915,45.383744948188415
2024-03-03 02:00:00,24.46107773579833,44.45464887208031,38.16618096546223
2024-03-03 02:00:00,23.074875804925032,49.690977336769606,38.08976015004551
2024-03-03 02:00:00,21.385787676055337,49.946038819173495,38.95022436001664
2024-03-03 03:00:00,25.133164100047157,36.3195657851649,37.74540028144012
2024-03-03 03:00:00,27.21858875005044,53.31764479078354,46.477728836416
2024-03-03 03:00:00,22.97472294332298,60.90817749515751,47.60840824460328
2024-03-03 04:00:00,22.39648671897628,47.38848574408595,36.89857935624848
2024-03-03 04:00:00,27.208648458686746,44.83193130557856,41.240248060125765
2024-03-03 04:00:00,24.506287062080805,50.00267559499461,46.41419938399921
2024-03-03 05:00:00,19.74029380247998,54.95396888653847,45.61943059395935
2024-03-03 05:00:00,24.156643118191603,50.4070901510212,42.15487515483464
2024-03-03 05:00:00,24.622537296128492,45.81150650189817,36.883056317959785
2024-03-03 06:00:00,22.4421896553137,49.85997420142253,43.92366757448968
2024-03-03 06:00:00,21.38292207909412,50.980975334018325,47.845457264442906
2024-03-03 06:00:00,23.7659943103946,54.02314344511432,44.182575097119205
2024-03-03 07:00:00,24.50694167197667,46.327328329247045,37.37085343963359
2024-03-03 07:00:00,24.256061712615796,50.22068637909445,45.24629952676411
2024-03-03 07:00:00,23.35486178001674,56.31294922558866,41.7276422058431
2024-03-03 08:00:00,27.211535843194422,53.96613416749108,40.07734850975522
2024-03-03 08:00:00,22.5388534605842,57.96282677389903,46.68619227566954
2024-03-03 08:00:00,23.975818945939885,47.996123298399496,37.38230356064151
2024-03-03 09:00:00,22.913098144693542,42.3581019875363,46.71640902589179
2024-03-03 09:00:00,26.057190050328188,41.68281069557885,34.46574637893638
2024-03-03 09:00:00,25.32525292782505,39.483619982061526,46.64030669773073
2024-03-03 10:00:00,22.57856649677644,50.19763421636628,41.76365681003994
2024-03-03 10:00:00,23.015577438157493,45.37365618181272,45.94153001053056
2024-03-03 10:00:00,20.751564761925337,56.170727231799,40.799190585416994
2024-03-03 11:00:00,22.578448514787112,53.78335668688486,45.98583370031958
2024-03-03 11:00:00,22.642468463992454,47.911481187716205,49.441200640696096
2024-03-03 11:00:00,21.075132141818123,57.02095825526916,47.09744218366405
2024-03-03 12:00:00,23.75113549551207,42.735120150274106,39.23531750790802
2024-03-03 12:00:00,23.70645256075693,60.00998139503819,41.37568397693512
2024-03-03 12:00:00,24.242480742127032,52.61298191232751,45.346185671933725
2024-03-03 13:00:00,22.87923617527294,38.03449000488838,51.84894093248661
2024-03-03 13:00:00,23.238125414828225,53.94736869268922,54.73156548154846
2024-03-03 13:00:00,22.74543340881748,47.921013181680415,39.00047155922962
2024-03-03 14:00:00,23.70619254803568,51.82720840085529,49.41176306099549
2024-03-03 14:00:00,23.587127294762453,51.52897674435047,44.107791672472665
2024-03-03 14:00:00,27.764281280972483,48.01902545222738,42.58732389452316
2024-03-03 15:00:00,24.1958863408904,53.29052592725218,46.07109162485249
2024-03-03 15:00:00,25.65227333600911,46.94031529295017,43.990679087139576
2024-03-03 15:00:00,21.123483306957397,50.35635355121828,42.59465678826499
2024-03-03 16:00:00,22.642581416569985,55.65764362563171,45.73633534516559
2024-03-03 16:00:00,25.93835284174525,48.05361722188864,33.070445446410844
2024-03-03 16:00:00,25.45993520483586,58.01851814713832,46.31403498869291
2024-03-03 17:00:00,24.295013483871752,46.77964225595623,36.200635314208014
2024-03-03 17:00:00,25.76891095095995,51.13022360521932,37.707052465236416
2024-03-03 17:00:00,26.630987712443588,44.45463816522102,46.17168988133296
2024-03-03 18:00:00,23.94708876708333,52.76207721307477,34.797369833897264
2024-03-03 18:00:00,25.530919105190097,47.57536965245511,35.11347922585107
2024-03-03 18:00:00,20.998128747975656,52.465379918326285,38.95977959383304
2024-03-03 19:00:00,20.426937789513904,41.2843800239848,39.39522008236443
2024-03-03 19:00:00,25.0715980145758,59.03473951207181,38.68899991302672
2024-03-03 19:00:00,25.965004242018114,52.97897624333971,38.993885631302646
2024-03-03 20:00:00,24.790714166252197,48.105960930759714,58.584319116828624
2024-03-03 20:00:00,21.565256656189085,47.47212782572995,44.01380555808217
2024-03-03 20:00:00,21.172561616002465,40.82077004963785,43.63182086932832
2024-03-03 21:00:00,21.759612466621466,43.29802388617436,50.29601848201565
2024-03-03 21:00:00,25.11671339293555,45.10982782984623,46.452155443732856
2024-03-03 21:00:00,23.657886888162476,50.58866257891782,49.11105176085008
2024-03-03 22:00:00,20.34216305888892,49.63161774522989,46.21497767190249
2024-03-03 22:00:00,23.545833354324063,45.355860478411735,43.62443215204687
2024-03-03 22:00:00,23.58166046071195,48.06223504219345,49.708646814629205
2024-03-03 23:00:00,28.243704751823383,44.50697495432502,52.793783907596
2024-03-03 23:00:00,22.22953176829657,59.48321167142475,40.6275171333553
2024-03-03 23:00:00,24.791081708512102,56.83100428360727,49.71059450238881
2024-03-04 00:00:00,22.908244432183903,45.18615833881734,36.59229418884857
2024-03-04 00:00:00,24.26684347500027,52.70252285507508,41.36294753344692
2024-03-04 00:00:00,24.620534113898948,50.56426043296821,50.21378828445598
2024-03-04 01:00:00,25.76847495475576,54.84276680249259,49.36235837553941
2024-03-04 01:00:00,22.495700468629664,46.05228532435805,49.65542911495005
2024-03-04 01:00:00,26.00846262849139,54.75366616214315,41.400842175391965
2024-03-04 02:00:00,20.945137767016234,52.127446918084026,44.09417772194151
2024-03-04 02:00:00,25.02710662256554,53.47173630998873,56.7205319308735
2024-03-04 02:00:00,23.83730592116448,46.334679541166665,51.18380640363198
2024-03-04 03:00:00,21.166120069444244,50.81319546331504,43.78901604555358
2024-03-04 03:00:00,24.97226378523994,50.91772756358777,46.43899284355003
2024-03-04 03:00:00,24.226969051786597,56.133923693385526,56.34896022606807
2024-03-04 04:00:00,23.65705038326835,50.77712509234196,55.70661010843601
2024-03-04 04:00:00,25.190416853979475,57.0073385990996,45.26146506418835
2024-03-04 04:00:00,23.268709521878574,59.00603481594622,44.567577631454725
2024-03-04 05:00:00,25.24804896714677,49.57872095260161,46.70345286986976
2024-03-04 05:00:00,25.70192142296971,51.52178977502745,54.23713608893311
2024-03-04 05:00:00,24.788924682787005,50.75335302527568,45.98560258085744
2024-03-04 06:00:00,21.621079043536863,59.35527914098204,49.10801515803725
2024-03-04 06:00:00,27.90764132363413,48.011270207393245,37.424219768738354
2024-03-04 06:00:00,21.835147396274795,48.710731951718,41.087702983393925
2024-03-04 07:00:00,24.628054241196025,50.50989825482591,43.03654970330793
2024-03-04 07:00:00,23.574710115665503,44.867164854684674,46.843612129838405
2024-03-04 07:00:00,23.198409097943355,47.27161500110154,45.32550221704557
2024-03-04 08:00:00,23.3250711413006,47.63454541234924,47.84288436373511
2024-03-04 08:00:00,24.048742313958552,55.72875915566279,41.93670904228503
2024-03-04 08:00:00,21.29839391567727,47.49952259515023,45.52178429932534
2024-03-04 09:00:00,22.17487192061248,43.02937685406481,43.864770180298166
2024-03-04 09:00:00,24.336638164768008,46.589098162086536,50.08524492399981
2024-03-04 09:00:00,23.689937625731933,49.96978274244896,46.34209500721307
2024-03-04 10:00:00,23.39707938532743,49.799816651615664,41.10477013276688
2024-03-04 10:00:00,26.440166557956463,43.94450003522024,41.78074427020017
2024-03-04 10:00:00,21.22484284376573,50.85229329555114,45.79930914026898
2024-03-04 11:00:00,25.57693053212691,44.62051405510667,43.67279720241453
2024-03-04 11:00:00,25.24562359998914,41.8921813193468,53.19330255675749
2024-03-04 11:00:00,25.670148792818285,55.536095144923856,44.495067555195206
2024-03-04 12:00:00,26.242614025735268,47.00781228810387,50.37307175965199
2024-03-04 12:00:00,24.16657924447559,58.04728032997281,50.7391707081176
2024-03-04 12:00:00,25.15573669620857,43.8134366020343,50.41035888197413
2024-03-04 13:00:00,28.18761710423339,35.814901060832355,50.35713457453188
2024-03-04 13:00:00,25.7588044645238,53.60273656790292,44.66065567659568
2024-03-04 13:00:00,25.01930634336601,46.65058696653016,55.61046171117714
2024-03-04 14:00:00,26.85193532786877,44.13503421099511,48.48716314223609
2024-03-04 14:00:00,23.389763369709065,49.29183432560045,51.42648315180525
2024-03-04 14:00:00,25.79676517941327,53.42035432332937,46.94958327296359
2024-03-04 15:00:00,23.058395858550565,57.65452693355351,46.16744236937049
2024-03-04 15:00:00,25.08176622728156,56.42113807768243,44.31428826960756
2024-03-04 15:00:00,23.533568766109894,53.88702447840815,42.40917050249677
2024-03-04 16:00:00,25.071662855518465,45.54397681061878,44.046778460411744
2024-03-04 16:00:00,24.169875448927225,48.14415614957321,40.52613389612057
2024-03-04 16:00:00,25.226912313912035,52.99026053454725,43.90357995857695
2024-03-04 17:00:00,27.510872970490844,51.3944173887344,52.10866834340916
2024-03-04 17:00:00,24.532487796658543,45.65289961538807,40.71503174091188
2024-03-04 17:00:00,19.21427150209394,41.67501105178583,41.64430511669111
2024-03-04 18:00:00,22.19195889965424,49.866567287465,44.51487808913496
2024-03-04 18:00:00,25.226310882053813,50.43743263253731,41.97121594677235
2024-03-04 18:00:00,26.69819648977468,57.593595778067,54.61185702067823
2024-03-04 19:00:00,23.724831868955327,55.50082243347053,53.66070458468232
2024-03-04 19:00:00,22.058686335839035,49.060023911407,42.27344323061888
2024-03-04 19:00:00,20.048480116824983,50.75748437971553,42.13190131984945
2024-03-04 20:00:00,23.116313293529693,51.91061528714568,49.42809540495137
2024-03-04 20:00:00,23.46709717316041,47.863533912391446,54.756260098873895
2024-03-04 20:00:00,21.950008918957906,53.15560868413489,47.56938079384316
2024-03-04 21:00:00,20.09908908408346,51.06758193908087,45.86926087889196
2024-03-04 21:00:00,23.450802959561887,43.67220830147106,47.2963382963478
2024-03-04 21:00:00,20.977725753635664,49.02129243685486,47.44252174815182
2024-03-04 22:00:00,23.15648461012593,51.6478056666657,46.86251101657568
2024-03-04 22:00:00,25.61390740274536,49.33077638666922,49.64511147436252
2024-03-04 22:00:00,22.82926022842032,46.74950651961866,45.93908454211474
2024-03-04 23:00:00,26.97613512420128,50.23004268855579,48.92214207302435
2024-03-04 23:00:00,29.44600345060456,40.189339552674646,48.487680481994765
2024-03-04 23:00:00,22.823050668250268,58.35561848906804,38.67512273706807
2024-03-05 00:00:00,25.53948101134328,50.20768446298158,38.12727891538191
2024-03-05 00:00:00,20.48091953787548,47.45987171931944,45.78205968256656
2024-03-05 00:00:00,20.9965462379484,47.46422477814971,45.05703334825431
2024-03-05 01:00:00,23.65849578655191,53.66469784654187,45.26953899379735
2024-03-05 01:00:00,26.28972404078749,55.1025237275687,39.320110333204326
2024-03-05 01:00:00,24.965674706865656,55.49105996123472,37.81326259502292
2024-03-05 02:00:00,21.8114319683894,56.11852852331953,49.51918674063328
2024-03-05 02:00:00,21.5894162697616,48.570977217984506,48.41107850704016
2024-03-05 02:00:00,22.573662447408505,50.68067773104205,42.55030034499262
2024-03-05 03:00:00,24.23875853714529,42.52339471641572,49.29905538515527
2024-03-05 03:00:00,23.60217918848109,40.49737723091035,34.07181943161919
2024-03-05 03:00:00,26.76991255041498,41.67956567815803,48.21635678069634
2024-03-05 04:00:00,24.79440457434996,56.55184991844262,61.06698943930822
2024-03-05 04:00:00,20.472747863318865,61.35499878741916,38.071085616492326
2024-03-05 04:00:00,23.994455950006422,50.05892571873279,36.37145448509729
2024-03-05 05:00:00,20.298628949259736,46.20988857749887,45.10625009637248
2024-03-05 05:00:00,23.509450142982622,54.55872540264593,50.40319024688197
2024-03-05 05:00:00,21.40689574241692,56.68426927243213,35.27416486651912
2024-03-05 06:00:00,21.877215428940488,57.46590861103392,39.55115423398845
2024-03-05 06:00:00,19.941526862735536,44.24657194798133,45.19081393144025
2024-03-05 06:00:00,23.133281435606147,52.59016952395771,49.64123045749975
2024-03-05 07:00:00,24.203435932760502,50.03261079190936,35.430073491041846
2024-03-05 07:00:00,21.666281612966177,52.796910008226334,45.76997413838311
2024-03-05 07:00:00,24.88206468068756,56.136118574953706,52.54880969155008
2024-03-05 08:00:00,23.056409078052138,48.397746493853134,44.52689530233592
2024-03-05 08:00:00,23.893784377282618,45.9045241307892,41.91540351344366
2024-03-05 08:00:00,24.970348406668226,46.07319979127265,45.60786273071525
2024-03-05 09:00:00,23.21376488789403,46.04189792895845,38.49751509824499
2024-03-05 09:00:00,22.245658184168228,41.66469453985743,49.89204798604681
2024-03-05 09:00:00,23.112953344167437,42.18693139672032,47.30293065027378
2024-03-05 10:00:00,23.44413859440935,47.337570272865,38.068261935865394
2024-03-05 10:00:00,21.78928572393236,46.516740530160384,44.09630784808248
2024-03-05 10:00:00,25.31921951976464,53.50476325694803,45.0667243396395
2024-03-05 11:00:00,23.40285912997066,46.11975623126225,40.98888339712213
2024-03-05 11:00:00,21.69892890524204,44.74371866261097,43.636828983601205
2024-03-05 11:00:00,24.54051800333905,57.217070513575855,37.2017555869
2024-03-05 12:00:00,24.665937092242004,51.85348728252293,49.393320736875154
2024-03-05 12:00:00,23.80872016819167,45.37650923520433,43.11235361049784
2024-03-05 12:00:00,21.6903534929514,54.325636200535314,38.50740907251729
2024-03-05 13:00:00,22.917608839189256,49.75804699844629,43.28532214711557
2024-03-05 13:00:00,19.98661011371573,51.57890048839514,51.68559358532614
2024-03-05 13:00:00,24.530123798556943,49.81150028932581,46.76782836156534
2024-03-05 14:00:00,26.315422317141763,48.90463890464589,38.95397157806926
2024-03-05 14:00:00,24.862676602840832,50.076580075930224,31.107221950335266
2024-03-05 14:00:00,20.19019386412826,51.1420652039857,33.78436367517473
2024-03-05 15:00:00,24.93647719557892,43.84228243201727,54.417421827196776
2024-03-05 15:00:00,22.010799802145897,51.72925180793533,34.55222171862674
2024-03-05 15:00:00,23.36838219421549,51.38947153296947,47.19841146662286
2024-03-05 16:00:00,20.04771878347227,55.30666982446708,42.61368116856236
2024-03-05 16:00:00,25.0210701359259,50.59189966183117,45.302965878052255
2024-03-05 16:00:00,25.260995290670444,50.43845989351576,43.95206514718598
2024-03-05 17:00:00,22.513112999286776,52.56971475421123,47.03425570802249
2024-03-05 17:00:00,21.286960444723388,53.59930374317889,46.21047867564404
2024-03-05 17:00:00,23.80234717084761,53.13877883280512,50.16804903479975
2024-03-05 18:00:00,26.38326564385044,51.07462828886263,46.40224997309865
2024-03-05 18:00:00,22.169248854527545,53.13477634470076,42.41074233845198
2024-03-05 18:00:00,25.423574372913265,60.153044153765,44.708114350826406
2024-03-05 19:00:00,24.753320662889564,51.96789679951014,48.8916079628838
2024-03-05 19:00:00,23.5569240942709,44.50946042237384,41.2309004726396
2024-03-05 19:00:00,25.410281932649017,52.32601774862304,41.368773870193465
2024-03-05 20:00:00,21.888565401884893,47.323242128619526,48.34393663830684
2024-03-05 20:00:00,24.443436445511104,56.01861495660068,46.440170262519175
2024-03-05 20:00:00,23.750613936077023,44.20234765141757,44.76415201160861
2024-03-05 21:00:00,23.60350745854433,50.78654908857957,43.73440816408812
2024-03-05 21:00:00,25.149777424534804,50.860044918454186,34.92114258651959
2024-03-05 21:00:00,24.62261736045193,53.28664757519125,46.32014081795119
2024-03-05 22:00:00,25.87158118354061,45.26583566596233,44.2843941509541
2024-03-05 22:00:00,24.87112196116089,45.72266043566415,46.12475455210495
2024-03-05 22:00:00,23.96017830576928,50.416748665666965,41.57886087365588
2024-03-05 23:00:00,26.371755195537325,49.51727936205744,48.505480949363104
2024-03-05 23:00:00,27.4348242021089,47.21289446136538,41.56418962214436
2024-03-05 23:00:00,25.873004813570795,48.45075845747684,51.63537789784076
2024-03-06 00:00:00,24.688006456619814,54.85284794770748,41.7755573028329
2024-03-06 00:00:00,23.246264191522812,48.47975280150161,47.56410624685104
2024-03-06 00:00:00,26.13364648726336,42.40632143699028,42.24136224375184
2024-03-06 01:00:00,24.13753501313789,42.53847967682802,47.606311095691936
2024-03-06 01:00:00,27.90904670118468,51.8926273866968,47.776097940905686
2024-03-06 01:00:00,23.682437361860394,39.49998665121917,44.55989351404018
2024-03-06 02:00:00,21.52957012267456,49.43942042723474,44.30152717203469
2024-03-06 02:00:00,21.359224370554323,46.44633420589289,39.085326874472834
2024-03-06 02:00:00,22.737975088300992,54.47386520138679,35.8560565735281
2024-03-06 03:00:00,26.60670498495904,53.7539310124322,50.37336538935643
2024-03-06 03:00:00,25.806114354687704,56.17758289159456,42.029785784905926
2024-03-06 03:00:00,26.68700779250214,49.460432369921854,47.54491599350618
2024-03-06 04:00:00,22.9630461124583,57.10787383486175,44.635143443034735
2024-03-06 04:00:00,23.339492687876074,44.57462481067088,51.32552177387013
2024-03-06 04:00:00,19.792020012329147,53.73380034700868,44.21306725620615
2024-03-06 05:00:00,22.709672322820083,51.3683283269477,52.772335750146325
2024-03-06 05:00:00,24.411797591808767,45.65983416828224,43.988740291419504
2024-03-06 05:00:00,25.553159602702035,48.06360495786639,40.08980581834529
2024-03-06 06:00:00,22.94330461695127,44.47685908772261,40.232908793624674
2024-03-06 06:00:00,22.824098695385526,51.426826055283456,46.4115503150444
2024-03-06 06:00:00,23.929060727061103,52.88705377124717,46.32573263809884
2024-03-06 07:00:00,22.751865902995576,49.92756003597216,44.22400207708837
2024-03-06 07:00:00,21.931171252359167,58.75576658758919,49.39787437800775
2024-03-06 07:00:00,26.334505882533392,47.5614459707732,54.76235892107093
2024-03-06 08:00:00,25.272516336172806,45.96861204455151,51.40120920261682
2024-03-06 08:00:00,24.449472799477977,50.78329444039889,38.82199715798769
2024-03-06 08:00:00,24.700569665041744,56.23827626006205,45.74454986041231
2024-03-06 09:00:00,22.1560754679591,46.65720628405969,46.75510707517613
2024-03-06 09:00:00,24.577473061050444,57.26925554861743,44.10400318412367
2024-03-06 09:00:00,23.79493852590261,48.73267233008265,45.42679716668704
2024-03-06 10:00:00,25.318038249998725,49.63616901113871,42.49356957244857
2024-03-06 10:00:00,25.257751125652,42.30054685148286,38.56233225593194
2024-03-06 10:00:00,23.38924997047048,42.28210900423082,42.47209121108518
2024-03-06 11:00:00,23.34811588001227,40.384089233351546,38.62129353440003
2024-03-06 11:00:00,28.21011760017716,54.87087820682463,40.49635396726863
2024-03-06 11:00:00,24.323662067473556,46.17834917533074,47.98706492512224
2024-03-06 12:00:00,21.900864236552472,44.19083014279352,36.70579759911432
2024-03-06 12:00:00,24.494425361254343,53.71419976898345,51.92232285011904
2024-03-06 12:00:00,21.972245637448808,52.20828984570639,40.30090523750751
2024-03-06 13:00:00,26.18329642193377,54.25753859048653,45.06830856027157
2024-03-06 13:00:00,25.379910308163804,52.85878113567154,43.71185333385295
2024-03-06 13:00:00,21.35608675984017,46.68358523287467,47.94059291154042
2024-03-06 14:00:00,24.625196339145862,54.81165784107269,48.77685515624479
2024-03-06 14:00:00,26.04504664016089,47.87741433885972,35.398738518160826
2024-03-06 14:00:00,26.27337132327568,48.079817027061786,41.25446988530308
2024-03-06 15:00:00,24.47360222663023,60.547336830456885,48.86409117993912
2024-03-06 15:00:00,24.776619289206725,52.01911492808483,43.2511095663568
2024-03-06 15:00:00,24.77262884572585,51.688664005310585,45.71352461480211
2024-03-06 16:00:00,22.85429746696614,44.91867787726801,44.364285806451534
2024-03-06 16:00:00,24.38079154789236,49.1158805775259,37.56233666520174
2024-03-06 16:00:00,27.55958084988476,59.74545246785682,42.90902146892169
2024-03-06 17:00:00,26.477849808693016,45.00613586417354,47.108374227813485
2024-03-06 17:00:00,23.66265667763055,54.888391201511,46.51389711831664
2024-03-06 17:00:00,24.7671947794516,45.4025804856524,48.2526864117238
2024-03-06 18:00:00,21.643993324033172,53.12543187435934,43.83959752443875
2024-03-06 18:00:00,25.294325781315884,46.786287776477,42.971480083690494
2024-03-06 18:00:00,24.736811926064664,55.37966727910033,29.727171235734165
2024-03-06 19:00:00,22.718387095085507,46.10446796720784,45.879037229634925
2024-03-06 19:00:00,23.221044085948435,47.31923085307771,42.24772653545921
2024-03-06 19:00:00,23.823939329983745,52.04973614137778,36.160872111943405
2024-03-06 20:00:00,26.489179615080577,44.28136555053097,45.10448537905867
2024-03-06 20:00:00,22.71514733474103,51.4596648474089,47.490025385346655
2024-03-06 20:00:00,26.888593204376814,46.42064562460801,52.09241369901422
2024-03-06 21:00:00,23.87296854810812,51.72952698610392,47.12504223512846
2024-03-06 21:00:00,20.414283531143774,47.771615413162166,36.758047631771134
2024-03-06 21:00:00,23.35794093193813,46.19135761504327,44.207316788869946
2024-03-06 22:00:00,23.2493385255448,48.27804405892717,39.03926684560966
2024-03-06 22:00:00,24.545645315239884,42.61605731745934,41.86393792156093
2024-03-06 22:00:00,26.483060291376685,43.19996510063722,50.12822972495378
2024-03-06 23:00:00,26.011784728523057,48.765569562144826,48.20748830616449
2024-03-06 23:00:00,22.840894977189443,45.56990105142548,42.92286317707421
2024-03-06 23:00:00,25.39665194459037,51.014912808055946,43.880527615388935
2024-03-07 00:00:00,23.93948157589418,47.76999988387875,51.56836968546009
2024-03-07 00:00:00,26.224026175383244,49.09654785346602,43.71844414368975
2024-03-07 00:00:00,25.097207722622937,58.9072667627247,44.72356913938185
2024-03-07 01:00:00,24.12133987807448,46.05396022619501,45.89944495353608
2024-03-07 01:00:00,22.494819038682365,55.88739272447623,49.24959777300792
2024-03-07 01:00:00,26.49331099732133,49.61836327742804,46.007578344731
2024-03-07 02:00:00,23.334105152608032,45.3859994653938,48.03808608974099
2024-03-07 02:00:00,24.215336019919484,48.20789465185651,52.34273615389933
2024-03-07 02:00:00,19.372943046233,50.89654394593536,51.996257617284144
2024-03-07 03:00:00,21.1866700457561,56.39755802408178,53.32365108012822
2024-03-07 03:00:00,22.91308142498001,48.2186735648827,43.98181103756721
2024-03-07 03:00:00,28.16397590979095,46.17547495427908,35.157749179079275
2024-03-07 04:00:00,21.89747625422816,48.815979706338005,46.06305887153105
2024-03-07 04:00:00,24.75010022878418,52.7833857489824,46.53227198473398
2024-03-07 04:00:00,23.394812527683243,60.5884109753849,55.050975083755176
2024-03-07 05:00:00,27.439506179799483,51.959387973194765,45.02640852685931
2024-03-07 05:00:00,25.51234162496608,58.23387092872339,40.65519981730323
2024-03-07 05:00:00,22.677137916685204,44.659063333893336,48.70107396117502
2024-03-07 06:00:00,24.06490164082441,55.69598538467629,48.06732095977605
2024-03-07 06:00:00,29.26739578561672,44.82295085336072,47.433895756890486
2024-03-07 06:00:00,22.60768306660257,44.39636567927698,41.98745223984766
2024-03-07 07:00:00,23.02151040472568,50.756611885827,44.22246631556427
2024-03-07 07:00:00,23.449612375844666,48.18674099292151,44.02471166645712
2024-03-07 07:00:00,23.48482336709476,48.64173044742408,41.71982426895149
2024-03-07 08:00:00,21.64107641457413,51.05332178738429,51.13855777107191
2024-03-07 08:00:00,23.62979510157934,53.55302063578898,46.60944732593441
2024-03-07 08:00:00,24.051456690936305,48.853282243381344,45.607436623686255
2024-03-07 09:00:00,25.884556199056984,43.17791351107113,45.85144815586705
2024-03-07 09:00:00,26.484015852049257,49.00871317377212,48.5873282810384
2024-03-07 09:00:00,24.560150956699157,46.32648838112421,49.358751648888216
2024-03-07 10:00:00,24.784967923866382,43.183863493990025,42.936624792282856
2024-03-07 10:00:00,21.468245353581047,47.56013575605644,46.76002676654228
2024-03-07 10:00:00,27.22321691566703,46.92490064274581,52.67053626785439
2024-03-07 11:00:00,25.204344239330307,49.618323921207775,49.6920477427223
2024-03-07 11:00:00,25.380170239611186,51.62165321928536,48.10287512123624
2024-03-07 11:00:00,24.939674511103192,53.33331218108294,48.91656034324874
2024-03-07 12:00:00,22.86317357075877,56.4184521637874,39.87147979393626
2024-03-07 12:00:00,21.971498196590705,52.779899630040845,44.90830933140662
2024-03-07 12:00:00,24.24899912195775,48.5732683777029,50.38914180998859
2024-03-07 13:00:00,24.03808165448281,48.30488594014722,45.32515115421034
2024-03-07 13:00:00,25.95205848582985,40.44045058585335,41.52182927853815
2024-03-07 13:00:00,24.015203060671134,43.66856589226016,39.90617247565911
2024-03-07 14:00:00,23.259999445601157,38.72164708980878,49.84502862954618
2024-03-07 14:00:00,25.10662227597118,53.69184624133872,48.317715354375125
2024-03-07 14:00:00,25.76983216550082,48.6772710805076,44.71952529652313
2024-03-07 15:00:00,22.720673753838724,51.62770022573008,42.05847992793545
2024-03-07 15:00:00,21.637172734678007,49.94185183770443,48.45746083891871
2024-03-07 15:00:00,22.343068144105025,55.98866301830116,42.30024343288119
2024-03-07 16:00:00,22.982530227176827,57.51858849860657,49.29653594191182
2024-03-07 16:00:00,22.8268786121272,56.65118386475579,65.58618853526644
2024-03-07 16:00:00,23.81833642771697,47.51237446075806,31.456217646035302
2024-03-07 17:00:00,24.665179341333875,46.62250831912107,42.58160961874294
2024-03-07 17:00:00,23.18360146098866,45.4457444997059,50.37798291576866
2024-03-07 17:00:00,23.01700598898764,57.51610248932286,43.93130296434734
2024-03-07 18:00:00,25.715278580760277,50.4141969816543,39.628102957852775
2024-03-07 18:00:00,25.35291553117224,51.68219738511699,47.82771398195453
2024-03-07 18:00:00,24.425443458478902,58.42553963134613,47.4913266707248
2024-03-07 19:00:00,22.22841055648696,42.19527048203147,48.42556327420354
2024-03-07 19:00:00,24.64814114804132,48.095829173440784,43.12533745204143
2024-03-07 19:00:00,22.529860890989564,40.689416045189446,42.503775819364606
2024-03-07 20:00:00,24.768208270037817,50.85271560675601,39.22794791893034
2024-03-07 20:00:00,21.797697343908183,59.624455760888665,42.6913339253697
2024-03-07 20:00:00,26.17217664037334,48.48394390132528,34.46616388705708
2024-03-07 21:00:00,27.57893567862668,52.16232215135544,45.94405895884324
2024-03-07 21:00:00,24.02886136335576,41.61945468194018,43.39920242270286
2024-03-07 21:00:00,24.160722449279984,49.84294270243412,49.81257760097486
2024-03-07 22:00:00,21.671394580331764,49.056796216616526,38.55143098161685
2024-03-07 22:00:00,24.956782947069115,39.71560392334642,42.43204653498454
2024-03-07 22:00:00,22.889296404415344,41.8702262779675,50.13951196115542
2024-03-07 23:00:00,25.836350816550244,51.46636490610906,57.08925463125317
2024-03-07 23:00:00,22.855823023361488,50.04980436174876,39.64865893266422
2024-03-07 23:00:00,24.106911502874052,56.73209382474073,47.86949488979407
2024-03-08 00:00:00,24.043898112603333,52.96999843163592,50.41423117043889
2024-03-08 00:00:00,19.771456826754143,52.36869759740305,45.838888798205765
2024-03-08 00:00:00,22.438874519894675,49.01704516402823,34.04315277636888
2024-03-08 01:00:00,22.754238592401304,48.7377595172183,42.114840661518215
2024-03-08 01:00:00,24.777297314547997,54.55360577813416,50.3102571420236
2024-03-08 01:00:00,22.263533418736653,52.09739953565129,38.38746949198661
2024-03-08 02:00:00,25.24699811234765,59.0352852946621,43.999305247829845
2024-03-08 02:00:00,24.3873205381655,50.27208942008119,43.61432631200861
2024-03-08 02:00:00,23.86076493490986,53.70393224148279,39.73165359710226
2024-03-08 03:00:00,24.54669178258397,52.7203635232032,42.08337304604315
2024-03-08 03:00:00,18.726747067551365,46.75948911693095,51.31703237777415
2024-03-08 03:00:00,24.321344368512907,43.33305686578464,54.53954216019776
2024-03-08 04:00:00,24.250563087149235,50.73591609636819,45.47417178973151
2024-03-08 04:00:00,25.315896692511192,50.03037539246084,39.54465126514962
2024-03-08 04:00:00,22.02069720695448,53.10773550034754,47.20754139730682
2024-03-08 05:00:00,27.31845371849998,40.84448294688262,51.40555853843053
2024-03-08 05:00:00,21.3394705934342,45.87754823659994,44.4743215462053
2024-03-08 05:00:00,23.62897660541933,51.066747622429375,46.56552707735679
2024-03-08 06:00:00,26.094520773759417,53.43289173187093,40.7526067190006
2024-03-08 06:00:00,24.6843479222783,49.006848437420274,52.367705590851045
2024-03-08 06:00:00,25.656820411175904,53.17077421888514,46.98377635738686
2024-03-08 07:00:00,22.21200881373421,44.03155694827061,42.39871599019593
2024-03-08 07:00:00,24.268912179399468,54.18660053782813,40.812823335347545
2024-03-08 07:00:00,27.92119137952388,50.042109513022325,42.12667069489609
2024-03-08 08:00:00,21.69136796506556,60.35350721804394,33.93418421452332
2024-03-08 08:00:00,22.09579285583358,58.43320983901696,45.54421297266703
2024-03-08 08:00:00,24.82429961628217,53.15132636540624,50.13984977593143
2024-03-08 09:00:00,28.230777049682068,48.74736648812223,40.98828590672566
2024-03-08 09:00:00,24.60102283295996,54.38025835873782,41.86389939369558
2024-03-08 09:00:00,23.988896691029517,45.728227240230574,45.97625976129326
2024-03-08 10:00:00,21.93310314283683,40.76295712638119,41.149540871501614
2024-03-08 10:00:00,20.010109406621897,48.7183456759492,46.75260208238337
2024-03-08 10:00:00,23.441647913930048,46.200033001222565,42.02959378429048
2024-03-08 11:00:00,25.884137031260384,46.95843019831629,39.19663087139502
2024-03-08 11:00:00,25.913228082455237,41.1938241224496,45.03058529045225
2024-03-08 11:00:00,25.90274387089553,52.25398511375485,55.66830963222082
2024-03-08 12:00:00,22.750363228020596,42.9540116802917,42.48065312225089
2024-03-08 12:00:00,24.799885850073544,52.06371562779749,36.74953630757792
2024-03-08 12:00:00,22.988633299737565,47.32775538700344,47.760188451026295
2024-03-08 13:00:00,26.557313175129856,57.85938294830064,43.18538339128983
2024-03-08 13:00:00,25.86894827849444,48.03845572861858,46.62094235663615
2024-03-08 13:00:00,22.742364163250866,54.50009104996779,53.0716049819352
2024-03-08 14:00:00,24.411004717402204,45.08503102720209,55.893464367295024
2024-03-08 14:00:00,21.47102900762708,42.1558995997314,41.68352053746096
2024-03-08 14:00:00,25.815793011763624,55.31473028045343,53.163256904473286
2024-03-08 15:00:00,26.96756321892516,47.43435536261786,39.89755370155869
2024-03-08 15:00:00,26.42402125134942,50.51159914416792,43.47015734316627
2024-03-08 15:00:00,26.26329150796409,57.62526335562307,48.95666310007329
2024-03-08 16:00:00,24.385150792676896,47.00698805276952,37.94958007409976
2024-03-08 16:00:00,28.2889901479746,34.90546347382998,46.01026161143737
2024-03-08 16:00:00,26.4174199098432,54.78150798513569,46.15082731873879
2024-03-08 17:00:00,25.234434484489835,50.665689126048754,46.68829044716008
2024-03-08 17:00:00,24.424693230879885,47.956418158686894,45.06599383040379
2024-03-08 17:00:00,24.635754375195848,49.03793795991466,48.5859535549215
2024-03-08 18:00:00,27.202568646243947,49.03738943093525,42.96941101032252
2024-03-08 18:00:00,24.06183727825398,49.943211660689165,41.84950808949614
2024-03-08 18:00:00,21.502349972111467,58.40433793917005,47.22039196321813
2024-03-08 19:00:00,29.161722033409777,51.24687366211319,48.61382677140957
2024-03-08 19:00:00,24.425494608262657,51.34269633846261,40.04780434532838
2024-03-08 19:00:00,22.46795883953071,44.68084441600031,51.088039871650494
2024-03-08 20:00:00,23.15609412839636,47.029065736509246,42.90994790470303
2024-03-08 20:00:00,22.87338002612396,52.917580333498485,38.624243595519424
2024-03-08 20:00:00,27.389079934224085,50.12924703190667,48.69155720164782
2024-03-08 21:00:00,28.618388661034132,34.62240568779529,47.792129285044886
2024-03-08 21:00:00,26.597191826719715,62.4687783165578,54.92600060033194
2024-03-08 21:00:00,25.45866042710718,53.92203309401496,42.08568880586404
2024-03-08 22:00:00,24.800865455154188,37.602396915501785,44.57683202641977
2024-03-08 22:00:00,27.2369259282558,47.887993265944296,46.5610182597257
2024-03-08 22:00:00,22.03552614970181,46.32563001194782,42.83330649111135
2024-03-08 23:00:00,25.34892189382828,49.56270391663492,47.71313654751656
2024-03-08 23:00:00,23.29152785749725,54.022997334760944,39.39486789739652
2024-03-08 23:00:00,22.007770601235823,53.86568903965645,30.676076439891325
2024-03-09 00:00:00,21.914857392641935,55.49136202279535,50.78601455945403
2024-03-09 00:00:00,24.95662877017316,48.67956279538696,37.84657849587799
2024-03-09 00:00:00,25.364628297779824,55.10411779051139,41.51077962585483
2024-03-09 01:00:00,22.38826242956748,52.30585755284565,38.70712377148627
2024-03-09 01:00:00,24.24445789787809,46.257925880427926,51.2803756009118
2024-03-09 01:00:00,24.19012606361032,45.02843493748294,51.08322650475882
2024-03-09 02:00:00,21.77565461729806,47.5401951509628,47.67899783235082
2024-03-09 02:00:00,24.756069141798957,48.95492673188682,42.36092138775908
2024-03-09 02:00:00,28.139465557595727,48.97604944701418,53.99805834829824
2024-03-09 03:00:00,23.07250485111722,42.68760511507772,44.69120505020597
2024-03-09 03:00:00,23.843998363449927,44.44193340734097,42.08810122496767
2024-03-09 03:00:00,22.4263254102592,54.582109184331685,44.532943872322114
2024-03-09 04:00:00,26.38370595655532,43.472395961632,44.661164081334285
2024-03-09 04:00:00,26.253840200099447,46.90716962651655,39.25249942455624
2024-03-09 04:00:00,26.47538190921909,52.9538441970112,47.72075716191767
2024-03-09 05:00:00,20.21233826882676,54.53823185444952,43.87529167734952
2024-03-09 05:00:00,23.00747645953073,55.80942639826306,48.42680482983764
2024-03-09 05:00:00,23.60569430366364,44.606684955562415,43.434567764692446
2024-03-09 06:00:00,25.3898889683986,54.49684724682739,53.02999541941206
2024-03-09 06:00:00,22.537300290512384,51.98416701484711,44.3952087282722
2024-03-09 06:00:00,24.1498550007016,43.29334333240215,46.00282264490804
2024-03-09 07:00:00,20.968128801072886,52.49884733290349,50.795288712640186
2024-03-09 07:00:00,22.97082589112013,50.69382768313296,43.20350128332565
2024-03-09 07:00:00,20.490158637390056,48.31940916913633,41.76367679992498
2024-03-09 08:00:00,25.19939254557946,55.74557635044901,44.82040201981297
2024-03-09 08:00:00,22.99612316408452,45.03152045960491,48.831152711731725
2024-03-09 08:00:00,23.29743135568596,59.45603378860472,51.902364670155016
2024-03-09 09:00:00,23.85389719767196,57.497346694862415,43.32149459511493
2024-03-09 09:00:00,20.763757206755184,50.90158885124464,41.65045327039136
2024-03-09 09:00:00,26.30971505783757,46.70411168683727,41.50488092551958
2024-03-09 10:00:00,27.42895703968152,51.18629640360339,48.26896871930588
2024-03-09 10:00:00,26.583113034076952,41.05344482682051,48.38483715253346
2024-03-09 10:00:00,22.24231195493363,49.36527236048194,34.81722843991011
2024-03-09 11:00:00,24.61355739350667,42.476761652524345,57.00045249532828
2024-03-09 11:00:00,26.366432162774867,48.063735613302,44.642016360507405
2024-03-09 11:00:00,22.806762458653477,54.35027060283338,53.305912902132505
2024-03-09 12:00:00,25.25399630802792,41.66807951267906,44.84505277336356
2024-03-09 12:00:00,25.8539105452546,44.65776133333347,40.81795841286326
2024-03-09 12:00:00,24.191429025501314,48.62394590694032,33.88899398150946
2024-03-09 13:00:00,23.53874726712034,42.93612926039249,45.335526179078734
2024-03-09 13:00:00,20.814474680478924,43.98923896201215,50.32634662837244
2024-03-09 13:00:00,24.80668415630125,41.65914912410929,48.73068551708575
2024-03-09 14:00:00,25.980832350953342,58.3490196874329,53.08738665251406
2024-03-09 14:00:00,18.41713224307064,52.54960660010542,46.35938113095221
2024-03-09 14:00:00,24.77747134647929,56.38691968980506,53.60186937108761
2024-03-09 15:00:00,24.03263273954129,57.62639591062822,33.73729127784444
2024-03-09 15:00:00,23.25441979986109,58.82580812494416,47.55799570282559
2024-03-09 15:00:00,28.74898567454887,42.35862663813074,48.90965387773853
2024-03-09 16:00:00,21.361687416922667,49.575189738864886,41.25308824967613
2024-03-09 16:00:00,20.931970263067488,38.93898083347463,49.6841857052589
2024-03-09 16:00:00,23.949072856351822,50.039586042480586,44.3943778318086
2024-03-09 17:00:00,23.99668225304357,54.09084936007427,46.88012221122092
2024-03-09 17:00:00,16.86092148510214,44.49108034477339,48.07037593740816
2024-03-09 17:00:00,25.085075997509644,52.28187961651145,37.727417507793184
2024-03-09 18:00:00,25.39080868898459,44.65717692890776,41.3653953726423
2024-03-09 18:00:00,24.20613865476317,58.34559147541095,43.498985669628674
2024-03-09 18:00:00,25.36307215800848,47.37046930772552,43.36590355351544
2024-03-09 19:00:00,27.069174013028267,49.26255680574089,39.53845850534052
2024-03-09 19:00:00,24.302716835512708,49.96612210815355,38.87727611635984
2024-03-09 19:00:00,24.130959429509115,59.90778583883807,41.353297315380814
2024-03-09 20:00:00,22.60899271368752,42.70062091594414,45.77261892155595
2024-03-09 20:00:00,22.846855343158712,46.96148023876071,54.1805333565861
2024-03-09 20:00:00,25.136206130977847,53.60656039999216,40.445242678588194
2024-03-09 21:00:00,20.1791382719918,52.084149222236334,45.01155409303309
2024-03-09 21:00:00,23.28978929769982,46.75851806972249,41.8626630839056
2024-03-09 21:00:00,25.16916800682697,52.03868600056703,50.69570658451648
2024-03-09 22:00:00,24.14397200501497,59.589330302881216,44.97920597159715
2024-03-09 22:00:00,23.93161486967424,53.74420317065457,43.25072893509293
2024-03-09 22:00:00,23.345126004802434,50.55689957270776,41.27809901302907
2024-03-09 23:00:00,24.071636437416554,57.68444382070591,42.48120998198561
2024-03-09 23:00:00,25.13640852461337,56.44734255423005,40.95921195029241
2024-03-09 23:00:00,20.978607052615217,48.46322510723769,39.84696958688394
2024-03-10 00:00:00,22.425706521354986,53.71206600969719,47.0420605860317
2024-03-10 00:00:00,22.90526071863186,45.17928811513475,37.961893356499466
2024-03-10 00:00:00,21.93533051968721,47.41677051492415,50.01931571411614
2024-03-10 01:00:00,23.028084194886272,45.34484916687524,53.90976186881191
2024-03-10 01:00:00,22.515566979557192,43.84105714669353,44.61018005466197
2024-03-10 01:00:00,25.49739010933177,43.34563228026238,46.15954424043191
2024-03-10 02:00:00,26.228078293656065,53.56214434545309,42.842907209594735
2024-03-10 02:00:00,22.81523885647037,51.22857833944808,46.25404430106919
2024-03-10 02:00:00,23.639921547978638,44.99156702452467,48.73773974234119
2024-03-10 03:00:00,22.77397040965703,48.56057717810993,41.19074980812576
2024-03-10 03:00:00,25.82110382308995,42.95868110285342,44.75428017088779
2024-03-10 03:00:00,24.33795096206437,53.48176746962029,41.82283702966054
2024-03-10 04:00:00,25.767363159601302,63.69750368075113,36.20382959046784
2024-03-10 04:00:00,25.204829437783697,48.00340574184801,42.64792871764308
2024-03-10 04:00:00,21.95291192164669,52.416401599966406,47.00634111968266
2024-03-10 05:00:00,24.967335521200617,51.85667982305949,42.01964860838639
2024-03-10 05:00:00,25.912680731779567,55.07906095940663,42.94799774689191
2024-03-10 05:00:00,25.395571365310715,49.10620079167245,47.67514801140592
2024-03-10 06:00:00,25.65239516091379,51.93175803793102,41.09409920791865
2024-03-10 06:00:00,22.509082358735235,55.67802025937568,48.419605804194745
2024-03-10 06:00:00,26.27092359933183,49.243227882484085,41.28359408301922
2024-03-10 07:00:00,25.33097255865487,54.73120769674258,32.700641460285595
2024-03-10 07:00:00,25.75570565314625,51.961741766275495,38.328910817326346
2024-03-10 07:00:00,23.021074065369916,41.89261875023933,38.723832239733454
2024-03-10 08:00:00,22.60278850111309,50.33142465427272,36.33982569269624
2024-03-10 08:00:00,18.53161353273521,56.684697142977086,42.18617593659885
2024-03-10 08:00:00,22.7228034091866,52.2387762585865,40.84168743967822
2024-03-10 09:00:00,24.60074098281275,48.058780057518085,35.91343826960471
2024-03-10 09:00:00,26.38596808977401,46.05473764452088,44.132025372273226
2024-03-10 09:00:00,22.41156765467837,54.9702758914609,49.02035486013808
2024-03-10 10:00:00,24.808452015988276,48.66585157188996,46.03260343198431
2024-03-10 10:00:00,21.730953103951684,44.11314171114458,50.38052438614962
2024-03-10 10:00:00,26.495390983748184,48.180452115287416,51.05070929019
2024-03-10 11:00:00,25.522448567478705,47.50766615215819,40.62473789154895
2024-03-10 11:00:00,25.759322122719816,44.97176887729386,41.532873230153136
2024-03-10 11:00:00,26.49748359955859,51.871129301713765,42.4435548546777
2024-03-10 12:00:00,20.88959822018321,52.2869858821259,38.21046461067263
2024-03-10 12:00:00,25.051560781969712,47.84579139737666,26.49440906579701
2024-03-10 12:00:00,23.970874099826126,51.05672827846119,49.77372756215121
2024-03-10 13:00:00,20.36983779079964,47.97221443300016,51.932714420235946
2024-03-10 13:00:00,28.32443302089932,52.52410725582943,48.44478250165921
2024-03-10 13:00:00,24.560446859882028,53.376724742700574,37.60514548468652
2024-03-10 14:00:00,20.144836535498783,57.25880532291546,41.61219566514822
2024-03-10 14:00:00,27.35386180743745,45.05017662086085,41.7024593731269
2024-03-10 14:00:00,25.89937516899973,48.694201044380726,53.21608431156688
2024-03-10 15:00:00,21.694502323063706,50.45943068708403,47.683002278548486
2024-03-10 15:00:00,22.205047711605104,54.45647901800031,36.3451087480716
2024-03-10 15:00:00,23.164848039371545,50.56894981186936,39.26764416635691
2024-03-10 16:00:00,29.16510045753288,44.00578775892227,38.76149949873856
2024-03-10 16:00:00,23.796602728660083,54.62176757128002,39.97888421204517
2024-03-10 16:00:00,27.244390452148664,40.28992111166757,43.71047782679452
2024-03-10 17:00:00,23.041969650354417,48.83084001609804,45.44189480013321
2024-03-10 17:00:00,22.95608719507343,51.9622737798402,54.088881955782725
2024-03-10 17:00:00,24.94247810938973,48.09153783507549,55.37463698552944
2024-03-10 18:00:00,24.100844365739334,57.63293864213202,42.08916946560829
2024-03-10 18:00:00,20.77716331696852,52.55541090784975,44.30094094293964
2024-03-10 18:00:00,22.0575060520276,57.22488324331958,48.71381005946224
2024-03-10 19:00:00,25.569403788318933,44.51608367525441,44.963666211687176
2024-03-10 19:00:00,24.758183633401448,48.283703634807786,33.508935350934266
2024-03-10 19:00:00,26.567039902063872,61.839655610904,40.37705246355144
2024-03-10 20:00:00,22.469257040024388,45.481033975338846,50.697499095226064
2024-03-10 20:00:00,23.79203166051391,41.1721206223344,36.979476183835615
2024-03-10 20:00:00,23.31660755173804,52.60875042056848,42.83694706477708
2024-03-10 21:00:00,23.505873170643557,48.35154703413392,34.30167092242006
2024-03-10 21:00:00,22.267429023864224,51.32054327551135,47.045614018937314
2024-03-10 21:00:00,22.948966869056814,40.8919070303997,48.26691648376122
2024-03-10 22:00:00,27.675274520245814,51.158847521642585,47.44832309806363
2024-03-10 22:00:00,21.19623635903477,45.29571177483249,39.1103910110791
2024-03-10 22:00:00,24.688486273280294,45.69325454579565,44.04632488896244
2024-03-10 23:00:00,26.660741370608225,48.58887275230829,40.91068653226724
2024-03-10 23:00:00,25.440009081436056,52.168037766118665,43.647046453132745
2024-03-10 23:00:00,23.994553642597552,52.75132855892876,45.58440934845999
2024-03-11 00:00:00,26.91506985372548,54.347595809419246,49.66550316096246
2024-03-11 00:00:00,23.06356243832401,53.94994723172132,41.70510762382482
2024-03-11 00:00:00,26.12949946393745,48.45674809628811,48.418891948974135
2024-03-11 01:00:00,22.082316822887236,47.908797564421405,47.63557748959224
2024-03-11 01:00:00,20.383518438031576,54.80263999186545,42.889115868090144
2024-03-11 01:00:00,24.552911513649114,53.12862409709972,41.65588362778385
2024-03-11 02:00:00,25.86066798486077,47.409305046750745,52.08143026064363
2024-03-11 02:00:00,21.539569533037984,52.043977077298536,46.47063452592055
2024-03-11 02:00:00,22.83402826736702,57.863167812060624,47.513768279993975
2024-03-11 03:00:00,24.0257603418722,54.03010949413866,41.96812290881676
2024-03-11 03:00:00,23.484627988966984,52.9463151025278,40.32889052628799
2024-03-11 03:00:00,24.413083162114923,42.98942693485838,36.039691409466215
2024-03-11 04:00:00,26.107296387842627,47.51518379567222,38.90430441599187
2024-03-11 04:00:00,26.38176907393039,56.90810399407847,36.42946391283884
2024-03-11 04:00:00,20.401843897475853,44.38448022975973,44.21857210547158
2024-03-11 05:00:00,23.54498897589925,59.96987608319302,44.88659496880348
2024-03-11 05:00:00,22.226426245799452,48.7734604855182,60.23022870155352
2024-03-11 05:00:00,22.80065259220623,47.064306546693125,37.99349481292865
2024-03-11 06:00:00,23.19802607999629,34.72773972971606,50.51027292942216
2024-03-11 06:00:00,23.63469662731656,52.05374330320573,48.05503032947849
2024-03-11 06:00:00,21.21401174442363,47.92840243943164,37.26608357953522
2024-03-11 07:00:00,26.80483145885139,42.87183743809308,48.48726710778332
2024-03-11 07:00:00,21.900345849149836,50.00405906531587,39.70472047445842
2024-03-11 07:00:00,20.21097309262266,56.54220984171428,50.42249233055325
2024-03-11 08:00:00,27.17421117084496,49.80038556479452,54.7272397568553
2024-03-11 08:00:00,24.28540592106401,44.33614916797587,34.847063914834706
2024-03-11 08:00:00,25.4523654812567,44.60428343278598,47.125044996253415
2024-03-11 09:00:00,23.980576825360224,49.00193511986438,49.93567115603416
2024-03-11 09:00:00,22.145668583936505,43.41748612788986,50.56594232072309
2024-03-11 09:00:00,24.82321261432571,46.74733205060526,46.431392173567296
2024-03-11 10:00:00,22.452590772309605,54.67521675635901,40.9484363880195
2024-03-11 10:00:00,21.10204330464669,55.96408865487056,45.10049609519983
2024-03-11 10:00:00,20.94073016309342,51.60546059111236,40.23236736575842
2024-03-11 11:00:00,22.900164493966496,55.58689327249749,54.66318974195603
2024-03-11 11:00:00,24.873048737531505,50.60896969394663,48.38370756374848
2024-03-11 11:00:00,22.644457011610253,44.40263011190315,47.08473632160052
2024-03-11 12:00:00,21.28820335631108,46.43043849906798,41.42281118210826
2024-03-11 12:00:00,26.00988880198921,47.27035105142464,47.73156819038418
2024-03-11 12:00:00,26.5813650131584,46.89881305210381,49.48164640947842
2024-03-11 13:00:00,20.294949045557768,52.96251874932948,45.77699662011445
2024-03-11 13:00:00,25.491596947796705,45.96814334651843,52.11344861312788
2024-03-11 13:00:00,26.85850709450142,58.300832129797655,39.86984166586456
2024-03-11 14:00:00,25.85259906432305,45.36453576690839,46.82961080773795
2024-03-11 14:00:00,21.380420256147158,44.83027231136292,50.07565604389791
2024-03-11 14:00:00,22.81808489336982,56.0486082187558,44.69099329961197
2024-03-11 15:00:00,19.916352831687323,51.7373765777353,44.36405321091915
2024-03-11 15:00:00,23.129091311491088,54.94501359941916,42.99864406542959
2024-03-11 15:00:00,26.25067614959887,46.905801777031066,49.78151922705686
2024-03-11 16:00:00,27.61534455196252,59.74087214892803,39.82227899284885
2024-03-11 16:00:00,23.83645896833294,43.21778772759835,41.267904648677344
2024-03-11 16:00:00,26.950799420681637,44.03658990692075,39.53538360290522
2024-03-11 17:00:00,25.204620263180733,43.24859048717852,43.43856760569551
2024-03-11 17:00:00,22.585189928823908,49.31253667132904,53.91397525350879
2024-03-11 17:00:00,22.23263557151405,50.1983468624916,39.63431189268799
2024-03-11 18:00:00,24.6728455361063,45.495533568294206,43.92552634459509
2024-03-11 18:00:00,24.6794462046352,53.49709227179814,48.01205653556151
2024-03-11 18:00:00,22.69099820541697,46.95466145765327,48.87274035106592
2024-03-11 19:00:00,23.53045911716061,56.9721478248769,53.88691478794045
2024-03-11 19:00:00,21.58896173343909,45.22720351914553,44.16695282576658
2024-03-11 19:00:00,21.37443968816585,50.9481113401651,41.3319307655234
2024-03-11 20:00:00,20.73422207576701,54.43787557484444,46.29134853323949
2024-03-11 20:00:00,25.677009564688195,53.83240629312203,52.16181333452076
2024-03-11 20:00:00,22.26784337244985,44.6449790113077,36.500128676333695
2024-03-11 21:00:00,25.67399607073324,48.75535256584337,47.74567664883708
2024-03-11 21:00:00,23.145603058764213,43.77316098901086,38.23873698704524
2024-03-11 21:00:00,24.697376024076892,45.29302055022594,39.064072683075096
2024-03-11 22:00:00,20.696630774521665,40.25538334313758,51.11042103169876
2024-03-11 22:00:00,23.8903819898773,43.35580465706525,58.5239771252821
2024-03-11 22:00:00,25.271795994993717,46.14208034002456,47.11560751740724
2024-03-11 23:00:00,21.5216151655797,51.68755120991676,43.73941994420099
2024-03-11 23:00:00,26.672479377958936,39.77410867816144,41.62197209072882
2024-03-11 23:00:00,28.40413365947124,44.10461874279843,46.57486861089159
2024-03-12 00:00:00,24.51429035579413,59.67029244866816,44.93268538397093
2024-03-12 00:00:00,24.803546536686056,45.82271357969185,46.44284409511427
2024-03-12 00:00:00,24.267723457114197,51.02547034517126,36.34485700886362
2024-03-12 01:00:00,26.020302075246224,45.61172626049861,44.065310477956245
2024-03-12 01:00:00,24.414352280065835,54.232540065305386,40.34985869671911
2024-03-12 01:00:00,25.313767031900262,54.89324599614234,48.15511272022973
2024-03-12 02:00:00,26.80665212549607,44.704164829102325,44.2647194034111
2024-03-12 02:00:00,17.457504216611884,53.56929209438516,46.0320407398021
2024-03-12 02:00:00,24.549723786022923,54.500219379883376,51.18915989225447
2024-03-12 03:00:00,24.791188189279257,49.4991745918129,42.52806886166245
2024-03-12 03:00:00,21.821337082830144,54.96284300604922,47.89550026343221
2024-03-12 03:00:00,21.421126938932268,45.554425461741545,44.45912919818356
2024-03-12 04:00:00,21.366857047651145,36.91676614540125,41.36878922534246
2024-03-12 04:00:00,22.612245019157797,48.72995097894508,50.13953887640338
2024-03-12 04:00:00,23.234521959841352,48.227083519097135,37.37004745754889
2024-03-12 05:00:00,22.49950607780816,57.80412638292998,47.62764042237783
2024-03-12 05:00:00,23.99385681106421,53.11447308187701,42.963857688997024
2024-03-12 05:00:00,24.34058152612369,55.00577734668408,34.39133474844971
2024-03-12 06:00:00,26.34418411260128,49.37921940263981,41.575844568728215
2024-03-12 06:00:00,22.477651195954245,44.30987710071658,45.68433663606332
2024-03-12 06:00:00,26.167362980877567,55.92682996709924,44.92933415450151
2024-03-12 07:00:00,23.546605574617978,49.63092336441383,53.86511948244241
2024-03-12 07:00:00,24.68401443234212,50.837334613212825,48.77906543166687
2024-03-12 07:00:00,22.77962742676116,40.88284918663654,46.68893925552051
2024-03-12 08:00:00,21.15953147899974,44.557065072911,48.00605472418262
2024-03-12 08:00:00,21.713135574212014,46.88450436089767,40.94923812095666
2024-03-12 08:00:00,23.42046105846252,54.75022742336645,41.74468075753859
2024-03-12 09:00:00,21.4494021762984,52.76355233870593,40.7003614612778
2024-03-12 09:00:00,23.607857774555697,49.60418987106552,46.8323700582274
2024-03-12 09:00:00,25.839536533239357,48.45839496598728,51.54119538588254
2024-03-12 10:00:00,23.192196216387284,51.78206012514824,44.25185170431272
2024-03-12 10:00:00,24.882864082074946,54.94750858864391,48.58705249469339
2024-03-12 10:00:00,26.51393498629375,50.8400434556598,47.50566214426168
2024-03-12 11:00:00,18.74175334559567,43.536335776006375,54.87961531041911
2024-03-12 11:00:00,24.24515649256645,53.9797509969608,42.56971696324582
2024-03-12 11:00:00,27.22237176638179,59.937950739381975,50.64838252289714
2024-03-12 12:00:00,22.193592553952545,53.14583562240844,47.21346843153959
2024-03-12 12:00:00,28.079084292227524,49.010109098263904,38.61628531765873
2024-03-12 12:00:00,27.18744473391501,46.83426631054564,48.16927923265072
2024-03-12 13:00:00,24.473018252920163,51.47193726055162,38.67258935346359
2024-03-12 13:00:00,24.50141073813744,53.57472834376397,47.61335919492455
2024-03-12 13:00:00,20.45728471021468,47.27607378868073,45.59167216288533
2024-03-12 14:00:00,27.646328657437955,53.30585935583135,48.616797059743966
2024-03-12 14:00:00,25.735099370767266,41.94786799263783,49.29122414644215
2024-03-12 14:00:00,23.802862997405818,48.24250928942667,42.974174179160165
2024-03-12 15:00:00,23.36894216913208,50.723403987217154,50.80623259743335
2024-03-12 15:00:00,25.05996922693089,50.07753059593042,37.46589497233308
2024-03-12 15:00:00,26.08976118014272,49.7601612374968,37.1738570482855
2024-03-12 16:00:00,16.42209980543591,49.92680356511475,38.70698285067222
2024-03-12 16:00:00,21.169945127768475,53.101158755621306,39.52059112049988
2024-03-12 16:00:00,21.844688830603275,53.2468382631167,43.69821623410944
2024-03-12 17:00:00,26.682410296996466,47.37438856636816,41.96999721034881
2024-03-12 17:00:00,22.370876038841185,48.15056981612435,41.95926309699004
2024-03-12 17:00:00,21.974465763657783,47.77943566474056,49.23163413996818
2024-03-12 18:00:00,19.227573393335675,40.71800861973104,45.809647144319165
2024-03-12 18:00:00,21.489277184767207,51.2061923277894,48.32258649322234
2024-03-12 18:00:00,22.642362899672893,47.7703500329164,39.8646015850474
2024-03-12 19:00:00,22.639750572998743,49.33550433032804,53.67927170560601
2024-03-12 19:00:00,20.75973126293889,45.2164639964153,40.57206730928672
2024-03-12 19:00:00,19.92036602455533,46.02496168589798,37.25169493043688
2024-03-12 20:00:00,24.98503062805166,57.58694732538287,45.7430530862028
2024-03-12 20:00:00,23.849775274870687,47.04452210111271,43.94619760502674
2024-03-12 20:00:00,26.08387680164048,57.50590486921416,43.41639215159461
2024-03-12 21:00:00,23.354260448130027,53.24600937677574,47.492377504216
2024-03-12 21:00:00,22.459864981536565,55.02162060607188,52.69315107086301
2024-03-12 21:00:00,23.862083265985472,49.08359923270893,50.79960345051381
2024-03-12 22:00:00,25.67455542340496,56.56726228720704,39.3864925034317
2024-03-12 22:00:00,26.395683306206703,38.31476864583261,35.597975506351844
2024-03-12 22:00:00,26.313109810537878,46.155583619139,49.044841329740905
2024-03-12 23:00:00,25.93492928156968,57.11778772359985,41.40991365245485
2024-03-12 23:00:00,21.797197076424546,51.88910936001228,45.73817063904168
2024-03-12 23:00:00,28.4720536422614,55.29017823872344,46.65043371970369
2024-03-13 00:00:00,26.76381933532974,51.45660500205277,45.13245758403937
2024-03-13 00:00:00,23.647366810645785,48.84362142476578,48.04730351810154
2024-03-13 00:00:00,27.18488394021376,45.277574804142574,52.31044721366657
2024-03-13 01:00:00,20.26100394874877,51.52835729761894,43.5303217848878
2024-03-13 01:00:00,21.751461262307725,41.988118214037385,38.13998869880278
2024-03-13 01:00:00,24.895656646222587,38.06944061560937,40.17341655507665
2024-03-13 02:00:00,25.28614192135584,45.34726695465102,51.84421910332007
2024-03-13 02:00:00,24.43457920374312,54.88847462632528,42.77235069726979
2024-03-13 02:00:00,23.087865606431716,54.63200836910104,46.52442040692393
2024-03-13 03:00:00,27.98053089467041,52.74686808040202,41.53159520601295
2024-03-13 03:00:00,23.15156058729861,47.82445441809327,49.300201792303206
2024-03-13 03:00:00,24.51692594220612,50.00794943009296,49.14030167136296
2024-03-13 04:00:00,24.838998949822678,42.67941546578314,44.230082320240165
2024-03-13 04:00:00,27.26764174688894,53.45467939457125,46.1080225564689
2024-03-13 04:00:00,23.873386843753263,55.04179133538459,36.91371839943197
2024-03-13 05:00:00,24.027573454812043,54.50969442744386,43.62052177959573
2024-03-13 05:00:00,24.2510449809003,45.71918249080754,42.78104386594835
2024-03-13 05:00:00,24.153212337035725,43.635147715113725,39.81729682310944
2024-03-13 06:00:00,24.36972072255677,44.84464350222893,45.58202222291037
2024-03-13 06:00:00,24.758655078262564,56.28166862530638,38.46275204377437
2024-03-13 06:00:00,22.41307204927727,43.08799187245033,50.55280976813577
2024-03-13 07:00:00,22.590503542995528,50.76117474900517,44.25579016421222
2024-03-13 07:00:00,24.5461444317894,50.50996499978226,39.091859602316006
2024-03-13 07:00:00,24.55818321183788,46.23230111639085,38.086230567768666
2024-03-13 08:00:00,24.638303163355744,48.91885785774695,44.38797071781874
2024-03-13 08:00:00,24.13415038122049,46.08689697055297,44.06358091783624
2024-03-13 08:00:00,22.549167001522,49.85776770931121,39.742144051306525
2024-03-13 09:00:00,18.155213619030253,55.54152334642241,42.4608713414768
2024-03-13 09:00:00,23.733818717496383,45.53900956466343,46.55154430145804
2024-03-13 09:00:00,22.968719408812092,54.14494133282481,48.03826127059431
2024-03-13 10:00:00,24.18672938428372,47.68013174831815,44.14300927295521
2024-03-13 10:00:00,24.52219989508559,50.62533736282599,35.696928091500446
2024-03-13 10:00:00,24.10742719017062,50.59131399159585,51.50417017715189
2024-03-13 11:00:00,23.398786117360533,55.47077667761409,43.380258758732296
2024-03-13 11:00:00,25.5823260892854,51.45046056902466,38.55253064027983
2024-03-13 11:00:00,25.782998284099246,53.44584313776685,48.194157966784566
2024-03-13 12:00:00,22.772614486437785,52.58108511212727,45.05427315966595
2024-03-13 12:00:00,24.613610509459672,44.17358078127723,47.61494999104127
2024-03-13 12:00:00,24.762541725047345,48.636810145193294,48.882773583436034
2024-03-13 13:00:00,24.020248122914747,56.87641265566662,43.10258945691924
2024-03-13 13:00:00,26.09247637299216,46.38757348533118,44.08007244424731
2024-03-13 13:00:00,24.12689324390177,49.36036962929371,43.816876075554426
2024-03-13 14:00:00,25.90439406602536,54.49748852798299,48.624924155707504
2024-03-13 14:00:00,25.517767015022496,49.81062411191598,41.99535753157748
2024-03-13 14:00:00,21.89351652213651,49.53842472868436,52.394159498430014
2024-03-13 15:00:00,21.11609277774018,46.034758209087215,42.76860848367494
2024-03-13 15:00:00,23.94667389869859,47.49369587375885,49.82036522481695
2024-03-13 15:00:00,19.667576890327584,50.34609404457982,47.85558420540987
2024-03-13 16:00:00,25.535646567323376,49.56516176917308,46.80897397400013
2024-03-13 16:00:00,20.73599372188035,41.975833968462304,48.08198695073523
2024-03-13 16:00:00,22.992003274459982,52.92646273117638,54.22666127990422
2024-03-13 17:00:00,25.403023897115588,51.440442176498216,43.7302174750032
2024-03-13 17:00:00,23.76105171498672,41.31015557715544,45.24873282038976
2024-03-13 17:00:00,27.81769510045332,53.79666899880606,44.08359918720056
2024-03-13 18:00:00,23.698362525372403,58.04979069995967,42.13506542979887
2024-03-13 18:00:00,24.56180809042681,48.868719246492255,38.448140987238766
2024-03-13 18:00:00,22.826332804891106,54.131350156698346,43.60784493347208
2024-03-13 19:00:00,23.879847675985356,51.88519072934341,40.59626796834451
2024-03-13 19:00:00,19.806465127809048,40.627964272965926,43.74604623311693
2024-03-13 19:00:00,23.74148207530793,47.47741087680681,51.63015827456372
2024-03-13 20:00:00,21.89055648418396,40.55765881088872,47.74867135180499
2024-03-13 20:00:00,27.16511328061844,53.77574061762472,36.84024097282647
2024-03-13 20:00:00,23.77429549363521,53.60388983813051,50.100323754706295
2024-03-13 21:00:00,24.317079925700348,49.816798017619696,47.41781123458443
2024-03-13 21:00:00,21.45209051442975,51.35947194739874,46.84676493595089
2024-03-13 21:00:00,23.996800617550363,47.84264174560682,44.27372662402605
2024-03-13 22:00:00,22.150541277436663,45.78969345780938,50.4865262779484
2024-03-13 22:00:00,24.675397252126565,42.20778036550644,48.823764964682674
2024-03-13 22:00:00,22.561081992295883,48.37083284344985,40.93733809233163
2024-03-13 23:00:00,23.300983267407304,56.70375090572093,41.661526660238
2024-03-13 23:00:00,26.770207584334827,46.66491958406901,44.1593136708908
2024-03-13 23:00:00,24.40482611503966,52.63523527073965,41.66476220674411
2024-03-14 00:00:00,24.532611452663804,48.7218984459112,45.18106250564185
2024-03-14 00:00:00,22.940933374013493,44.99796971328412,35.8812524339629
2024-03-14 00:00:00,21.79063980341656,43.608262501078784,48.50217069732173
2024-03-14 01:00:00,23.68777258811872,52.95610020422599,42.69393538476152
2024-03-14 01:00:00,23.625965825427432,52.33428515784615,44.99693999333188
2024-03-14 01:00:00,25.31595364563128,56.02601037260168,39.45237597778653
2024-03-14 02:00:00,23.96804666231409,42.31684110090951,39.56772446998789
2024-03-14 02:00:00,24.427040254146792,57.43966996767415,43.31050568647726
2024-03-14 02:00:00,21.422192871918018,42.15094029928766,42.86694359815483
2024-03-14 03:00:00,24.624533295816377,54.07761222398282,47.16733918185896
2024-03-14 03:00:00,25.78428930253604,46.12973724012956,51.0499297729438
2024-03-14 03:00:00,24.826074670291916,46.82083171412824,44.24367260749317
2024-03-14 04:00:00,27.04457723827092,62.75054507318006,48.49797530095612
2024-03-14 04:00:00,23.597781997812003,42.606021273445975,46.61026380446679
2024-03-14 04:00:00,22.46611460751634,53.811401776407095,39.72125288384565
2024-03-14 05:00:00,25.410267217843657,57.078109979784,39.09298779886899
2024-03-14 05:00:00,24.651671859364853,45.227548389760905,42.01295883104678
2024-03-14 05:00:00,26.77442466045187,60.48848701156482,45.358952302920834
2024-03-14 06:00:00,19.26854048133777,49.60378809963687,57.71331908441287
2024-03-14 06:00:00,21.62461866887629,53.35755946429887,46.26744546321338
2024-03-14 06:00:00,23.828718961027334,48.51632636456859,49.39273285769251
2024-03-14 07:00:00,22.85474260694758,56.67801683262098,46.413960534919546
2024-03-14 07:00:00,22.64486709534721,49.80320820090616,46.77058512120002
2024-03-14 07:00:00,24.955526321155475,51.1799965263664,43.35597852273292
2024-03-14 08:00:00,27.79184014448424,49.84446782486794,45.67432797751104
2024-03-14 08:00:00,21.323826941018503,52.93295653008976,50.00140356589891
2024-03-14 08:00:00,24.41295210868505,56.44992547429481,44.75809369384517
2024-03-14 09:00:00,26.66404666771722,49.46075417289519,41.58204570516085
2024-03-14 09:00:00,26.24788449039215,58.422418031981614,45.59114925300785
2024-03-14 09:00:00,24.824437248571897,52.76691870408816,38.17317796471868
2024-03-14 10:00:00,25.748517600447176,50.95088548904103,53.21251949441689
2024-03-14 10:00:00,24.377007475834688,48.14219176966067,37.97347782462054
2024-03-14 10:00:00,24.87596764265882,44.37638562549877,54.79643506460805
2024-03-14 11:00:00,21.469072671080504,49.04204347326255,43.81008775652919
2024-03-14 11:00:00,24.23096070450712,47.75895313848677,43.91564741485642
2024-03-14 11:00:00,22.78168541610229,51.18734203165889,54.19326056701182
2024-03-14 12:00:00,16.736609030331504,51.44228038773005,52.43013807435038
2024-03-14 12:00:00,26.599167649360407,46.04536877591288,46.28292328160087
2024-03-14 12:00:00,26.48398225461542,55.4520209942874,42.08229691766079
2024-03-14 13:00:00,22.081712586614596,53.01579258676501,43.36064835782879
2024-03-14 13:00:00,21.54054894615373,35.524326887192174,48.5995231537681
2024-03-14 13:00:00,25.00769967326749,53.1058136878658,46.20824424380089
2024-03-14 14:00:00,23.207266778744124,45.34727638904152,46.74029994247855
2024-03-14 14:00:00,23.2503007820876,51.93904976711995,42.04649481851104
2024-03-14 14:00:00,22.21605945749623,43.479850769457634,40.05356236542316
2024-03-14 15:00:00,23.773135165958838,45.05268157408084,42.07515143781536
2024-03-14 15:00:00,25.59470681129793,44.3396544006789,42.35053259669573
2024-03-14 15:00:00,24.53277043849077,45.45343997391126,50.18294565833899
2024-03-14 16:00:00,24.48223720547991,51.66986548595529,46.035956234031545
2024-03-14 16:00:00,26.9892766279212,50.948048897799126,35.250376423333165
2024-03-14 16:00:00,25.393385026923585,56.2699155310623,43.359968342377606
2024-03-14 17:00:00,20.5604509686821,54.30882550809216,45.76628583250368
2024-03-14 17:00:00,21.92365117002433,50.41259489348384,47.72106516468913
2024-03-14 17:00:00,23.435266687223773,44.25683933673983,42.41011969916268
2024-03-14 18:00:00,24.802548513986896,52.40499982173255,50.55705394028504
2024-03-14 18:00:00,23.918488901801425,47.16750922877574,45.382337720952535
2024-03-14 18:00:00,24.29507129717372,46.12193789566896,46.129672893050085
2024-03-14 19:00:00,21.294847281565858,54.98447735189248,53.60898020528913
2024-03-14 19:00:00,24.577335430541385,44.061663660905566,44.12243973307819
2024-03-14 19:00:00,21.96942541167555,49.54103642398122,45.90484287468208
2024-03-14 20:00:00,23.746500469326328,41.58057896811606,49.35726157654921
2024-03-14 20:00:00,24.03856914652123,54.72643511819493,45.15330656241839
2024-03-14 20:00:00,22.075565365289474,57.22785350479559,43.36347766962185
2024-03-14 21:00:00,21.16845938513861,50.07033790186357,46.28479562824158
2024-03-14 21:00:00,24.029201762109857,52.26877725182676,50.35439584300881
2024-03-14 21:00:00,23.02168708909621,47.3293787886487,43.90832557810866
2024-03-14 22:00:00,24.62898686844163,51.70175316719326,50.51220297613981
2024-03-14 22:00:00,23.434748364718683,48.51072013579601,46.35612910856549
2024-03-14 22:00:00,27.54157252600993,59.50450168165914,44.38768168155566
2024-03-14 23:00:00,21.93520320691402,45.25763601496092,49.96846906608545
2024-03-14 23:00:00,26.157159654115823,59.68497852542431,47.53992876375722
2024-03-14 23:00:00,29.777984384006725,50.19826907256369,40.40951658087089
2024-03-15 00:00:00,26.678728941905923,52.91819505687479,42.51760576635203
2024-03-15 00:00:00,24.747502015281768,58.84488005033244,43.26043861896311
2024-03-15 00:00:00,27.70828687315906,49.44820645156553,42.08356564772783
2024-03-15 01:00:00,22.90039942657482,48.5906006076484,51.30300443678123
2024-03-15 01:00:00,24.969611350414034,60.6047004551162,45.54853794532752
2024-03-15 01:00:00,21.318858258441967,42.76732494646669,40.68357647490561
2024-03-15 02:00:00,21.907748958615056,50.610826312538926,45.87660588901099
2024-03-15 02:00:00,24.5953475965066,42.27699323123629,51.02887795126957
2024-03-15 02:00:00,24.354140498072773,53.72600976582216,35.937366586390425
2024-03-15 03:00:00,22.010741458627614,68.87204132862334,43.81489673808336
2024-03-15 03:00:00,22.77317452128846,53.25974298530063,43.52059866542815
2024-03-15 03:00:00,24.21173893025652,56.68676156311766,42.00737542576492
2024-03-15 04:00:00,24.5761364290648,47.74135399680978,43.58833836956822
2024-03-15 04:00:00,26.76025646670819,49.26483229207215,53.78293529100544
2024-03-15 04:00:00,23.43367531422299,55.933747090081866,42.10703450579736
2024-03-15 05:00:00,22.778757003299997,52.45278418462068,39.73365828371986
2024-03-15 05:00:00,20.049659757252563,42.56853978331157,45.05061036776005
2024-03-15 05:00:00,22.472722362442923,53.77355372498095,44.797028724856254
2024-03-15 06:00:00,25.449869683816445,53.41184470297378,45.93695291390343
2024-03-15 06:00:00,22.382920833970505,44.410311937047474,46.29685078751529
2024-03-15 06:00:00,23.91661201566333,45.062353222674666,56.1043764941409
2024-03-15 07:00:00,24.882571583479677,58.53287303064644,48.8200524200514
2024-03-15 07:00:00,23.771638663403284,54.68756257089712,54.501371977628345
2024-03-15 07:00:00,22.551048877622872,47.53466428741507,45.05956918925681
2024-03-15 08:00:00,23.730359450032577,54.500474348853686,43.10974389956871
2024-03-15 08:00:00,21.485548137350573,47.26940934325143,48.14999681325599
2024-03-15 08:00:00,25.628218598016627,49.16535508537029,44.915347225981584
2024-03-15 09:00:00,23.35935352964242,51.90960004961593,45.88294384989088
2024-03-15 09:00:00,27.660825801922535,49.99608378697879,41.77956902090177
2024-03-15 09:00:00,25.221929951732477,45.318932950773714,51.59057982159509
2024-03-15 10:00:00,22.299546459968983,54.76549499716057,42.09032427644925
2024-03-15 10:00:00,22.669880693542744,54.58495382634012,55.41895195872428
2024-03-15 10:00:00,22.741733909884907,59.27990680221462,40.08020282461609
2024-03-15 11:00:00,23.669664278046,47.43406871916098,40.01672057164939
2024-03-15 11:00:00,25.33172177977617,50.29968354290719,44.929027077724776
2024-03-15 11:00:00,26.734796786034103,51.01390198780457,41.53313374352654
2024-03-15 12:00:00,24.053213638037825,49.88819315517532,45.12418853990523
2024-03-15 12:00:00,23.766348837175887,54.11764651677141,41.19065445312111
2024-03-15 12:00:00,25.30197753533745,45.66483910479166,48.060991963643815
2024-03-15 13:00:00,23.61531974501793,48.68395438208207,31.415782275074868
2024-03-15 13:00:00,21.59576890817789,55.5681355240584,49.065637235755446
2024-03-15 13:00:00,23.97656087960326,53.885072811527806,40.3857570852078
2024-03-15 14:00:00,24.395678098084243,44.45415685352515,41.50922227371468
2024-03-15 14:00:00,23.59834381519603,45.85159748304218,54.28887709124808
2024-03-15 14:00:00,26.32005707653646,47.130147637569934,47.89217542724637
2024-03-15 15:00:00,23.626892868301805,49.73503369655143,55.93659759694951
2024-03-15 15:00:00,24.93597589594821,46.21720425090788,34.53815098358345
2024-03-15 15:00:00,22.58157716255398,43.46110860220741,48.32147312141792
2024-03-15 16:00:00,24.30106867991133,50.83131090453111,37.97470136587869
2024-03-15 16:00:00,20.38206117780536,46.38743795701936,45.56372590918368
2024-03-15 16:00:00,22.164455618520638,52.99758433481661,39.83868083205336
2024-03-15 17:00:00,22.986405291863257,51.25394771541961,40.36065046727491
2024-03-15 17:00:00,22.89396631517495,51.86300449846446,47.95690532288529
2024-03-15 17:00:00,24.614420490697373,44.21561276138498,40.52854840406186
2024-03-15 18:00:00,26.369213604110577,49.57567012749816,42.99112610042633
2024-03-15 18:00:00,21.933444542646647,48.341016072460505,44.46459960248805
2024-03-15 18:00:00,24.03396401047358,54.51106688516299,41.430483448588085
2024-03-15 19:00:00,24.66198613679452,42.47635770577827,46.29485851877258
2024-03-15 19:00:00,24.20247114840015,49.52057153082488,37.78173658913581
2024-03-15 19:00:00,22.90889865703824,47.44516125767596,42.058499952782746
2024-03-15 20:00:00,27.495162752219528,61.68964582572586,55.61801720316637
2024-03-15 20:00:00,22.573371215076463,54.75856742476376,43.68790938637986
2024-03-15 20:00:00,25.561286712403867,44.93406672456702,36.14986037060659
2024-03-15 21:00:00,21.07935725869552,50.23878807758554,40.49548965305796
2024-03-15 21:00:00,22.315503307458645,58.43008648121835,48.9158602562802
2024-03-15 21:00:00,21.65344275742798,48.4973988448625,56.54940321157472
2024-03-15 22:00:00,21.429138076093988,48.56953565193699,42.32649188701938
2024-03-15 22:00:00,23.41265491657813,40.555806259444566,42.977528018763806
2024-03-15 22:00:00,21.18727109038274,45.46824232045496,43.41035102188779
2024-03-15 23:00:00,22.78703767651696,53.330557026675066,47.87817807380475
2024-03-15 23:00:00,21.47041280395295,58.06793462508066,43.597605450414974
2024-03-15 23:00:00,24.586668362969423,45.99346466424699,46.530148365163086
2024-03-16 00:00:00,20.725210065158265,58.27524122388038,41.34666229867194
2024-03-16 00:00:00,27.369850030321285,46.39328968889342,44.57236410121325
2024-03-16 00:00:00,25.09797371349073,42.67091656976502,39.03092909610152
2024-03-16 01:00:00,23.831451828951916,51.66226114612396,43.11469936410167
2024-03-16 01:00:00,22.233257919015948,51.6264548571889,45.41709308633178
2024-03-16 01:00:00,19.44150798665528,47.954425034343785,46.2671274734065
2024-03-16 02:00:00,23.666351855020697,59.07321657441989,46.21179005715848
2024-03-16 02:00:00,20.88270328856189,42.545720447613526,46.249045013614
2024-03-16 02:00:00,23.253714923227985,55.80037569744608,41.730413336724624
2024-03-16 03:00:00,21.873117443934653,41.46905132956819,51.39918766412176
2024-03-16 03:00:00,21.96791057483092,52.09839132895134,39.78116242800978
2024-03-16 03:00:00,26.02641180899108,51.47295819555451,42.49654475233724
2024-03-16 04:00:00,22.65753417127548,52.45289096547924,47.50767668729851
2024-03-16 04:00:00,23.2543018056869,55.69115535291678,45.62687552795524
2024-03-16 04:00:00,27.17806040165212,51.92702386150645,45.48664871274077
2024-03-16 05:00:00,24.51069078341904,52.12343971846504,42.099738827686586
2024-03-16 05:00:00,23.50422141578002,42.42996958231013,47.27497156142551
2024-03-16 05:00:00,24.788368453912472,46.70291800180336,48.29340294921116
2024-03-16 06:00:00,22.94272504409497,49.66280298266346,48.93743186649861
2024-03-16 06:00:00,19.1376201889177,53.71227159068284,48.59365764389069
2024-03-16 06:00:00,27.29480245778093,48.24114685322244,38.86675582125334
2024-03-16 07:00:00,23.28839616379726,42.04447415925468,50.47311430087908
2024-03-16 07:00:00,25.159271449597806,52.21871885716801,45.3154445970811
2024-03-16 07:00:00,25.12544551033176,39.800333023116295,46.1177319714413
2024-03-16 08:00:00,22.10083782432238,50.57941602939299,40.7664177381419
2024-03-16 08:00:00,20.262625231146533,48.57831420092288,43.66398018937121
2024-03-16 08:00:00,24.26916642036543,53.29206474773858,54.77268884383841
2024-03-16 09:00:00,21.831291896307757,57.02327163316335,51.18487170557886
2024-03-16 09:00:00,24.75179453242973,43.61453937572331,36.28716562060523
2024-03-16 09:00:00,26.454403048585608,54.10877141091965,43.67439304756254
2024-03-16 10:00:00,25.87752467748127,50.44758145984152,36.66795660882772
2024-03-16 10:00:00,24.388599310319677,45.1973890699129,35.457219201367764
2024-03-16 10:00:00,22.809806473041217,48.16985609167672,47.57714189684436
2024-03-16 11:00:00,22.49346377435963,51.1350154469224,45.24284557782191
2024-03-16 11:00:00,25.556058828212308,52.233987458641394,41.03516247205609
2024-03-16 11:00:00,26.17654791394122,48.46324930083759,49.32684492560301
2024-03-16 12:00:00,20.12551742895529,39.05181757588704,47.16795448842011
2024-03-16 12:00:00,22.16718826904524,52.68230450238002,46.38808073793926
2024-03-16 12:00:00,26.135100373023555,52.47631497385616,48.44757081396049
2024-03-16 13:00:00,24.027982581780226,44.509841782886745,36.85648543594866
2024-03-16 13:00:00,28.503268681468448,48.61823053474778,61.43700368764776
2024-03-16 13:00:00,27.221788616723487,64.1938109342169,39.569725405983135
2024-03-16 14:00:00,20.69881534555021,47.06033168846052,42.77895137480225
2024-03-16 14:00:00,23.86015132739406,50.41899662562096,44.27932248600046
2024-03-16 14:00:00,25.2888958225711,43.25666897549298,48.12362516037307
2024-03-16 15:00:00,22.9995167347849,52.50327188217503,50.586839902285504
2024-03-16 15:00:00,20.881338841173932,54.5197078554766,45.702076900941975
2024-03-16 15:00:00,22.915570711597677,50.67345244340602,44.13559387808453
2024-03-16 16:00:00,21.810447179444942,44.17851569201756,47.69006198126992
2024-03-16 16:00:00,24.33452648292105,53.21526188638145,39.03405423057936
2024-03-16 16:00:00,22.147603278284382,51.5953188922724,43.52644118549359
2024-03-16 17:00:00,25.3043583451834,52.793177231271066,43.852642725473366
2024-03-16 17:00:00,23.34455771982583,53.959682046567146,40.87769842455784
2024-03-16 17:00:00,22.8336745603326,50.41240225637675,41.66024667155396
2024-03-16 18:00:00,24.244475966113217,49.56943589255804,43.78233869462147
2024-03-16 18:00:00,25.418284915544486,48.5606455497857,48.43737680477294
2024-03-16 18:00:00,20.608783732981397,51.89385617879171,42.59918204814164
2024-03-16 19:00:00,23.493386887714383,47.44481178878359,38.93875812879462
2024-03-16 19:00:00,24.0738710554099,48.862313839892586,46.94757546171367
2024-03-16 19:00:00,25.142654718127616,54.358926441786274,49.16315359813856
2024-03-16 20:00:00,25.26209496909994,46.47225655584839,45.26976753092495
2024-03-16 20:00:00,27.630760532121,47.99383240078843,43.79916208038093
2024-03-16 20:00:00,23.62485713783636,50.79654446439309,42.3513367746993
2024-03-16 21:00:00,27.01988482838992,60.25373120369668,39.46523345914986
2024-03-16 21:00:00,24.05893700005354,45.55352504125629,46.29600150683355
2024-03-16 21:00:00,22.346215318825337,51.305860947925694,49.80617799568098
2024-03-16 22:00:00,22.413825137528857,57.271132256208986,43.61560728494717
2024-03-16 22:00:00,26.66219327463977,56.17954768535766,46.734264138652144
2024-03-16 22:00:00,20.58024541291437,47.78395258054525,49.47269611700269
2024-03-16 23:00:00,23.424641273459745,42.08924245349875,46.983694749734944
2024-03-16 23:00:00,21.72302937368415,55.55299460633379,50.19658981268408
2024-03-16 23:00:00,25.69260635221366,54.30033626925539,49.72182208344154
2024-03-17 00:00:00,21.5242295530406,51.87627859452061,52.90031774393498
2024-03-17 00:00:00,23.013516237120857,51.40408948885159,47.32834535846556
2024-03-17 00:00:00,23.469450502458145,50.166990369822095,34.73257060152669
2024-03-17 01:00:00,22.471624101031047,54.78692838746306,41.71992621796045
2024-03-17 01:00:00,23.837639121031717,40.2404887947783,45.36052523620295
2024-03-17 01:00:00,21.9609584030791,46.81515915956276,43.16920691961622
2024-03-17 02:00:00,22.264774736372186,47.33394064468832,39.363333689388725
2024-03-17 02:00:00,25.241397577756377,59.23764670365273,43.50593304518962
2024-03-17 02:00:00,25.766060679441445,46.08533772259327,43.96302028265367
2024-03-17 03:00:00,22.50225756606085,45.96460437862144,41.77303570768348
2024-03-17 03:00:00,24.33828811011486,49.15009940716846,48.11703401609491
2024-03-17 03:00:00,24.366770045160692,42.49157576251071,42.10012525243137
2024-03-17 04:00:00,25.073696397925143,48.82956672477308,50.13503284283546
2024-03-17 04:00:00,22.433760080095453,39.148439491513365,58.308380556274194
2024-03-17 04:00:00,24.54237346182844,47.83003004470688,43.08751765275179
2024-03-17 05:00:00,20.221679142695315,47.92994612847782,50.95126398584407
2024-03-17 05:00:00,24.870917770544875,47.8666793329598,53.51465278619774
2024-03-17 05:00:00,24.7173899480433,45.02897089078681,48.08554093881081
2024-03-17 06:00:00,21.30827871473638,54.784619405416265,44.86847626790494
2024-03-17 06:00:00,25.460056042427343,53.97984735765496,46.99055842582167
2024-03-17 06:00:00,20.929361933486277,51.65911623238584,43.386619906657
2024-03-17 07:00:00,25.620923138188157,49.50001771397387,45.35995698418961
2024-03-17 07:00:00,23.2537129483256,52.34704726729114,42.539450776784655
2024-03-17 07:00:00,24.89064203884955,54.46397448046583,53.91209761000525
2024-03-17 08:00:00,22.96287477699106,48.4797871552634,38.540434739970166
2024-03-17 08:00:00,25.735642795436984,52.06412367476561,44.33611236993667
2024-03-17 08:00:00,24.65314095722299,52.34642146927034,44.10957447783984
2024-03-17 09:00:00,22.81948054049989,54.43677735211165,39.04860185869206
2024-03-17 09:00:00,24.03751200661529,55.94415855566309,41.84062516952498
2024-03-17 09:00:00,23.209838813347798,47.95038600400754,44.70900703047675
2024-03-17 10:00:00,22.677869070943053,52.56033269642689,50.17880709344898
2024-03-17 10:00:00,23.486041949955894,47.67282114519794,42.15788737406644
2024-03-17 10:00:00,24.977093401921127,52.81153863041092,39.76611236705181
2024-03-17 11:00:00,22.81403724851117,48.56659624067365,47.91212866075657
2024-03-17 11:00:00,25.018808153674662,53.55725519531222,48.14205019797227
2024-03-17 11:00:00,19.403302227697345,56.52972818301518,41.63977227720219
2024-03-17 12:00:00,25.30232449101593,47.44909049569143,34.54498888604573
2024-03-17 12:00:00,25.667754845706742,45.81806721592375,51.47728263126031
2024-03-17 12:00:00,22.95944687903496,47.59213624981127,47.85873244707683
2024-03-17 13:00:00,23.08797217735046,51.84494062676337,48.354245427734135
2024-03-17 13:00:00,25.531548307462867,45.78051062720797,42.61672545487736
2024-03-17 13:00:00,23.933342324109997,50.39803841958955,49.46039346039036
2024-03-17 14:00:00,23.14796390329372,53.620503058772265,43.12809025791624
2024-03-17 14:00:00,24.367155845862257,52.82289047203552,44.114864580076016
2024-03-17 14:00:00,22.37660000203011,55.45557132829982,48.75711573655742
2024-03-17 15:00:00,27.34125577518852,48.58565046418069,43.16276821794012
2024-03-17 15:00:00,22.582866303844728,45.57248262451661,47.48745387504006
2024-03-17 15:00:00,29.06792370857728,50.60925522867696,45.31664598261296
2024-03-17 16:00:00,24.133280029386132,51.01888662989326,52.54015767894212
2024-03-17 16:00:00,21.703575181091864,47.55762141864477,43.98322410566013
2024-03-17 16:00:00,24.91395490643647,50.27836346175341,47.178552780468685
2024-03-17 17:00:00,23.62571958764046,43.20374780443981,45.42936095507652
2024-03-17 17:00:00,24.16248659952017,49.81324094507311,40.47948561621314
2024-03-17 17:00:00,26.53082943187431,45.82824306283551,54.49450244319991
2024-03-17 18:00:00,24.87042008920621,50.13344465608751,46.97166184846384
2024-03-17 18:00:00,23.8286605662928,53.63810136034303,52.19214952298131
2024-03-17 18:00:00,22.517519859512863,57.738155745509154,48.00556125925965
2024-03-17 19:00:00,20.838591449716827,55.10926972647758,44.7947371156368
2024-03-17 19:00:00,23.810959551120156,51.51099171887213,42.010681353368376
2024-03-17 19:00:00,24.25219737709629,43.880708001876336,53.27257573304907
2024-03-17 20:00:00,23.46048318202984,54.1524389125948,35.500759918916465
2024-03-17 20:00:00,24.7965493202,48.59779662189717,34.987841813885325
2024-03-17 20:00:00,22.264376870811148,53.3451234878167,45.95804651537845
2024-03-17 21:00:00,26.81412147695807,51.44607562769578,51.40883410822133
2024-03-17 21:00:00,25.51185503192201,46.83337542957717,51.007322245130325
2024-03-17 21:00:00,22.422861493365414,55.12528026618069,47.982659819857616
2024-03-17 22:00:00,26.508643441690808,54.218301729246505,43.42697976066942
2024-03-17 22:00:00,26.143315774544835,43.58923153837924,47.71136583215895
2024-03-17 22:00:00,28.039337851694885,57.5393463648983,42.47094469473874
2024-03-17 23:00:00,25.28211579926439,48.231244611159,39.545976088097646
2024-03-17 23:00:00,23.723643717193188,53.60323397463547,37.397331147709714
2024-03-17 23:00:00,21.03132776920853,46.66102476511135,42.16231374103086
2024-03-18 00:00:00,25.434979580180386,50.173157374388175,48.52345496624713
2024-03-18 00:00:00,23.61756473158397,52.66539458787391,46.84212607923767
2024-03-18 00:00:00,23.0372857234043,52.9661505522634,49.90851999582942
2024-03-18 01:00:00,25.18422534855114,43.99693223838487,46.00090881838101
2024-03-18 01:00:00,18.249595855469973,51.25813914871619,45.56893202541712
2024-03-18 01:00:00,25.589059220166973,59.84649778348325,40.14568667223568
2024-03-18 02:00:00,22.15694388488465,52.464617704311785,45.762327079606806
2024-03-18 02:00:00,26.929598571915932,47.64416790143255,40.45890350922306
2024-03-18 02:00:00,22.561252954182443,55.41750071225019,48.79629336410816
2024-03-18 03:00:00,23.7456812577861,50.839930554943386,44.90936801594369
2024-03-18 03:00:00,24.092952651137782,54.0494610559297,54.81089516869368
2024-03-18 03:00:00,23.17354362168612,37.82480354009866,44.6143088967552
2024-03-18 04:00:00,22.558839852510083,45.13564940999627,48.63275505607885
2024-03-18 04:00:00,24.32071727460678,50.33238160770156,46.15928367975173
2024-03-18 04:00:00,26.626293267631496,57.49384994249455,45.20941455620034
2024-03-18 05:00:00,25.067578017230485,67.76749710683303,38.67736130381066
2024-03-18 05:00:00,22.76855929579821,46.87739194470649,35.5444434077928
2024-03-18 05:00:00,21.14329787602881,46.79251438622398,41.78325862593873
2024-03-18 06:00:00,25.999872572294137,54.707139700512,46.184027181819296
2024-03-18 06:00:00,22.140388964247485,52.48200137546984,49.73376276512364
2024-03-18 06:00:00,20.85830344131634,44.71148675690122,48.08145406682807
2024-03-18 07:00:00,27.577205313208804,54.761457791887615,37.17588163055025
2024-03-18 07:00:00,24.28647800755845,49.97493306753129,45.425117456663216
2024-03-18 07:00:00,20.933948910456916,55.89852071812474,43.56799612963296
2024-03-18 08:00:00,26.45820135548692,49.75059609225131,53.14889112173296
2024-03-18 08:00:00,26.174156919776664,46.84323367556049,45.576744499005024
2024-03-18 08:00:00,25.168467458309447,56.21907710226057,50.643500908493245
2024-03-18 09:00:00,25.32698389467529,59.01182296684143,46.60796124387464
2024-03-18 09:00:00,24.282555301159856,48.7283626401085,41.199496337899234
2024-03-18 09:00:00,23.38706866703929,52.67292225716141,29.132464113378926
2024-03-18 10:00:00,22.00384905251429,56.64086831971344,41.53970599131112
2024-03-18 10:00:00,27.176657794723425,52.50328086618519,45.37660688091204
2024-03-18 10:00:00,24.239788997775356,41.73104376773661,40.88395864722654
2024-03-18 11:00:00,23.6938182717256,52.30933529673121,44.32859362168888
2024-03-18 11:00:00,26.287620196614952,55.8200764769751,44.80400917909157
2024-03-18 11:00:00,24.12929373423817,49.328298457021525,44.42274945734137
2024-03-18 12:00:00,25.164628065934355,54.75586560371631,41.98002823301231
2024-03-18 12:00:00,22.37568514529196,48.228207161694165,42.55147837471832
2024-03-18 12:00:00,21.78844653561113,46.43231789048194,45.37655065293267
2024-03-18 13:00:00,22.702483788309053,53.08475435027805,51.09902313450674
2024-03-18 13:00:00,24.343186338945785,59.92973439636469,48.75443360370765
2024-03-18 13:00:00,24.085770976052267,45.95688242517927,43.47724191395285
2024-03-18 14:00:00,26.58659375573308,53.74350785639229,49.553399132579166
2024-03-18 14:00:00,24.98391938320122,50.39112297010422,41.5541146092632
2024-03-18 14:00:00,24.942939307239666,46.63959725176544,46.95778648545811
2024-03-18 15:00:00,20.85844021593536,52.61207455222535,51.03096855318357
2024-03-18 15:00:00,23.9647118709108,53.88070284274014,42.96597952230286
2024-03-18 15:00:00,23.14453077213679,42.29405123056993,41.18930706931049
2024-03-18 16:00:00,22.831933215806064,51.21369892886818,51.42717914622859
2024-03-18 16:00:00,23.67732542076324,45.53952880752108,40.42656800708749
2024-03-18 16:00:00,22.872511639635,47.35218841214563,46.70119466768989
2024-03-18 17:00:00,23.832073015496423,52.63309362450577,38.68370661059505
2024-03-18 17:00:00,26.878453198615208,51.003843992351264,44.01987607186254
2024-03-18 17:00:00,26.018226261113405,47.439355431168295,41.397584483414896
2024-03-18 18:00:00,28.23025109810238,49.24429684312695,44.65809229935468
2024-03-18 18:00:00,26.657781285738917,57.200664707283565,43.37588300723483
2024-03-18 18:00:00,23.62091254635649,48.68398556500188,44.147131490588656
2024-03-18 19:00:00,28.515181108640785,50.834092759130975,53.06120471178516
2024-03-18 19:00:00,22.983955829408774,49.319040776945165,43.79698476329956
2024-03-18 19:00:00,24.32080800796636,57.42369399624258,47.55038443632323
2024-03-18 20:00:00,21.980381137653996,50.78319906107672,48.219457104834255
2024-03-18 20:00:00,28.108252569930265,43.5062324666155,45.18699083948716
2024-03-18 20:00:00,22.67963784422003,42.93876062896485,41.65563649822966
2024-03-18 21:00:00,23.14565826882084,55.406903693613934,47.9881244730266
2024-03-18 21:00:00,25.312955021912565,54.49047479917995,40.07842512548476
2024-03-18 21:00:00,20.45200225978675,42.37696682790066,33.85923997893759
2024-03-18 22:00:00,24.08222493961776,50.30891101671256,46.95635952962706
2024-03-18 22:00:00,23.87403522137972,53.95809950779556,47.75126468645822
2024-03-18 22:00:00,26.273963510470264,54.48724651025336,47.88796084188354
2024-03-18 23:00:00,23.32527504733352,63.34560713003614,49.51336021498165
2024-03-18 23:00:00,24.040491387169663,52.51495758276208,45.43547212821569
2024-03-18 23:00:00,22.81479623390027,48.16209905671677,41.50998405847931
2024-03-19 00:00:00,23.276886615060835,45.27251208608421,56.59515150627868
2024-03-19 00:00:00,29.26924215195734,53.46444138264333,42.72472696325219
2024-03-19 00:00:00,21.43158077326496,56.87075608887635,39.72214418031668
2024-03-19 01:00:00,23.776645418377782,52.27683616883533,46.394477493142375
2024-03-19 01:00:00,23.94821956480574,50.005980945362325,48.67105528670022
2024-03-19 01:00:00,24.31566987197388,55.2004162744071,40.203676755784166
2024-03-19 02:00:00,24.912789325651545,52.19844533345004,47.24249153366164
2024-03-19 02:00:00,25.36249919805706,52.623498457143214,55.33224924308929
2024-03-19 02:00:00,22.14101733176415,43.91251648588027,33.6417693595482
2024-03-19 03:00:00,23.25461952269236,49.83551346710701,43.45836566080901
2024-03-19 03:00:00,24.26644293755312,59.185371962091054,45.9317191769066
2024-03-19 03:00:00,23.95197482039833,58.04084110040583,45.72742935919853
2024-03-19 04:00:00,21.76269035541384,46.84172421362099,53.44027098014272
2024-03-19 04:00:00,24.03628956192352,43.01027213276503,39.62648826926445
2024-03-19 04:00:00,24.638489058039674,52.602042665723474,51.37186366090201
2024-03-19 05:00:00,23.173088696476544,52.71709825999393,44.79082416468736
2024-03-19 05:00:00,22.073245897539916,51.682428793133504,54.073018093152
2024-03-19 05:00:00,21.104595566198284,42.21171231211465,41.45146598434185
2024-03-19 06:00:00,26.756532375546307,51.46562118640099,46.03637413559358
2024-03-19 06:00:00,24.676266643627443,49.52175650457055,52.950897680210105
2024-03-19 06:00:00,25.85036177313672,46.0546836577092,50.5100368591546
2024-03-19 07:00:00,24.70064390196491,46.75856118912806,48.59812519441908
2024-03-19 07:00:00,23.046054463344102,58.05904407834196,45.72952097695908
2024-03-19 07:00:00,24.34041962073199,56.91953261634605,33.18682720098623
2024-03-19 08:00:00,24.862837946804376,44.72659640143804,50.8287810218356
2024-03-19 08:00:00,23.867410928842848,48.95295748552601,46.91634521038248
2024-03-19 08:00:00,22.45595175274763,53.84944114831651,50.04215485738258
2024-03-19 09:00:00,23.28739425089786,48.62138800388151,42.81236310947153
2024-03-19 09:00:00,23.42511692763243,56.88120730288364,52.20290535447398
2024-03-19 09:00:00,22.54712163421422,58.780839264392725,42.15840733581454
2024-03-19 10:00:00,26.43156773706858,51.262758042550665,50.260393362175286
2024-03-19 10:00:00,27.831251207018816,52.45482145708163,40.40124583536257
2024-03-19 10:00:00,27.793526119073128,59.02201511720404,41.65709855754911
2024-03-19 11:00:00,23.817471097706317,53.96835917702062,49.9569816553479
2024-03-19 11:00:00,25.286625089069155,52.50155329975077,43.45741127394821
2024-03-19 11:00:00,24.92481064907165,56.01033644240477,49.27553783990346
2024-03-19 12:00:00,24.209942199544223,57.64036543947475,46.00453835165848
2024-03-19 12:00:00,26.911308657986197,61.362289461835246,41.108476786143015
2024-03-19 12:00:00,24.710473418400944,51.12608381022332,44.02613643649731
2024-03-19 13:00:00,24.561854935188727,54.74742249246849,45.28579150486045
2024-03-19 13:00:00,22.00566536536102,49.21772282646639,47.32890821243549
2024-03-19 13:00:00,22.60108518419459,47.52380537894652,38.08793434790787
2024-03-19 14:00:00,20.36901913167957,51.00175583325466,42.691736328721646
2024-03-19 14:00:00,23.48352507484672,58.03487426119855,45.66509163898245
2024-03-19 14:00:00,24.090801089490466,44.84026209352289,50.87495573269695
2024-03-19 15:00:00,24.510846157645435,49.11309955513425,52.4260916590364
2024-03-19 15:00:00,24.11242602737648,49.54899550265451,42.06557921928413
2024-03-19 15:00:00,26.692738616257504,48.80530772288182,41.952621408811325
2024-03-19 16:00:00,22.751339988634676,51.70140019951569,43.71489991082934
2024-03-19 16:00:00,22.48090358354637,49.18153771162239,50.37723824334504
2024-03-19 16:00:00,23.11363239402234,52.23539886817447,47.71820205289281
2024-03-19 17:00:00,25.43320595097063,44.65420972222627,48.46712406793122
2024-03-19 17:00:00,26.64472708143132,49.88815645501706,41.32712306896436
2024-03-19 17:00:00,21.19576303654386,56.26683286174429,52.033596162146736
2024-03-19 18:00:00,26.17490086483745,48.64291331612522,39.31496076125024
2024-03-19 18:00:00,24.711112107655357,42.661140144477365,47.58962746784948
2024-03-19 18:00:00,26.594146146105903,43.07833382462685,45.14751659631565
2024-03-19 19:00:00,23.157152425396497,56.18364464857392,39.12707707563564
2024-03-19 19:00:00,23.52136776575794,45.97851465437133,42.01452140659944
2024-03-19 19:00:00,23.94309407831627,54.85667988916613,48.40569237489769
2024-03-19 20:00:00,27.38804767785848,54.29480997614898,33.18911543818275
2024-03-19 20:00:00,21.47235784563682,45.017045575725,49.96519713904252
2024-03-19 20:00:00,24.85436400515354,53.89401082167655,47.42233483616502
2024-03-19 21:00:00,25.54058753704481,46.50876138094311,44.93029534256918
2024-03-19 21:00:00,24.456381557742688,45.87155678562904,50.31812059008673
2024-03-19 21:00:00,21.527896007174707,48.08314140914468,43.18571510627463
2024-03-19 22:00:00,21.4779246305429,48.37664700215476,34.431711817290534
2024-03-19 22:00:00,24.230660505902517,44.92184407205122,52.20546259257699
2024-03-19 22:00:00,21.832221035818076,42.27185906358976,51.76987545037742
2024-03-19 23:00:00,20.765035968247304,44.26289312165384,45.642580057000586
2024-03-19 23:00:00,24.218201611538905,54.46689795708996,36.19763373291657
2024-03-19 23:00:00,23.863551336628134,57.09893863416268,49.4811899838792
2024-03-20 00:00:00,25.530612535704304,49.5663053296515,42.39753508437136
2024-03-20 00:00:00,24.939839665060628,59.562148784468704,38.15649415399546
2024-03-20 00:00:00,23.73145050097552,53.75889936253254,48.38853485972435
2024-03-20 01:00:00,25.65588303777441,46.7769247460275,44.13780785755143
2024-03-20 01:00:00,22.22635050229139,40.00550962900088,39.92054799110869
2024-03-20 01:00:00,23.20503412924647,44.13965608363199,48.30055712437888
2024-03-20 02:00:00,22.625100244143603,45.66316725500348,48.38744520988941
2024-03-20 02:00:00,22.374170688221547,59.6050626044597,44.02677607264258
2024-03-20 02:00:00,23.97329072573833,50.71805682885606,45.968108263574194
2024-03-20 03:00:00,23.857111208275413,48.45703452735749,53.14095679116642
2024-03-20 03:00:00,24.29481514103553,48.460353552320456,40.84325641887299
2024-03-20 03:00:00,21.413546554488317,37.47423360698272,43.28440577054312
2024-03-20 04:00:00,26.651738590099512,57.12284609575428,44.17951386928416
2024-03-20 04:00:00,25.427945802222432,49.977452132804295,50.00190072269025
2024-03-20 04:00:00,23.52356605796594,35.72257019630513,46.5883843270071
2024-03-20 05:00:00,27.47293876526772,58.08945759527529,44.54593353009609
2024-03-20 05:00:00,23.33731512994184,39.337759910482575,37.18457483193132
2024-03-20 05:00:00,23.22166587760157,47.1699532673507,42.19003068399953
2024-03-20 06:00:00,24.178656875187485,43.854044238171184,43.873663916746
2024-03-20 06:00:00,23.075367039980964,50.07134917512351,47.53485825448473
2024-03-20 06:00:00,25.6034324115535,49.899539010012525,41.76153984401181
2024-03-20 07:00:00,22.44394671004188,52.61631069635529,45.878931512486815
2024-03-20 07:00:00,25.04913767010579,58.75743582945293,42.176341009243394
2024-03-20 07:00:00,24.313106365770015,52.62449031256406,41.17482815389847
2024-03-20 08:00:00,20.74925803755637,49.07385361830433,45.90265046945383
2024-03-20 08:00:00,25.71110721425181,49.702138201401176,48.01352491811068
2024-03-20 08:00:00,22.5962667666776,50.113016440338754,44.449293613587486
2024-03-20 09:00:00,24.00183060483413,47.07579589803864,43.41764128268591
2024-03-20 09:00:00,24.295596394530055,44.35499224798849,45.44862521387211
2024-03-20 09:00:00,27.478902873475352,58.1502866761028,39.87327775717712
2024-03-20 10:00:00,22.53982557776632,46.90795530674625,40.50522096078965
2024-03-20 10:00:00,24.69204715151924,51.96692548313613,52.186161128519416
2024-03-20 10:00:00,24.518935402977423,54.11608458602011,35.66044193824143
2024-03-20 11:00:00,23.1845170550688,37.30816814450156,45.33464021623388
2024-03-20 11:00:00,23.60155570395068,49.50946838508848,47.69775724912634
2024-03-20 11:00:00,24.15172078917432,57.003069677786186,45.58498847094053
2024-03-20 12:00:00,24.706133162650737,46.9439609335838,36.34605325200334
2024-03-20 12:00:00,21.8827028057042,56.36933368298892,45.70785843562652
2024-03-20 12:00:00,25.69184585383837,45.53219793088616,42.101662668177134
2024-03-20 13:00:00,21.97025898418666,53.32903982167958,42.22122994810128
2024-03-20 13:00:00,21.944067669892863,58.08719360271695,45.893652614120846
2024-03-20 13:00:00,27.72058620514777,49.95410021395877,45.7926499355406
2024-03-20 14:00:00,19.13000843069103,56.232402862271385,45.07075108692187
2024-03-20 14:00:00,24.201922823917112,54.28194482094292,44.081762212967874
2024-03-20 14:00:00,23.815228661769627,51.00451163171666,35.45263024609909
2024-03-20 15:00:00,20.80143961234151,46.97872230359852,38.6317362796862
2024-03-20 15:00:00,23.88025908782695,45.42898620768924,47.48742042536576
2024-03-20 15:00:00,23.630733973534166,54.37671908056994,48.204500300854406
2024-03-20 16:00:00,24.96212863207723,48.29791560746075,39.78466297578199
2024-03-20 16:00:00,25.136944099622188,54.089228120246695,37.30048540378543
2024-03-20 16:00:00,28.290396272651503,50.13037061735012,47.29374961524744
2024-03-20 17:00:00,23.88901882964309,48.098540702802886,42.44796757876679
2024-03-20 17:00:00,24.438120960805588,55.90978301274525,46.36031453146933
2024-03-20 17:00:00,26.132584352981244,42.244853737492505,45.973312583702544
2024-03-20 18:00:00,25.96238998951302,52.21569365111889,43.58791142917417
2024-03-20 18:00:00,21.868362586204142,41.93161779808814,47.79571304225766
2024-03-20 18:00:00,25.715232460404994,41.98878190210306,44.73353531531259
2024-03-20 19:00:00,20.712292999792226,47.616091579424136,44.6810690526629
2024-03-20 19:00:00,24.8301712631214,53.33255047033184,46.69391014195923
2024-03-20 19:00:00,24.17649072986533,52.58695199269409,46.81627813354982
2024-03-20 20:00:00,25.04599913885912,59.23896607639928,49.1274195482788
2024-03-20 20:00:00,22.33658831645108,44.24991039335001,50.09429950770586
2024-03-20 20:00:00,22.673455203069366,46.403420425018695,43.54056957097796
2024-03-20 21:00:00,23.807252512766222,49.77190617316786,46.38313276520127
2024-03-20 21:00:00,23.847339031946465,51.841405948180025,38.67645057303869
2024-03-20 21:00:00,23.06527752054385,43.3403208053054,42.49347729812827
2024-03-20 22:00:00,20.352228261422947,48.739830615926174,41.96957776226179
2024-03-20 22:00:00,20.132093561677134,53.3306182062256,50.18289716992295
2024-03-20 22:00:00,23.85870452396828,49.06230712588122,41.665846297706864
2024-03-20 23:00:00,26.88135136423532,56.58000094148507,45.18927216026836
2024-03-20 23:00:00,28.183212356721057,57.854039043028266,41.76140385113109
2024-03-20 23:00:00,23.56833008640762,46.5774607372476,42.93378429960575
2024-03-21 00:00:00,21.182018326792956,49.383810433591854,42.24267246329104
2024-03-21 00:00:00,22.99100040436973,44.64584746535931,45.47717399993648
2024-03-21 00:00:00,21.89749515839663,56.70333304900376,44.46703591453039
2024-03-21 01:00:00,26.28177792869989,45.01321324078891,44.05181118808435
2024-03-21 01:00:00,25.037001657728432,46.82111756181723,46.8314246904828
2024-03-21 01:00:00,23.445028661174984,42.88508222653858,43.7196567191988
2024-03-21 02:00:00,21.0184318650928,47.76911089640615,46.67331865534308
2024-03-21 02:00:00,24.021834494355083,52.989286690966296,43.69667205755381
2024-03-21 02:00:00,23.18329232735198,52.9747670759778,40.11709578113143
2024-03-21 03:00:00,23.422136887771355,47.72049565516906,44.63540423071297
2024-03-21 03:00:00,27.523653501795533,47.75533620479363,44.6830701709241
2024-03-21 03:00:00,28.809402123049438,51.328284813707135,48.539136112077806
2024-03-21 04:00:00,22.113652514553927,57.90772217986908,43.9180990178859
2024-03-21 04:00:00,24.70623167882698,56.30073729536542,45.2505578903543
2024-03-21 04:00:00,25.54379081808905,47.32375389575765,39.26223878392599
2024-03-21 05:00:00,19.891654322019686,49.83827323489969,43.25146155371593
2024-03-21 05:00:00,21.988110156706234,53.80092580904203,46.45363912623591
2024-03-21 05:00:00,26.0725123018304,57.86479446208193,39.567573259685496
2024-03-21 06:00:00,23.39842693572805,45.62434419432677,34.53990931194244
2024-03-21 06:00:00,22.61002973830989,42.00859301795979,42.26508458989717
2024-03-21 06:00:00,24.98999158129376,47.47344408008178,34.428337788296425
2024-03-21 07:00:00,22.99698255081957,52.69886427252433,49.9269190767148
2024-03-21 07:00:00,26.02126526308845,48.23295244183558,47.193842370038105
2024-03-21 07:00:00,21.58436431550034,48.98705994843456,56.07840643415378
2024-03-21 08:00:00,25.94339648015957,49.54324772079464,46.39162094655076
2024-03-21 08:00:00,27.14004387565955,44.37954326955563,49.98591292532366
2024-03-21 08:00:00,24.480290133760352,55.55283593319232,47.93310901978112
2024-03-21 09:00:00,26.639716186131714,47.30712948353598,43.046152492109535
2024-03-21 09:00:00,21.42040975111363,49.66547207651554,43.39951178069485
2024-03-21 09:00:00,28.46980142795878,50.75765848507898,42.038186924303055
2024-03-21 10:00:00,22.408501052916645,37.11843083549777,49.93048540792454
2024-03-21 10:00:00,25.146200317732315,40.28964486268549,40.5757178491737
2024-03-21 10:00:00,22.19046523624719,51.02366374297644,46.755273379901965
2024-03-21 11:00:00,21.405872794989687,56.32941250569949,49.79023157040613
2024-03-21 11:00:00,23.675952310929148,47.321786248843885,45.575859409651535
2024-03-21 11:00:00,23.008005350511684,62.88890707002157,38.45166590708587
2024-03-21 12:00:00,21.737680753641243,48.84513180758583,51.50891842190182
2024-03-21 12:00:00,26.839934705590128,48.55573975065588,47.11798493975894
2024-03-21 12:00:00,24.90752857082425,48.42489530895488,48.246617775758686
2024-03-21 13:00:00,24.10937402089578,47.815037946267104,51.51648285145023
2024-03-21 13:00:00,22.269762660003707,52.55380358063369,41.37350755223571
2024-03-21 13:00:00,24.95985708877984,44.16765266534926,42.04255318125821
2024-03-21 14:00:00,23.792524169705395,46.77327114733804,53.92486016325706
2024-03-21 14:00:00,20.59476955145405,45.38079367934266,53.56194317645925
2024-03-21 14:00:00,26.097484634545523,41.34162438895597,41.04824468427353
2024-03-21 15:00:00,23.60788546601332,47.21109590324144,49.35246766513527
2024-03-21 15:00:00,27.2897994168754,48.00618467847272,38.23339265628874
2024-03-21 15:00:00,27.170618564898906,50.40906937922114,41.64523071851443
2024-03-21 16:00:00,24.430457134071943,53.93777711256816,50.242072455893
2024-03-21 16:00:00,21.86795646386539,47.868754438760256,47.21842371429798
2024-03-21 16:00:00,24.199420782331647,48.94025938561828,38.57134947357635
2024-03-21 17:00:00,27.294380689910994,43.61408455538453,43.82994729705316
2024-03-21 17:00:00,24.973250157520056,58.8612947473088,49.56395014606407
2024-03-21 17:00:00,29.684308495610868,49.29895165856605,46.62984224393567
2024-03-21 18:00:00,23.407376531490712,42.90138962168674,41.60850222121082
2024-03-21 18:00:00,22.68735281525893,45.00222205708276,43.02172813158297
2024-03-21 18:00:00,23.47335928020193,52.6006143708454,35.68222299994733
2024-03-21 19:00:00,23.587622382464577,61.49479042524841,43.35512528864841
2024-03-21 19:00:00,24.980015836643556,51.49879523084972,41.99037028510795
2024-03-21 19:00:00,21.85259387448407,40.70315018614599,38.22232927008721
2024-03-21 20:00:00,22.768802000331547,51.89532564521241,41.14374433438849
2024-03-21 20:00:00,21.949267644710783,60.60896510734688,43.38997300898183
2024-03-21 20:00:00,24.25274364415962,55.827166251138,51.58619660518975
2024-03-21 21:00:00,23.259908569139228,41.836449526858274,46.018550273716976
2024-03-21 21:00:00,24.394348229165352,51.950774035485054,45.63115558350479
2024-03-21 21:00:00,23.2628347670722,46.78357517811806,41.83389389853773
2024-03-21 22:00:00,28.508024564618516,50.33614623979656,44.80738572004968
2024-03-21 22:00:00,23.87247011958344,50.45533493608842,52.646150866549725
2024-03-21 22:00:00,23.8686965026712,51.24704761650508,43.42334259342287
2024-03-21 23:00:00,22.883479749087385,48.35200892825464,53.55364683680435
2024-03-21 23:00:00,25.176246504170845,46.939979470159,47.717101558663074
2024-03-21 23:00:00,23.98559841397948,50.6449827528194,45.02439393972022
2024-03-22 00:00:00,23.646454052323083,52.53277143953286,50.33616825503245
2024-03-22 00:00:00,21.77811963719315,51.30203514868151,43.83887355795579
2024-03-22 00:00:00,20.432375733141843,53.63222151922106,43.802115544396
2024-03-22 01:00:00,24.00890192198226,51.18202242237306,37.636502847831366
2024-03-22 01:00:00,21.465738956758603,46.1210148886415,44.26357815726898
2024-03-22 01:00:00,24.420424079976097,42.63267147544992,40.03239896084161
2024-03-22 02:00:00,23.77825455811037,47.8902268669095,54.22422798988011
2024-03-22 02:00:00,23.369116793770264,60.981775304152514,41.21605357039751
2024-03-22 02:00:00,25.813275182967384,50.28263142236906,50.71595385970866
2024-03-22 03:00:00,24.191142526268592,50.1829778376794,47.58917036628728
2024-03-22 03:00:00,24.6943717432937,49.58720036494568,44.94749815390481
2024-03-22 03:00:00,23.77145184971108,47.2043647737297,46.55814033407728
2024-03-22 04:00:00,25.78367710746208,49.06322331936805,46.43620688916157
2024-03-22 04:00:00,25.00515212569768,55.67396746903764,44.70632639307378
2024-03-22 04:00:00,24.754613141975504,46.6102603530878,45.46915163088242
2024-03-22 05:00:00,27.35357733038667,49.82694079383877,46.86554711979208
2024-03-22 05:00:00,19.27841240100121,49.590873419363625,46.12240419144909
2024-03-22 05:00:00,21.423463950916783,58.85771584993625,44.92425994038072
2024-03-22 06:00:00,23.144587687153248,52.2537212121686,52.46447686668364
2024-03-22 06:00:00,24.20136571857634,48.35270755615103,44.46046779445879
2024-03-22 06:00:00,26.791561285224844,44.25111353211127,48.07425291651531
2024-03-22 07:00:00,23.759145078448107,52.56188320096916,46.88393118363231
2024-03-22 07:00:00,24.54178481759453,59.85117318690728,54.75680011547946
2024-03-22 07:00:00,25.122633698162748,49.54107671297676,41.60005006354256
2024-03-22 08:00:00,23.41025141726073,52.86706467456415,47.6154316688469
2024-03-22 08:00:00,25.46553525520189,49.786780483735306,49.46715316806932
2024-03-22 08:00:00,21.28119865993601,52.37604601307444,42.6042507464374
2024-03-22 09:00:00,23.919257449229864,46.54292859657872,43.25511261056627
2024-03-22 09:00:00,23.9136513619833,49.06165265038793,55.08418642700427
2024-03-22 09:00:00,20.969595879001968,48.21397532040504,39.59581162164413
2024-03-22 10:00:00,25.287634984362622,55.23831360402743,41.40150199282656
2024-03-22 10:00:00,23.08292559386881,50.4800532075027,37.490006423944166
2024-03-22 10:00:00,29.07381252429879,41.14510235511212,43.46804737773758
2024-03-22 11:00:00,25.08590117217079,41.307635587909246,48.42383270559176
2024-03-22 11:00:00,22.979129741715266,50.616549800691,44.144580741606894
2024-03-22 11:00:00,23.4899452650374,44.46171212306224,39.00541794777375
2024-03-22 12:00:00,23.28411479603386,41.5380152917292,48.34487202419911
2024-03-22 12:00:00,22.80915724695153,48.65914221356984,53.116464794337695
2024-03-22 12:00:00,22.892147138447907,47.41578540179536,38.07890984961308
2024-03-22 13:00:00,21.67019878743361,53.66594395339655,41.907379634500856
2024-03-22 13:00:00,20.374489292031495,41.58957338730583,47.12846945337542
2024-03-22 13:00:00,27.209355821073597,51.83356577419441,39.43117963458067
2024-03-22 14:00:00,21.65666116990757,57.76148110562095,41.92226796545937
2024-03-22 14:00:00,22.235282455855288,41.18944589240067,41.51786652391007
2024-03-22 14:00:00,16.985426275583787,51.64718455011731,40.11594066421325
2024-03-22 15:00:00,24.157607372447103,45.9743617067896,44.26212302455768
2024-03-22 15:00:00,27.17852661750684,50.5023231196692,43.06038035399145
2024-03-22 15:00:00,22.99611299767294,39.69321256609942,41.16304856497423
2024-03-22 16:00:00,23.128370893637445,48.89896462821452,50.67634419899867
2024-03-22 16:00:00,22.19358878602053,54.47704473889338,44.49382768214319
2024-03-22 16:00:00,24.121468615151084,43.08605929996822,47.37633728093677
2024-03-22 17:00:00,24.396931689974306,53.08174670099613,45.58379536708062
2024-03-22 17:00:00,23.246388240507503,45.22336903243436,51.27603052948413
2024-03-22 17:00:00,25.807132100755595,45.06434165126986,46.682194383705856
2024-03-22 18:00:00,28.306673370921544,52.01498520727481,46.88204214415075
2024-03-22 18:00:00,28.8969616762514,55.75549391742564,40.778252611670375
2024-03-22 18:00:00,22.46254022529423,46.73570992240755,43.39468886424376
2024-03-22 19:00:00,26.40338539947515,50.85724960746515,49.10632417895141
2024-03-22 19:00:00,25.001346155428514,46.76270945238057,43.86381634752966
2024-03-22 19:00:00,24.36067286051405,52.407585353483945,49.67812902119146
2024-03-22 20:00:00,25.59415634032708,43.14768429419932,46.9955675286332
2024-03-22 20:00:00,26.336101493812123,50.9420560468527,39.97487646741082
2024-03-22 20:00:00,25.8171982263474,48.81023450560952,44.64611187640237
2024-03-22 21:00:00,26.712354697715373,50.08142049834091,49.80629117327243
2024-03-22 21:00:00,29.892705117805647,51.96711577060471,46.02817152659562
2024-03-22 21:00:00,23.27125105646246,47.88768793669402,43.270403184028304
2024-03-22 22:00:00,23.360451660505024,54.35827074937023,45.60638002136686
2024-03-22 22:00:00,26.375442079953736,48.542481038713525,46.56114933861131
2024-03-22 22:00:00,21.69122309957014,53.669013364733566,44.96600457421566
2024-03-22 23:00:00,25.01593135133442,48.94946694084085,45.6152094071386
2024-03-22 23:00:00,23.40610788967445,50.69141167971192,41.597826246982336
2024-03-22 23:00:00,25.76756212283629,56.11723092123123,41.4389612895072
2024-03-23 00:00:00,22.17457523672612,50.106825213992686,36.28698973910321
2024-03-23 00:00:00,24.476074532285413,50.174986250667786,44.33361417927262
2024-03-23 00:00:00,23.396310976348094,45.36250976899763,44.13775334245782
2024-03-23 01:00:00,24.30778086504048,55.55307596762933,46.799643202461546
2024-03-23 01:00:00,21.43665282616565,45.04372886911519,43.27066210871611
2024-03-23 01:00:00,20.90466101355691,44.47590068538933,46.006391553135394
2024-03-23 02:00:00,25.277157601734334,47.35961522805073,42.25657128665584
2024-03-23 02:00:00,22.965666691232,45.39022322624295,45.23303078851027
2024-03-23 02:00:00,20.384294355785567,52.43129530160776,45.48904363786147
2024-03-23 03:00:00,25.748663287690015,49.521361434846376,36.19721566568758
2024-03-23 03:00:00,24.17115970995272,54.28152720571062,47.39619106433788
2024-03-23 03:00:00,28.94686959132663,48.726133367665724,47.94943468399814
2024-03-23 04:00:00,22.302717328610463,44.12370520957681,40.54277305116431
2024-03-23 04:00:00,22.501277934148728,51.71999358704142,38.732859704339006
2024-03-23 04:00:00,25.27948395377888,47.5887898604708,46.80509600013266
2024-03-23 05:00:00,20.47369814457872,31.147424254823967,38.66400317284016
2024-03-23 05:00:00,23.265542924284123,44.90933197542626,37.772000556787184
2024-03-23 05:00:00,26.182221254260988,38.18146316306726,41.20365985154656
2024-03-23 06:00:00,22.18590569255705,44.02872315592211,53.2796416666876
2024-03-23 06:00:00,24.4251312230644,49.046649319356526,46.401996331660605
2024-03-23 06:00:00,23.80154424368883,64.32785288453738,44.50851549381972
2024-03-23 07:00:00,26.110566978425343,38.48311462261876,52.77468987556376
2024-03-23 07:00:00,24.996680649130447,51.26915607613088,40.41379977453599
2024-03-23 07:00:00,20.54903382839619,49.91380649136613,35.75640707025856
2024-03-23 08:00:00,27.639499711566565,47.07025131402435,46.5882562557923
2024-03-23 08:00:00,22.902849890743315,52.07380509549212,45.64992365806189
2024-03-23 08:00:00,26.496082429568283,51.15872500967348,39.616427300982544
2024-03-23 09:00:00,25.62469334689597,54.73258663460826,48.0184605116448
2024-03-23 09:00:00,24.246624669368494,48.04894336917185,49.69017868797581
2024-03-23 09:00:00,22.45007954584635,57.54852150653269,47.81894123579795
2024-03-23 10:00:00,22.16447637811708,50.76885387836899,41.016011849009686
2024-03-23 10:00:00,25.29421755278215,51.571235969517794,51.35674483928226
2024-03-23 10:00:00,21.353925776635617,50.03774888221549,36.281649483185305
2024-03-23 11:00:00,27.131862909146594,52.61727393953693,43.86321119760782
2024-03-23 11:00:00,23.63118108549147,54.27452717019472,51.35191380566382
2024-03-23 11:00:00,22.506915403412627,47.85515547286992,43.61192973365401
2024-03-23 12:00:00,26.608852809555387,42.98725488712344,51.9418519279
2024-03-23 12:00:00,25.836594609402585,61.65265583196594,37.74808251210177
2024-03-23 12:00:00,19.874915529787664,52.3478139755298,44.724141063435454
2024-03-23 13:00:00,20.56230315231091,44.04872169025819,44.89965978942634
2024-03-23 13:00:00,27.366242306365983,44.82529038945624,49.41210868711703
2024-03-23 13:00:00,27.98001871131582,53.658919417229455,47.344537528711136
2024-03-23 14:00:00,24.01939299850261,46.19814900254698,40.68300250383185
2024-03-23 14:00:00,24.843030542708988,52.8940441421577,54.713990373474765
2024-03-23 14:00:00,25.546708501501865,37.7686365914509,47.14962883115331
2024-03-23 15:00:00,21.935289726813156,49.50068079793618,36.23257554423061
2024-03-23 15:00:00,23.368649342848776,47.401681671261706,49.82969291070634
2024-03-23 15:00:00,25.54962348612069,55.3485857723033,47.76478051716912
2024-03-23 16:00:00,23.460017687386475,43.65947441450631,42.66443780461186
2024-03-23 16:00:00,26.59824174406068,44.96364458516652,57.306389817705735
2024-03-23 16:00:00,22.19713246057922,46.956179571184094,51.3235202599776
2024-03-23 17:00:00,26.263296191319288,49.00216877435796,43.97508090235668
2024-03-23 17:00:00,22.89888050790045,48.52707751969976,40.598919797378045
2024-03-23 17:00:00,21.514192334547857,53.68171907459077,48.79824712649426
2024-03-23 18:00:00,22.334312373320635,62.81856282014543,41.78524365187175
2024-03-23 18:00:00,24.99849427564256,47.42858124048209,46.72931701694446
2024-03-23 18:00:00,25.18780074834866,46.070677698614816,40.251025866334
2024-03-23 19:00:00,25.389227883779416,43.31324404307813,43.18568971843273
2024-03-23 19:00:00,21.37715327357941,48.76228823472348,43.78755141247668
2024-03-23 19:00:00,23.801646522935883,49.76438883086192,41.33917498909242
2024-03-23 20:00:00,20.578112689215786,55.87759644141767,47.15174340824096
2024-03-23 20:00:00,25.42192895549753,50.06605992423359,47.1900409197841
2024-03-23 20:00:00,25.526047032378912,53.2749426817722,43.60038887547563
2024-03-23 21:00:00,25.6616572290209,49.35727707767499,44.42572831539638
2024-03-23 21:00:00,24.05814619519114,50.45927282987465,47.45567470108913
2024-03-23 21:00:00,24.001865887325497,52.43033838561404,48.02405262374384
2024-03-23 22:00:00,22.72627650618406,50.43240205312176,47.05690829409304
2024-03-23 22:00:00,22.635421790633483,45.265712864900166,45.2313075367048
2024-03-23 22:00:00,23.67856844261148,55.25694679691984,46.222711011443536
2024-03-23 23:00:00,24.339099471209767,44.49309826744673,41.94125680521825
2024-03-23 23:00:00,24.1129875621182,45.34021095125357,39.644521206662446
2024-03-23 23:00:00,26.376069960511444,54.62948285229619,45.06441277398983
2024-03-24 00:00:00,26.108082953215604,40.74760780029973,39.52678055771961
2024-03-24 00:00:00,24.435951127349355,43.76143621788881,40.50211506938566
2024-03-24 00:00:00,23.358727270696072,55.69985617412703,51.41531468015774
2024-03-24 01:00:00,24.98988588535121,51.95885459013483,42.31181088480387
2024-03-24 01:00:00,23.70331304259361,51.16099299564348,50.83104884625375
2024-03-24 01:00:00,20.371234202498204,49.13779849148961,52.28781967096682
2024-03-24 02:00:00,22.252975497138497,45.07622790907168,43.87706232106029
2024-03-24 02:00:00,23.744360484578984,54.201647472226426,40.96481765393495
2024-03-24 02:00:00,20.30197080412365,54.05000311675479,45.81428097413839
2024-03-24 03:00:00,25.239804275934024,50.95384879850504,47.04814931004429
2024-03-24 03:00:00,23.76041469177396,52.076378089492046,48.6139802664371
2024-03-24 03:00:00,22.615757721596907,49.56451509988596,41.50446550957342
2024-03-24 04:00:00,25.89840631274981,52.47821350060416,45.87930895658504
2024-03-24 04:00:00,24.00480556059816,51.7117054900966,34.697544358326404
2024-03-24 04:00:00,26.16019234109992,43.64453666918149,45.163718113711255
2024-03-24 05:00:00,22.78839581885477,46.87470957873688,48.26006920304481
2024-03-24 05:00:00,22.5723136728818,39.54079983720905,41.39481692540839
2024-03-24 05:00:00,23.648494221240817,48.21550806436044,54.431762185653525
2024-03-24 06:00:00,21.29742138658027,64.21962821071395,40.38624434775554
2024-03-24 06:00:00,21.95058220648812,47.78976540236623,42.81643029454151
2024-03-24 06:00:00,24.15613304159444,52.49449067352126,39.40831247272949
2024-03-24 07:00:00,26.510967908420508,36.970673473552594,45.35758834417842
2024-03-24 07:00:00,24.140812862396636,54.58180396355004,54.36361746367727
2024-03-24 07:00:00,25.40972518329988,48.82657118953024,59.14949662215106
2024-03-24 08:00:00,19.734977010550462,52.24838262857556,45.78075158872638
2024-03-24 08:00:00,23.788804446741658,46.44909875124237,43.63541747026639
2024-03-24 08:00:00,25.04584759828776,52.58811134765159,41.96382874192275
2024-03-24 09:00:00,23.750617685603867,46.68620607358613,52.83023045545211
2024-03-24 09:00:00,21.84821954235252,45.887424725859546,41.172728737622286
2024-03-24 09:00:00,21.122426809939604,51.03515788342148,50.69114144232032
2024-03-24 10:00:00,26.24051301694808,47.17020117302325,48.04172637241282
2024-03-24 10:00:00,27.8268253778228,52.70865792472784,42.07128870529078
2024-03-24 10:00:00,24.227653839525868,49.38671235931741,42.33483854473052
2024-03-24 11:00:00,27.96307098122891,56.27542941704766,35.906043145020305
2024-03-24 11:00:00,23.061727056084298,49.47909251779912,43.404183857885904
2024-03-24 11:00:00,24.8292573351986,49.951864628258384,43.59713041594028
2024-03-24 12:00:00,22.079717753497487,60.21828239021511,40.26725726130788
2024-03-24 12:00:00,24.874896936536345,50.32231903905733,43.69991150585867
2024-03-24 12:00:00,22.950035582098547,51.28174298509214,43.01217117586964
2024-03-24 13:00:00,26.698274535842547,49.96292310164525,46.0208131611601
2024-03-24 13:00:00,23.524027916765647,52.12306842451537,48.778715205766254
2024-03-24 13:00:00,19.231348804582737,43.81451472979012,36.917902385451086
2024-03-24 14:00:00,24.16961132833789,43.83477547808921,43.33784234902357
2024-03-24 14:00:00,22.8883670291088,43.40328929292188,41.94962856905812
2024-03-24 14:00:00,20.18537285506511,66.39374046072459,44.20221140432298
2024-03-24 15:00:00,23.36809161753676,44.83883606862844,52.98436096307992
2024-03-24 15:00:00,24.588466872081774,58.50936424825934,44.09651360385474
2024-03-24 15:00:00,24.183149621867216,46.1537296368922,34.37160250111899
2024-03-24 16:00:00,21.97354433155821,53.77174800523953,48.3040427814021
2024-03-24 16:00:00,23.144223149144903,60.449074007736016,44.72905902463614
2024-03-24 16:00:00,21.429838145963604,45.254146252585386,45.9325630717539
2024-03-24 17:00:00,26.34631680695105,51.00677659171865,41.35358787683568
2024-03-24 17:00:00,25.5446579363695,40.26765851575591,34.9604867812576
2024-03-24 17:00:00,25.04799888239796,48.2566575344366,43.95636579469
2024-03-24 18:00:00,23.022790991032384,46.98767124228499,46.39642053845365
2024-03-24 18:00:00,22.139801261827817,48.25360397810296,47.4674810351849
2024-03-24 18:00:00,23.33278295355338,51.32581300087024,39.81687606365274
2024-03-24 19:00:00,22.52451946431972,49.89137269548527,46.99256199425464
2024-03-24 19:00:00,26.854675244962426,53.00321967252698,48.31060373584387
2024-03-24 19:00:00,21.519976275533367,43.82026169394841,45.21247356848372
2024-03-24 20:00:00,26.04734462321707,44.89793802298232,38.38773691531276
2024-03-24 20:00:00,24.47913888787684,51.53205052030777,44.86469339692185
2024-03-24 20:00:00,25.37677739473452,53.14680519887602,45.75291887758556
2024-03-24 21:00:00,26.59390470938642,51.67186223016276,37.93260481499911
2024-03-24 21:00:00,23.95544305142894,53.1937998984224,46.38292745034241
2024-03-24 21:00:00,24.435916721948303,47.04863685582228,44.0564898823451
2024-03-24 22:00:00,23.955271057267527,50.79885768086308,43.71940653463917
2024-03-24 22:00:00,21.764560238115983,47.69155222258644,38.52772496908086
2024-03-24 22:00:00,21.88976922929017,51.3409693170253,46.910322932522085
2024-03-24 23:00:00,20.920782213451908,48.54854087490349,41.60793348959075
2024-03-24 23:00:00,23.381238069012987,40.7537272031102,48.90296435852733
2024-03-24 23:00:00,26.247869012441843,41.49122336538612,27.302826257419696
2024-03-25 00:00:00,19.40045786966172,46.93852453464712,49.67022279356617
2024-03-25 00:00:00,24.249279050128266,46.56974299311758,47.49286211837206
2024-03-25 00:00:00,21.850705844967514,45.05088223717275,38.14834271570408
2024-03-25 01:00:00,22.440558670230057,44.9757087836519,42.594678730366745
2024-03-25 01:00:00,23.34935995316856,50.069212033079616,46.333486854573735
2024-03-25 01:00:00,27.398214710432583,49.365243848798585,39.33264528354434
2024-03-25 02:00:00,21.530249753051976,44.708413536666846,40.78043976891865
2024-03-25 02:00:00,27.573141664426306,43.70602391204429,37.26633196410532
2024-03-25 02:00:00,25.336386346031254,57.701566527556864,37.558883760201184
2024-03-25 03:00:00,25.119014058116555,46.02589763522454,54.49899241378293
2024-03-25 03:00:00,24.030575734875285,47.1546029972436,51.14289454056776
2024-03-25 03:00:00,22.696949285602685,55.95013679028837,53.04379129428369
2024-03-25 04:00:00,23.56270815152169,48.43978332085496,51.31314039988991
2024-03-25 04:00:00,23.70745997774829,55.48937091427922,45.59172860033729
2024-03-25 04:00:00,22.82739770117841,49.1540463711293,42.72625124771582
2024-03-25 05:00:00,21.312142157367283,40.80468087468953,44.14287190641065
2024-03-25 05:00:00,27.75962370694345,48.12877009882398,56.08965930847051
2024-03-25 05:00:00,26.996154881325765,50.17995466623855,46.98134884381796
2024-03-25 06:00:00,27.25687958563407,46.72475725306302,43.28026247700914
2024-03-25 06:00:00,21.074335322901245,41.73627216711159,38.79185937780446
2024-03-25 06:00:00,24.33177528425607,49.87465774103136,48.20218181563743
2024-03-25 07:00:00,23.52203246922565,57.28542696483582,43.17643145521841
2024-03-25 07:00:00,23.482197991137653,47.06453953931269,48.39469366317745
2024-03-25 07:00:00,25.29690871838058,39.55262956693587,55.565493444453246
2024-03-25 08:00:00,21.824258098714264,63.63952610102829,52.56172545620272
2024-03-25 08:00:00,25.76776818863351,44.79466044486227,41.94326412967951
2024-03-25 08:00:00,24.57728410316277,45.60583620309259,46.01273098052032
2024-03-25 09:00:00,22.85335548252288,49.93062611230725,54.575575339155705
2024-03-25 09:00:00,24.35853897897931,50.13141318929142,46.42021652763538
2024-03-25 09:00:00,25.79229791777095,55.21794007936663,48.01158847409099
2024-03-25 10:00:00,27.80984713803576,39.83173350569828,44.74361575493326
2024-03-25 10:00:00,26.915555266218878,47.50028537031822,49.91051003551794
2024-03-25 10:00:00,24.93908457829612,49.90555297958672,43.03602768553228
2024-03-25 11:00:00,27.90117871313126,57.632323775177554,35.40664781381163
2024-03-25 11:00:00,26.631208696142583,48.83393051156043,39.29090008773776
2024-03-25 11:00:00,22.271054296315143,42.234202982605495,49.04942430314942
2024-03-25 12:00:00,23.85367287109418,50.19322305379176,39.458971529569546
2024-03-25 12:00:00,27.538110304116053,44.236540529295446,37.147939985742646
2024-03-25 12:00:00,22.33261180510105,59.23939777672101,40.71883208345408
2024-03-25 13:00:00,23.598027654920568,45.09545799105329,49.08922755019389
2024-03-25 13:00:00,25.392857817086465,51.44898666944827,41.10230121068994
2024-03-25 13:00:00,24.846198176725736,43.38870929183378,52.090634297060255
2024-03-25 14:00:00,22.761705261497383,49.505121923368606,43.31863321597287
2024-03-25 14:00:00,23.41241579376307,47.10846228174645,42.63733775326284
2024-03-25 14:00:00,25.05757767380387,52.1539815775008,42.57235920906579
2024-03-25 15:00:00,24.18045241107859,60.8678859559031,46.556229222094565
2024-03-25 15:00:00,26.35911683310828,54.08313356605563,46.26351727100512
2024-03-25 15:00:00,23.742107004360385,45.83251739621879,36.538404712668274
2024-03-25 16:00:00,23.56423869256397,49.74660134419217,44.33304479054941
2024-03-25 16:00:00,21.565455277118232,43.14125557324499,45.76528809817426
2024-03-25 16:00:00,25.73822161639076,46.567443484055445,41.42173825846017
2024-03-25 17:00:00,25.62234028522317,43.00499263599496,49.47506588211405
2024-03-25 17:00:00,23.374267615826422,52.99722004248557,39.64881097182992
2024-03-25 17:00:00,26.42651061756808,42.46044254423148,43.38352003778545
2024-03-25 18:00:00,23.438901168016525,42.6039154958116,47.49528940101739
2024-03-25 18:00:00,22.67095695756533,49.92230292746779,45.80860550901843
2024-03-25 18:00:00,27.23459183465327,48.55508357558623,37.71622446104453
2024-03-25 19:00:00,26.251513132817223,50.99023039931927,46.46095924505197
2024-03-25 19:00:00,23.16910738484082,44.491336572298856,38.71036623752814
2024-03-25 19:00:00,25.00825016078051,45.628043623201,43.59090321561979
2024-03-25 20:00:00,26.66331710865286,49.90670704186432,46.81194824016752
2024-03-25 20:00:00,23.81143544495789,46.354407564161335,46.89669649372233
2024-03-25 20:00:00,24.80865793836286,55.3493619999313,57.57444599159646
2024-03-25 21:00:00,23.94700548225116,46.20497159402307,52.772461324192186
2024-03-25 21:00:00,21.49846971945602,48.87926748265176,44.71746055343389
2024-03-25 21:00:00,28.187690545470574,46.83745300994652,42.82511721273785
2024-03-25 22:00:00,24.282778794970238,43.86797849646506,47.816333671333936
2024-03-25 22:00:00,21.89566173043587,48.05214125288952,45.76612148389512
2024-03-25 22:00:00,25.246758493043178,40.10588139035114,40.05420415538371
2024-03-25 23:00:00,24.28219351266828,51.15382637934368,47.44982768385996
2024-03-25 23:00:00,22.883444726516032,44.09573161024882,42.22278294682416
2024-03-25 23:00:00,22.87792389946206,60.88534715681614,47.48421362681124
2024-03-26 00:00:00,23.92919580025618,55.792891823304544,52.32970540196182
2024-03-26 00:00:00,25.051106524134283,50.14934788424168,40.937595073892666
2024-03-26 00:00:00,24.57743046676494,51.12443540246957,35.12510736308515
2024-03-26 01:00:00,28.42209423475913,52.07425689249627,51.57899609029154
2024-03-26 01:00:00,24.73343911586192,51.51129115780776,40.14483638254705
2024-03-26 01:00:00,26.080247913308646,51.22628229394916,40.76158148885151
2024-03-26 02:00:00,20.184937064686032,51.12020654254876,44.725622215973424
2024-03-26 02:00:00,26.805975828873624,53.364946199854174,42.212411524977306
2024-03-26 02:00:00,22.523109912762944,48.95589236726501,48.11512664329952
2024-03-26 03:00:00,22.97296562215312,41.89928089099682,52.79074344485002
2024-03-26 03:00:00,23.369555656067817,54.30966059823922,51.05776077096739
2024-03-26 03:00:00,22.502205596016875,43.07917685754098,54.899680277051246
2024-03-26 04:00:00,24.55483903431895,56.02713717228753,53.2058153313813
2024-03-26 04:00:00,23.612448878156727,62.205136232193865,49.508078855320726
2024-03-26 04:00:00,22.25468930220164,55.93345833431652,43.51208058004761
2024-03-26 05:00:00,19.756621497106416,39.91916572764556,49.22097212740883
2024-03-26 05:00:00,24.76234162764008,52.61097111843725,37.5567816234591
2024-03-26 05:00:00,23.082876742949185,61.63229750960119,50.20115144689092
2024-03-26 06:00:00,25.547030941899138,53.139760700671744,55.060917949618656
2024-03-26 06:00:00,26.333169828423383,39.36761696604167,45.57892235785126
2024-03-26 06:00:00,26.889072429712265,34.28512891462332,45.72140564493475
2024-03-26 07:00:00,20.52118956802176,45.73288495184856,46.674620502008125
2024-03-26 07:00:00,26.791108016669,54.25274961017169,43.10513078008666
2024-03-26 07:00:00,26.154265637553618,42.677394167501554,36.38735600389016
2024-03-26 08:00:00,23.62585975815185,50.723314009940985,45.857248797408346
2024-03-26 08:00:00,25.49556165455598,46.401212470926914,51.63054675642525
2024-03-26 08:00:00,24.749987426991392,57.81771626373708,40.12405040367285
2024-03-26 09:00:00,24.47393212834666,38.67162775077796,37.58465331167402
2024-03-26 09:00:00,21.76290078959624,48.26065777085395,48.45158035143375
2024-03-26 09:00:00,26.2164161039127,58.37469640977226,46.14262380537746
2024-03-26 10:00:00,23.42088599488789,56.29598743525933,49.885827647533645
2024-03-26 10:00:00,21.66539689159845,48.9292942321582,42.40318171858368
2024-03-26 10:00:00,23.058549845245057,53.48530338617356,36.78395361684572
2024-03-26 11:00:00,23.736356201384663,47.8203938767326,46.885094502967775
2024-03-26 11:00:00,22.706819634585838,49.6586524941199,44.959763225201584
2024-03-26 11:00:00,22.65770932732941,49.6145405800856,43.10031689065567
2024-03-26 12:00:00,23.232501152129785,51.55921061614867,38.10087843196693
2024-03-26 12:00:00,23.86149669771253,46.14525826324269,41.506630908121295
2024-03-26 12:00:00,23.0219509861782,52.97348673953161,39.609499247674215
2024-03-26 13:00:00,28.46609957124745,47.00853506590995,48.19633323026717
2024-03-26 13:00:00,26.08634909301832,45.960633399172245,39.706973360760905
2024-03-26 13:00:00,25.23268519807366,49.11256663017419,46.23973000927111
2024-03-26 14:00:00,27.22086673578663,53.204061855539656,50.21142016007112
2024-03-26 14:00:00,27.0456985650728,49.24953184619567,43.19776154826175
2024-03-26 14:00:00,23.881957461007318,47.18718894357609,45.78784454027677
2024-03-26 15:00:00,23.52625017246281,48.96986689720104,43.71801780473877
2024-03-26 15:00:00,24.7609056094641,50.12965288281583,47.80001307655765
2024-03-26 15:00:00,26.897954897899687,46.84882258401535,46.20733875817226
2024-03-26 16:00:00,25.64732054281332,56.54417350159067,55.04268605370299
2024-03-26 16:00:00,24.23972760518412,49.735689157728345,42.568657682069656
2024-03-26 16:00:00,25.03855736378721,51.091607386246544,45.922446361165406
2024-03-26 17:00:00,26.57829070568117,50.704025470712914,51.914583739291466
2024-03-26 17:00:00,26.00328000267473,38.12760375227264,48.27850175196114
2024-03-26 17:00:00,23.93004689496352,41.505197365273645,50.53340373741465
2024-03-26 18:00:00,23.43643833579561,61.47917140534695,43.90719940445909
2024-03-26 18:00:00,25.173107103021103,54.853152128018245,44.04372163797829
2024-03-26 18:00:00,25.67815965304303,57.08313729324614,44.88801767530246
2024-03-26 19:00:00,24.223427332891493,45.4098296824115,47.902201826087065
2024-03-26 19:00:00,19.128098411934864,47.58584367111246,42.44818513243659
2024-03-26 19:00:00,25.39572658367809,50.45545316757198,40.50084494732627
2024-03-26 20:00:00,21.18945735413729,48.72644482201054,49.720792666104295
2024-03-26 20:00:00,25.83664588912332,48.84050167147403,46.5547595717597
2024-03-26 20:00:00,21.40044016603641,44.20004338869703,44.23009333024402
2024-03-26 21:00:00,24.64492535921812,50.2047966896816,37.414420357365
2024-03-26 21:00:00,23.94753110893777,49.08583665214983,44.79377192484056
2024-03-26 21:00:00,23.583927990947902,58.12695984412504,48.6353507184378
2024-03-26 22:00:00,22.443712316941458,52.92717089410322,37.038972287767166
2024-03-26 22:00:00,25.64798741755874,44.90282719140993,45.31555395760245
2024-03-26 22:00:00,24.74378596204556,50.37612210805164,46.5796791878422
2024-03-26 23:00:00,21.822159326547087,54.8848452938185,44.28916131662128
2024-03-26 23:00:00,24.26611104093924,49.704721782581984,44.27287812607425
2024-03-26 23:00:00,19.460637306725232,43.55844188096739,48.02800965179804
2024-03-27 00:00:00,25.72556050296308,56.51373596712112,50.020672658778686
2024-03-27 00:00:00,23.306702552205728,47.23638038122488,45.639156801399096
2024-03-27 00:00:00,24.941990582218263,48.14848958625744,47.31551113354431
2024-03-27 01:00:00,22.228898736735403,57.684592033558864,37.67462359326092
2024-03-27 01:00:00,24.06854036628181,47.33911881324419,45.31756716563601
2024-03-27 01:00:00,27.397521690203703,54.04895504143193,51.08230490982344
2024-03-27 02:00:00,23.383428469360272,53.66170830362194,40.783746035015874
2024-03-27 02:00:00,19.16636854825971,52.65403664992524,52.03633811334403
2024-03-27 02:00:00,22.359641460429348,45.18549923838907,42.28228022735943
2024-03-27 03:00:00,24.074325114023445,50.38867173531159,40.25819309850086
2024-03-27 03:00:00,22.178843668710424,50.83463582215664,46.96831659927596
2024-03-27 03:00:00,24.07743051296261,39.66133804844888,46.67455472401024
2024-03-27 04:00:00,24.10690559085824,56.88313883164615,42.47275207594191
2024-03-27 04:00:00,24.2859490687926,54.66283369766664,38.9839754531625
2024-03-27 04:00:00,23.139498453699645,45.11044117076712,40.162631050159504
2024-03-27 05:00:00,27.37714261917178,46.39587550946092,41.94020887129101
2024-03-27 05:00:00,24.23914773494164,46.39865390085488,50.03818127030688
2024-03-27 05:00:00,20.457969375114075,52.80033427507056,43.22435105249637
2024-03-27 06:00:00,25.81173348670902,48.758198456930906,51.2968755377215
2024-03-27 06:00:00,23.959011598924626,52.22293049881465,50.53289076703054
2024-03-27 06:00:00,25.466415212311304,45.2703197846774,39.81963473993646
2024-03-27 07:00:00,22.99290509473656,54.77446583340439,38.76905054097104
2024-03-27 07:00:00,27.622513201452325,44.38920765497485,45.66647051134301
2024-03-27 07:00:00,23.045309907022425,55.35681837757163,35.768777875343616
2024-03-27 08:00:00,23.884167883708784,46.51477802433022,43.341679377581535
2024-03-27 08:00:00,25.82610424217864,55.67750766671104,38.760733264746015
2024-03-27 08:00:00,22.399255350543,50.91088733445016,51.39275271580522
2024-03-27 09:00:00,24.88728665622461,52.141072235878745,50.8162774859038
2024-03-27 09:00:00,24.802628344960716,54.36255787347906,43.31254695719031
2024-03-27 09:00:00,21.61340135294557,52.71054345057851,46.0035433266636
2024-03-27 10:00:00,26.982443311595524,55.995135901201365,39.657115072232166
2024-03-27 10:00:00,24.200533560442203,47.04380860128682,50.59359112792447
2024-03-27 10:00:00,27.466150653853987,52.4451165791645,44.8352367177591
2024-03-27 11:00:00,25.23445505505147,46.60970393818654,45.898222968328895
2024-03-27 11:00:00,21.905505256352207,43.86774894114741,49.21508053942994
2024-03-27 11:00:00,25.557049288346448,43.10159236852424,45.28637948596246
2024-03-27 12:00:00,22.575234417608694,47.56690359116004,48.74134680875571
2024-03-27 12:00:00,25.273289766378973,46.7219523631259,38.88250794139323
2024-03-27 12:00:00,23.63275296589056,47.97416872410825,44.61531307755316
2024-03-27 13:00:00,22.22576792911228,40.272286120227406,52.09114291003539
2024-03-27 13:00:00,26.9647602323532,44.966619477142935,47.09323647754794
2024-03-27 13:00:00,22.824558745924712,49.64032663771875,47.88749898284329
2024-03-27 14:00:00,27.399837311569737,46.10201676100821,43.68681645322809
2024-03-27 14:00:00,25.751149386194204,45.266905163803344,49.34828672510981
2024-03-27 14:00:00,25.2569067078156,49.885416307787125,52.06136331094325
2024-03-27 15:00:00,23.077158153345653,45.71495042069828,44.72765147764894
2024-03-27 15:00:00,25.75995940489413,43.572811929223455,44.0810451680746
2024-03-27 15:00:00,26.892785412131143,51.40135512545249,42.393544998762174
2024-03-27 16:00:00,24.03182626551856,39.21296324218064,48.870000356032
2024-03-27 16:00:00,25.130872852322952,38.1428552083853,42.07670776402214
2024-03-27 16:00:00,24.16238522094909,48.07354653061955,39.1074740466965
2024-03-27 17:00:00,23.73220053180252,53.89692561027851,41.23433459124925
2024-03-27 17:00:00,23.898443009742948,50.75885392692826,48.19664245349718
2024-03-27 17:00:00,20.607324202368204,51.10718724682755,44.90014452530177
2024-03-27 18:00:00,22.686601829680715,44.55409829125102,46.0455726783365
2024-03-27 18:00:00,22.61467616399788,47.557279633982056,42.55373069474294
2024-03-27 18:00:00,25.578793620172664,50.08668843467928,49.90106738533583
2024-03-27 19:00:00,21.88357305693811,54.663002926064216,44.35026180359928
2024-03-27 19:00:00,23.706341159758477,45.61196956642984,39.550920466546906
2024-03-27 19:00:00,24.31414278810302,50.22253070785608,51.3486508511791
2024-03-27 20:00:00,23.96009405084118,50.9013863077287,43.46777413522233
2024-03-27 20:00:00,24.20965648191381,51.48194165477985,41.80354041989936
2024-03-27 20:00:00,25.196034589907008,46.66597390077476,46.87063910400862
2024-03-27 21:00:00,24.584126730394797,39.77906600537352,45.887616958424296
2024-03-27 21:00:00,24.478927086109085,55.889282123143744,45.06368665930661
2024-03-27 21:00:00,24.046934942700982,47.372866422022845,48.39725013024978
2024-03-27 22:00:00,25.461044723126022,46.020507378744455,44.83252720930453
2024-03-27 22:00:00,26.07510605566033,56.88398519018138,50.85624333355949
2024-03-27 22:00:00,23.78806130377621,42.33097910389766,32.878174935686026
2024-03-27 23:00:00,22.494568543105093,52.034948579786935,43.43858893704702
2024-03-27 23:00:00,24.146995240331275,49.04680520584871,49.45790259977729
2024-03-27 23:00:00,26.35561680533539,53.27939780014388,44.42860712462521
2024-03-28 00:00:00,23.01285703308333,47.84028067871578,41.73697021945497
2024-03-28 00:00:00,23.83967417255521,53.33122542782802,43.95320422229191
2024-03-28 00:00:00,25.46795818951278,44.96850834106896,44.35181897025137
2024-03-28 01:00:00,28.568694685352668,47.14401146991927,40.55929236371935
2024-03-28 01:00:00,24.318901422690573,50.237343083204216,40.80691158822192
2024-03-28 01:00:00,27.788874587671867,56.30158585288698,43.422159163854445
2024-03-28 02:00:00,21.936430870043857,50.33436754096949,39.69357899451578
2024-03-28 02:00:00,26.761320797151864,59.71550614096089,44.11862110285072
2024-03-28 02:00:00,21.65635156615305,50.96204153872324,44.07584731765882
2024-03-28 03:00:00,27.35197951956613,53.47948389766847,52.74350982511807
2024-03-28 03:00:00,23.57767961083898,46.63897119630264,40.21460175152718
2024-03-28 03:00:00,24.5644922204056,49.86499586154174,37.89073905139635
2024-03-28 04:00:00,27.495160124183744,50.87409239765932,40.77255112565331
2024-03-28 04:00:00,19.67130190106846,44.65604969812553,43.4712644065309
2024-03-28 04:00:00,23.60350063755267,46.13194665764394,52.21534554119597
2024-03-28 05:00:00,26.339636083550708,47.48002826394206,49.57009323128456
2024-03-28 05:00:00,25.590272646656423,42.026302340181246,43.56630116223221
2024-03-28 05:00:00,22.409343635847275,53.65223428113848,38.31656191052411
2024-03-28 06:00:00,22.55845063896662,51.36462140440488,51.28887199260208
2024-03-28 06:00:00,24.568616499300333,47.10345785821844,61.44937399479567
2024-03-28 06:00:00,23.167589971944388,53.43564644804519,45.08963949249261
2024-03-28 07:00:00,25.00627760460376,52.44732791781527,42.92182761124355
2024-03-28 07:00:00,27.446980440314768,45.44795581951816,44.36508790793216
2024-03-28 07:00:00,23.99221830810136,50.2677115003136,42.14462747562878
2024-03-28 08:00:00,24.43273600785806,51.87144356812603,43.7661686403189
2024-03-28 08:00:00,23.35594538375355,51.93016706249265,46.60344033406911
2024-03-28 08:00:00,22.8717701919582,58.49269391866902,48.82980877430958
2024-03-28 09:00:00,24.496780755782844,46.680443777898034,44.37838681998282
2024-03-28 09:00:00,21.47155214659485,52.05124731000433,38.34093277161895
2024-03-28 09:00:00,25.036001386862356,54.724061335645125,44.64379953940631
2024-03-28 10:00:00,26.012198925785505,52.498340195865886,41.25693659214533
2024-03-28 10:00:00,22.042738292092363,38.01327279653424,39.14392186595797
2024-03-28 10:00:00,26.33119384953505,51.90343307383209,46.63463566797151
2024-03-28 11:00:00,22.94676546074814,55.86069315220844,45.49827178152338
2024-03-28 11:00:00,24.9638129322684,50.96667972751389,48.421219595831055
2024-03-28 11:00:00,26.01696197682957,53.57240544556957,53.818899492115264
2024-03-28 12:00:00,27.627597425969736,56.32169411739842,53.53239794157716
2024-03-28 12:00:00,24.61838516094034,37.740066792738006,49.11019415232463
2024-03-28 12:00:00,22.728595785599715,49.26716988704988,47.99675349520112
2024-03-28 13:00:00,26.27224692143281,50.2048251707262,45.08805711047411
2024-03-28 13:00:00,26.24574636301863,48.2259372050235,32.41250444843065
2024-03-28 13:00:00,20.03280427319814,54.47586950897432,38.819962229168496
2024-03-28 14:00:00,24.04889874358672,62.38270566759428,45.38714394444855
2024-03-28 14:00:00,23.939912988174544,45.21385524547554,39.21886693924308
2024-03-28 14:00:00,24.18138072887329,40.56170876112266,47.46702525637337
2024-03-28 15:00:00,23.9118058142518,46.1319298989446,46.13436076513842
2024-03-28 15:00:00,28.932301949735425,48.112153300934025,45.487803347575664
2024-03-28 15:00:00,23.42000755924026,52.00618456430826,36.10815034192207
2024-03-28 16:00:00,24.116879753575656,50.12065676463428,33.85766283844546
2024-03-28 16:00:00,24.158040461794613,56.03274628577054,44.51592187605918
2024-03-28 16:00:00,22.79127038629605,44.28717999584635,52.89018970563328
2024-03-28 17:00:00,24.811797098662307,48.78419463760977,46.97859933220802
2024-03-28 17:00:00,23.672118688266654,51.74756707264789,47.29672621748309
2024-03-28 17:00:00,24.44169029391126,51.1432444699426,39.81702310966951
2024-03-28 18:00:00,24.176018285335147,53.48689226585881,42.4059270762866
2024-03-28 18:00:00,24.705095218585956,50.673570798883325,42.33411706964034
2024-03-28 18:00:00,24.552698898626605,48.58551961324856,44.630849597723326
2024-03-28 19:00:00,23.31453726952695,47.42228609452288,45.20059133217343
2024-03-28 19:00:00,25.546673288422102,44.949199554259856,45.13054195570325
2024-03-28 19:00:00,25.08687527662113,39.3316552781236,34.859051147711924
2024-03-28 20:00:00,27.297286421843992,47.76614176884522,51.99791066787984
2024-03-28 20:00:00,24.539416683381617,53.35964651640138,42.152771947359405
2024-03-28 20:00:00,27.10779548713887,58.31159535046898,46.94512086642352
2024-03-28 21:00:00,25.35864763962836,58.31780259356078,49.14210915829978
2024-03-28 21:00:00,26.291087951969967,60.10495079491531,45.26372450803149
2024-03-28 21:00:00,23.69737316271213,55.21291543576142,44.77502495624169
2024-03-28 22:00:00,25.38788398416146,49.51486541153097,44.38088820867559
2024-03-28 22:00:00,23.66841215050696,51.4271049132841,45.06361707576474
2024-03-28 22:00:00,23.63747687283985,45.9752485711401,41.79128044963903
2024-03-28 23:00:00,20.26321230265571,52.63166811023669,49.26220880981533
2024-03-28 23:00:00,26.308566730686955,50.12796135573432,43.54508625969648
2024-03-28 23:00:00,23.76526203489592,46.98395936148395,46.923393067008384
2024-03-29 00:00:00,23.450109088051377,54.81506316585056,40.17273685890032
2024-03-29 00:00:00,21.39543389084176,49.26028888769688,47.59025716239283
2024-03-29 00:00:00,29.912462279073782,53.63011807120241,37.13611104432388
2024-03-29 01:00:00,20.721157373850826,50.35641442242322,53.64706453748299
2024-03-29 01:00:00,19.02831696514336,39.2337568032473,44.164955639713526
2024-03-29 01:00:00,28.1767600265792,57.97204759621521,45.04331511150104
2024-03-29 02:00:00,25.998589732142904,46.90641329494805,42.67967254294408
2024-03-29 02:00:00,24.133766602667592,68.05313116172194,48.493376295505335
2024-03-29 02:00:00,19.0477674359375,49.42036543175013,46.67302324729215
2024-03-29 03:00:00,22.450795840763192,61.32230363685232,40.58923448883552
2024-03-29 03:00:00,23.71048430519151,53.60408604210512,45.4437725917919
2024-03-29 03:00:00,22.96378635044686,40.699686659362,47.68954252972584
2024-03-29 04:00:00,23.61915236320077,48.50401748815269,42.54595467362773
2024-03-29 04:00:00,26.2809956244236,53.87485040222405,35.8877284356848
2024-03-29 04:00:00,27.37996344791612,53.08838439806333,47.9466491463763
2024-03-29 05:00:00,26.043899835770123,40.63256425218473,52.94783119687495
2024-03-29 05:00:00,20.78564042591733,52.22892937575398,41.89903100438428
2024-03-29 05:00:00,26.466806652834816,57.16308920396482,46.71821740157799
2024-03-29 06:00:00,24.924742496587527,49.29295295413468,51.04114286652021
2024-03-29 06:00:00,25.08244745251816,52.92452779595237,40.82594820167667
2024-03-29 06:00:00,23.67857640917303,50.82116628172511,38.936677507385
2024-03-29 07:00:00,24.600660263396147,50.736050964093394,49.62455503432493
2024-03-29 07:00:00,23.04449254723663,46.63772952942791,38.24278807395106
2024-03-29 07:00:00,24.950124897325885,46.94765525070477,43.35498321122249
2024-03-29 08:00:00,21.93355778478417,52.219516385316986,51.330427538762
2024-03-29 08:00:00,25.18659383737977,43.96449646035183,39.10577186190902
2024-03-29 08:00:00,20.95945364681201,57.07221589696276,45.13285690969245
2024-03-29 09:00:00,17.399539844544204,47.14146764150062,36.10109615798124
2024-03-29 09:00:00,23.173353367464365,38.886797646652,48.84141032386983
2024-03-29 09:00:00,23.62002820154942,53.14772953841443,43.55046339387227
2024-03-29 10:00:00,25.79352516696719,50.05030355634122,49.28537361313369
2024-03-29 10:00:00,26.43958795082933,48.14140463907246,44.54593123844404
2024-03-29 10:00:00,26.00835997956262,42.68653448928758,46.483060356499394
2024-03-29 11:00:00,21.45966437506661,53.64145221457035,43.99174842773453
2024-03-29 11:00:00,25.93380482397193,61.80605976503952,47.29672098380789
2024-03-29 11:00:00,24.39979922591647,58.52029911736667,44.4908015520889
2024-03-29 12:00:00,20.83197520125145,54.86967942634044,40.62031344923727
2024-03-29 12:00:00,27.827638348148515,51.715589639941214,44.98109000938358
2024-03-29 12:00:00,21.36010806650681,48.57833919834425,47.52420023003699
2024-03-29 13:00:00,22.632270790091383,48.8476249797687,48.83831728174607
2024-03-29 13:00:00,29.58722558708092,44.57750493769408,41.34715994170817
2024-03-29 13:00:00,24.141654496189872,57.35393869057517,55.8084982508482
2024-03-29 14:00:00,25.281780847663867,59.68838047244044,41.476926298978135
2024-03-29 14:00:00,21.613661182641337,52.86381318097443,42.67156400034241
2024-03-29 14:00:00,23.08807392398143,50.29944432931438,46.024690639550926
2024-03-29 15:00:00,24.307160259815717,50.382577329762015,45.06767144803747
2024-03-29 15:00:00,25.51433571794208,56.29074674720005,33.908453886975146
2024-03-29 15:00:00,23.18761098203644,47.42624231247567,54.22707667638497
2024-03-29 16:00:00,23.4903168231334,44.88384523673439,32.85519652093486
2024-03-29 16:00:00,25.05171380786632,42.30258182400802,44.285621580676704
2024-03-29 16:00:00,25.9305686781452,55.01365655555423,50.84427099354602
2024-03-29 17:00:00,26.482722339344125,45.573755363434834,40.91473007911279
2024-03-29 17:00:00,25.589172060543937,47.53774941284165,42.29327812079198
2024-03-29 17:00:00,25.4087728074927,45.6500217078365,43.39891774817189
2024-03-29 18:00:00,25.138042320047138,43.73937562630296,44.61651232432077
2024-03-29 18:00:00,25.21495153187135,43.57385641009016,47.90340255981514
2024-03-29 18:00:00,28.177384535705244,46.43428024751916,49.16647675240191
2024-03-29 19:00:00,21.341719265653865,55.70269871781672,41.76100232816644
2024-03-29 19:00:00,24.877591000448223,50.11705070743785,56.24737605116944
2024-03-29 19:00:00,26.01882990208765,43.79199540343772,55.17888192410141
2024-03-29 20:00:00,25.227338026047654,51.78295378851922,52.46829369814135
2024-03-29 20:00:00,24.17387713581217,49.1567315440785,40.16446370807406
2024-03-29 20:00:00,24.122054620163237,48.1268144072214,48.428947435757536
2024-03-29 21:00:00,23.7064941287372,58.2782181572076,45.16785478922955
2024-03-29 21:00:00,25.474801888637,44.64311474083396,45.07050801064245
2024-03-29 21:00:00,22.00301357892425,50.927277071043335,47.20047354561543
2024-03-29 22:00:00,25.397183598678154,56.90423736918228,54.77078727358648
2024-03-29 22:00:00,21.43437689256978,50.66766486008578,48.779727237191445
2024-03-29 22:00:00,22.591115079173623,47.651456939587554,38.38643134339178
2024-03-29 23:00:00,22.92586813527968,49.61208313120136,40.507254190859165
2024-03-29 23:00:00,25.863056505124025,49.09100283740509,46.21302296276401
2024-03-29 23:00:00,26.740291314513748,55.965543693766925,41.905227979372825
2024-03-30 00:00:00,23.45492381278874,50.607367013695686,46.81718175060779
2024-03-30 00:00:00,19.196457765166745,44.44812031455076,42.66450888812155
2024-03-30 00:00:00,22.36066423222428,52.88103543989947,48.64124242946445
2024-03-30 01:00:00,24.395781283562563,51.5211773594815,46.96868454802251
2024-03-30 01:00:00,22.04224407182182,55.27035595997238,45.52602783018824
2024-03-30 01:00:00,24.941123375603837,52.51694824159716,47.83394727856672
2024-03-30 02:00:00,22.799745401623515,51.96663453087832,40.04757712297629
2024-03-30 02:00:00,24.718364026558937,52.38928389992625,42.34855290561176
2024-03-30 02:00:00,21.819371786320303,48.90057926095573,44.57771603674431
2024-03-30 03:00:00,22.00669986274337,59.18827042040246,41.16810625348047
2024-03-30 03:00:00,24.85777880823384,52.4314835215156,49.39199364399826
2024-03-30 03:00:00,24.55498229157154,45.58662148593777,46.64000226215816
2024-03-30 04:00:00,21.06420212246641,48.18096577229759,50.56770890386102
2024-03-30 04:00:00,27.28734111881618,46.35378468396296,43.67845220098519
2024-03-30 04:00:00,24.0606928363412,50.7694512537208,47.49887734608669
2024-03-30 05:00:00,19.15745276646908,53.59673073220972,36.4060384588351
2024-03-30 05:00:00,23.80422960494368,54.069533496714335,51.27159069280456
2024-03-30 05:00:00,21.25609505613829,54.425694096058045,44.66980348467407
2024-03-30 06:00:00,21.270626399301648,49.60947520819485,53.27662379334095
2024-03-30 06:00:00,23.942794133242145,49.12532339908298,37.23723872727927
2024-03-30 06:00:00,23.079889926427164,43.723683517234406,44.75263050139371
2024-03-30 07:00:00,22.02396065168361,38.58741066742668,42.14737619610452
2024-03-30 07:00:00,27.250928790648263,51.760027612293726,44.96655415240208
2024-03-30 07:00:00,25.524762460264515,52.90816521769506,44.48849333521138
2024-03-30 08:00:00,19.658437917017217,45.07951083331229,41.117585560351856
2024-03-30 08:00:00,24.025050632309146,41.1341084601453,38.03960767176016
2024-03-30 08:00:00,24.47199587140778,57.26123121781074,42.70988640748367
2024-03-30 09:00:00,20.25868901001673,54.62448491051542,48.60216657260036
2024-03-30 09:00:00,21.06442647594776,49.42734875702579,49.94949154450814
2024-03-30 09:00:00,22.77757686577469,41.2680715800285,45.04751262358165
2024-03-30 10:00:00,20.97106222080457,48.84285799463751,38.51922367122009
2024-03-30 10:00:00,24.94489501663688,54.106334907777885,44.62153852068063
2024-03-30 10:00:00,21.040092258307865,59.85981591240145,47.163389463739456
2024-03-30 11:00:00,23.006425140726066,42.76458074933112,52.036363752599854
2024-03-30 11:00:00,24.371857731937997,46.64314563677535,40.32621337333868
2024-03-30 11:00:00,26.862861416608744,49.23971718720148,46.65148691824558
2024-03-30 12:00:00,28.35993760980544,48.20684846608215,40.66858921767138
2024-03-30 12:00:00,21.57796497871509,46.25346660899944,44.26512955479468
2024-03-30 12:00:00,26.35534710370665,44.80002061542499,50.07794056068772
2024-03-30 13:00:00,22.4517707713205,53.44193405725921,45.48049448715069
2024-03-30 13:00:00,22.03635715596806,45.980218762659455,42.08871798924107
2024-03-30 13:00:00,23.25740633690946,46.42769954253737,39.31697126891295
2024-03-30 14:00:00,24.023543107954826,42.520782355384206,43.95791734105211
2024-03-30 14:00:00,22.674890401564607,52.007182013466746,38.13252003239451
2024-03-30 14:00:00,23.392839088349596,50.70684273606796,47.63196431463783
2024-03-30 15:00:00,21.54155634927,54.01723415009591,45.82408949196798
2024-03-30 15:00:00,25.29208190961168,49.73591630321429,50.3013516914662
2024-03-30 15:00:00,25.628449024993166,46.74673518145041,46.23086834896263
2024-03-30 16:00:00,24.815000083134446,46.94626932947037,42.07645570322426
2024-03-30 16:00:00,23.335495946124663,49.08555309176312,46.523959353622914
2024-03-30 16:00:00,24.94105303475386,51.39513313869736,43.42618435164852
2024-03-30 17:00:00,23.48885044922368,42.00969282727806,47.045116717716695
2024-03-30 17:00:00,23.42538847319108,52.40232922789826,45.815682068185126
2024-03-30 17:00:00,26.673194917498844,50.66121554698747,48.662293296135005
2024-03-30 18:00:00,23.96959339252212,45.508437314023766,49.716287445410224
2024-03-30 18:00:00,25.429045685988832,53.695940124379774,45.1787708177807
2024-03-30 18:00:00,22.787308800498877,46.89489662027594,44.08274834089964
2024-03-30 19:00:00,21.693558097901825,42.8146506682778,43.62463163617208
2024-03-30 19:00:00,24.953635338470505,45.23973986805285,42.93067254174319
2024-03-30 19:00:00,24.954159886887425,53.23697537148418,45.31889628077563
2024-03-30 20:00:00,20.34967206113826,55.712042423068326,47.0041401205109
2024-03-30 20:00:00,25.832402184968057,53.62304775512189,47.62276847549055
2024-03-30 20:00:00,24.369378593538105,50.78783890346281,42.97853628946884
2024-03-30 21:00:00,22.107178998659958,49.20027145455241,38.11693433886409
2024-03-30 21:00:00,22.02907819981184,53.198076571226,38.49517985636967
2024-03-30 21:00:00,21.97134861900799,50.55068124094041,46.62626232841653
2024-03-30 22:00:00,23.80169207287893,57.8655930982911,45.43023944014428
2024-03-30 22:00:00,18.4025416997545,46.47355734844167,47.90386502867754
2024-03-30 22:00:00,24.79575019510402,47.15990559540389,42.90097812176349
2024-03-30 23:00:00,23.542547749969447,48.8131116995461,56.981877309984
2024-03-30 23:00:00,24.4304702796312,44.49012035927248,42.995324706168375
2024-03-30 23:00:00,22.822693352522464,54.91037323006697,38.57178678982864
